company_id,date,cash_inflow,cash_outflow,opening_balance,closing_balance,net_cash_flow,day_of_week,is_weekend,days_from_payday,salary_effect,future_30d_net_cash_flow
C001,2021-01-01,12517.41,49978.3,1520000.0,1482539.11,-37460.89,4,1,5,0.052369,-348836.79
C001,2021-01-02,16535.25,4737.28,1482539.11,1494337.08,11797.97,5,1,6,0.043659,-399055.41
C001,2021-01-03,30549.97,10591.13,1494337.08,1514295.92,19958.84,6,0,7,0.036396,-402665.67
C001,2021-01-04,30883.8,13988.93,1514295.92,1531190.79,16894.87,0,0,8,0.030338,-406629.8
C001,2021-01-05,29837.51,90747.25,1531190.79,1470281.05,-60909.74,1,0,9,0.025284,-328215.53
C001,2021-01-06,28240.59,15449.98,1470281.05,1483071.66,12790.61,2,0,10,0.021066,-473438.09
C001,2021-01-07,27309.27,12113.7,1483071.66,1498267.23,15195.57,3,0,11,0.017544,-480985.99
C001,2021-01-08,10492.73,5820.25,1498267.23,1502939.71,4672.48,4,1,12,0.014599,-471813.3
C001,2021-01-09,14138.37,7185.94,1502939.71,1509892.14,6952.43,5,1,13,0.012133,-465450.16
C001,2021-01-10,29297.18,32354.86,1509892.14,1506834.46,-3057.68,6,0,14,0.010062,-446970.35
C001,2021-01-11,29689.21,16238.39,1506834.46,1520285.28,13450.82,0,0,15,0.008313,-464854.7
C001,2021-01-12,27848.03,12297.54,1520285.28,1535835.77,15550.49,1,0,16,0.006826,-462364.31
C001,2021-01-13,27646.8,15419.34,1535835.77,1548063.23,12227.46,2,0,17,0.005543,-467527.5
C001,2021-01-14,27864.74,11355.53,1548063.23,1564572.44,16509.21,3,0,18,0.004416,-475551.33
C001,2021-01-15,10837.26,43186.53,1564572.44,1532223.17,-32349.27,4,1,19,0.003394,-430904.64
C001,2021-01-16,14397.02,6854.76,1532223.17,1539765.43,7542.26,5,1,20,0.002428,-428789.16
C001,2021-01-17,28583.09,14520.59,1539765.43,1553827.93,14062.5,6,0,21,0.001465,-427967.35
C001,2021-01-18,25331.21,16489.11,1553827.93,1562670.03,8842.1,0,0,22,0.000439,-424811.74
C001,2021-01-19,26261.97,11525.95,1562670.03,1577406.05,14736.02,1,0,23,-0.000725,-423227.91
C001,2021-01-20,26908.8,395284.62,1577406.05,1209030.23,-368375.82,2,0,24,-0.002127,-49217.64
C001,2021-01-21,28287.2,10496.34,1209030.23,1226821.09,17790.86,3,0,25,-0.003898,-59940.13
C001,2021-01-22,11788.42,5522.86,1226821.09,1233086.65,6265.56,4,1,26,-0.006216,-52675.29
C001,2021-01-23,14594.53,7307.79,1233086.65,1240373.39,7286.74,5,1,27,-0.009321,-49282.56
C001,2021-01-24,28499.73,12977.57,1240373.39,1255895.55,15522.16,6,0,28,-0.013547,-50542.66
C001,2021-01-25,26476.69,14850.97,1255895.55,1267521.27,11625.72,0,0,29,-0.019356,-53144.73
C001,2021-01-26,26978.86,11737.05,1267521.27,1282763.08,15241.81,1,0,30,-0.027389,-54937.07
C001,2021-01-27,29625.64,225866.34,1282763.08,1086522.38,-196240.7,2,0,0,0.129999,147159.08
C001,2021-01-28,31177.01,12426.63,1086522.38,1105272.76,18750.38,3,0,1,0.108386,-71509.88
C001,2021-01-29,12213.37,4976.36,1105272.76,1112509.77,7237.01,4,1,2,0.090366,-64343.3
C001,2021-01-30,14832.32,8311.31,1112509.77,1119030.78,6521.01,5,1,3,0.075342,-101841.95
C001,2021-01-31,29962.93,15291.39,1119030.78,1133702.32,14671.54,6,0,4,0.062814,-102845.81
C001,2021-02-01,25711.66,64132.31,1133702.32,1095281.67,-38420.65,0,0,5,0.052369,-56258.88
C001,2021-02-02,28639.01,12290.43,1095281.67,1111630.25,16348.58,1,0,6,0.043659,-55323.55
C001,2021-02-03,28953.51,16022.77,1111630.25,1124560.99,12930.74,2,0,7,0.036396,-142089.29
C001,2021-02-04,28050.63,10546.1,1124560.99,1142065.52,17504.53,3,0,8,0.030338,-151788.03
C001,2021-02-05,11479.84,143911.79,1142065.52,1009633.57,-132431.95,4,1,9,0.025284,-6846.71
C001,2021-02-06,15224.9,7577.23,1009633.57,1017281.24,7647.67,5,1,10,0.021066,-3369.19
C001,2021-02-07,29162.37,15317.2,1017281.24,1031126.41,13845.17,6,0,11,0.017544,-1160.09
C001,2021-02-08,29071.54,15755.97,1031126.41,1044441.98,13315.57,0,0,12,0.014599,-20383.51
C001,2021-02-09,26632.53,11210.4,1044441.98,1059864.11,15422.13,1,0,13,0.012133,-19660.67
C001,2021-02-10,27102.04,31535.57,1059864.11,1055430.58,-4433.53,2,0,14,0.010062,-8800.64
C001,2021-02-11,29645.03,11604.15,1055430.58,1073471.46,18040.88,3,0,15,0.008313,-20964.48
C001,2021-02-12,11999.35,4935.08,1073471.46,1080535.73,7064.27,4,1,16,0.006826,-13405.12
C001,2021-02-13,15566.19,7080.81,1080535.73,1089021.11,8485.38,5,1,17,0.005543,-9956.24
C001,2021-02-14,26911.97,14614.55,1089021.11,1101318.53,12297.42,6,0,18,0.004416,-8450.85
C001,2021-02-15,26656.96,16999.22,1101318.53,1110976.27,9657.74,0,0,19,0.003394,-9092.42
C001,2021-02-16,26877.63,11993.32,1110976.27,1125860.58,14884.31,1,0,20,0.002428,-9115.67
C001,2021-02-17,27102.64,15104.93,1125860.58,1137858.29,11997.71,2,0,21,0.001465,-14712.62
C001,2021-02-18,26813.38,10493.53,1137858.29,1154178.14,16319.85,3,0,22,0.000439,-23301.65
C001,2021-02-19,11010.4,5375.95,1154178.14,1159812.59,5634.45,4,1,23,-0.000725,-16406.88
C001,2021-02-20,13955.19,6886.82,1159812.59,1166880.96,7068.37,5,1,24,-0.002127,-14517.78
C001,2021-02-21,27374.95,13844.55,1166880.96,1180411.36,13530.4,6,0,25,-0.003898,-13987.96
C001,2021-02-22,27132.16,16452.69,1180411.36,1191090.83,10679.47,0,0,26,-0.006216,-14745.55
C001,2021-02-23,26603.74,12341.68,1191090.83,1205352.89,14262.06,1,0,27,-0.009321,-11988.87
C001,2021-02-24,24991.06,15967.41,1205352.89,1214376.54,9023.65,2,0,28,-0.013547,-15343.2
C001,2021-02-25,25326.05,11876.58,1214376.54,1227826.01,13449.47,3,0,29,-0.019356,-231441.49
C001,2021-02-26,11100.28,5244.83,1227826.01,1233681.46,5855.45,4,1,30,-0.027389,-225241.99
C001,2021-02-27,15770.79,215689.37,1233681.46,1033762.88,-199918.58,5,1,0,0.129997,-19190.89
C001,2021-02-28,29843.71,15440.12,1033762.88,1048166.47,14403.59,6,0,1,0.108383,-21519.47
C001,2021-03-01,29833.66,60811.3,1048166.47,1017188.83,-30977.64,0,0,2,0.090362,17928.46
C001,2021-03-02,26002.83,12335.15,1017188.83,1030856.51,13667.68,1,0,3,0.075336,-28583.79
C001,2021-03-03,25342.32,17176.04,1030856.51,1039022.79,8166.28,2,0,4,0.062806,-32387.3
C001,2021-03-04,28823.07,11539.16,1039022.79,1056306.7,17283.91,3,0,5,0.052357,-43934.53
C001,2021-03-05,12153.62,85988.62,1056306.7,982471.7,-73835.0,4,1,6,0.043643,39609.88
C001,2021-03-06,15185.2,7379.41,982471.7,990277.49,7805.79,5,1,7,0.036373,-41253.5
C001,2021-03-07,28025.23,15515.86,990277.49,1002786.86,12509.37,6,0,8,0.030306,-40403.65
C001,2021-03-08,27225.94,16100.75,1002786.86,1013912.05,11125.19,0,0,9,0.02524,-43836.46
C001,2021-03-09,27323.94,11269.67,1013912.05,1029966.32,16054.27,1,0,10,0.021005,-46540.19
C001,2021-03-10,26507.19,32415.04,1029966.32,1024058.47,-5907.85,2,0,11,0.017459,-34738.6
C001,2021-03-11,27756.83,11611.86,1024058.47,1040203.44,16144.97,3,0,12,0.01448,-60769.06
C001,2021-03-12,11476.1,5049.6,1040203.44,1046629.94,6426.5,4,1,13,0.011967,-54402.01
C001,2021-03-13,13545.0,7667.96,1046629.94,1052506.98,5877.04,5,1,14,0.00983,-52476.13
C001,2021-03-14,27612.8,12989.17,1052506.98,1067130.61,14623.63,6,0,15,0.00799,-56865.31
C001,2021-03-15,25962.99,14028.73,1067130.61,1079064.87,11934.26,0,0,16,0.006374,-61882.08
C001,2021-03-16,25415.18,11612.37,1079064.87,1092867.68,13802.81,1,0,17,0.004913,-102404.65
C001,2021-03-17,25520.1,16503.93,1092867.68,1101883.85,9016.17,2,0,18,0.003536,-107227.88
C001,2021-03-18,26028.79,11167.73,1101883.85,1116744.91,14861.06,3,0,19,0.002167,-116839.9
C001,2021-03-19,12048.45,5647.69,1116744.91,1123145.67,6400.76,4,1,20,0.000715,-110261.02
C001,2021-03-20,15211.44,7480.62,1123145.67,1130876.49,7730.82,5,1,21,-0.000926,-106980.05
C001,2021-03-21,27389.22,14860.0,1130876.49,1143405.71,12529.22,6,0,22,-0.002897,-110071.64
C001,2021-03-22,26864.7,17907.23,1143405.71,1152363.18,8957.47,0,0,23,-0.005381,-110406.03
C001,2021-03-23,26253.99,12193.77,1152363.18,1166423.4,14060.22,1,0,24,-0.008625,-112498.94
C001,2021-03-24,27305.37,17383.49,1166423.4,1176345.28,9921.88,2,0,25,-0.012967,-118665.22
C001,2021-03-25,29283.41,12264.67,1176345.28,1193364.02,17018.74,3,0,26,-0.018873,-130312.59
C001,2021-03-26,11411.62,5742.3,1193364.02,1199033.34,5669.32,4,1,27,-0.026985,-127624.06
C001,2021-03-27,14758.04,217406.86,1199033.34,996384.52,-202648.82,5,1,0,0.129999,81602.44
C001,2021-03-28,28895.66,16840.71,996384.52,1008439.47,12054.95,6,0,1,0.108386,-130139.27
C001,2021-03-29,27257.54,21125.02,1008439.47,1014571.99,6132.52,0,0,2,0.090366,-127792.62
C001,2021-03-30,27591.49,15516.48,1014571.99,1026647.0,12075.01,1,0,3,0.075342,-125173.29
C001,2021-03-31,26028.45,17558.16,1026647.0,1035117.29,8470.29,2,0,4,0.062814,-127806.57
C001,2021-04-01,26906.9,59751.47,1035117.29,1002272.72,-32844.57,3,0,5,0.052369,-134595.34
C001,2021-04-02,11348.77,6986.0,1002272.72,1006635.49,4362.77,4,1,6,0.043659,-125939.34
C001,2021-04-03,13978.15,8241.47,1006635.49,1012372.17,5736.68,5,1,7,0.036396,-121633.26
C001,2021-04-04,28073.95,18364.54,1012372.17,1022081.58,9709.41,6,0,8,0.030338,-118064.47
C001,2021-04-05,26826.21,99883.8,1022081.58,949023.99,-73057.59,0,0,9,0.025284,-117033.37
C001,2021-04-06,25564.07,12204.85,949023.99,962383.21,13359.22,1,0,10,0.021066,-118802.44
C001,2021-04-07,24275.7,16583.32,962383.21,970075.59,7692.38,2,0,11,0.017544,-122723.17
C001,2021-04-08,26220.33,12869.79,970075.59,983426.13,13350.54,3,0,12,0.014599,-130496.97
C001,2021-04-09,11327.76,5434.02,983426.13,989319.87,5893.74,4,1,13,0.012133,-127540.16
C001,2021-04-10,14913.16,24798.65,989319.87,979434.38,-9885.49,5,1,14,0.010062,-127342.53
C001,2021-04-11,28124.1,15330.55,979434.38,992227.93,12793.55,6,0,15,0.008313,-131482.92
C001,2021-04-12,24768.17,16965.25,992227.93,1000030.85,7802.92,0,0,16,0.006826,-137372.91
C001,2021-04-13,21329.88,11095.43,1000030.85,1010265.3,10234.45,1,0,17,0.005543,-137924.43
C001,2021-04-14,22263.54,15346.05,1010265.3,1017182.79,6917.49,2,0,18,0.004416,-141967.8
C001,2021-04-15,23345.38,50065.14,1017182.79,990463.03,-26719.76,3,0,19,0.003394,-111526.91
C001,2021-04-16,9254.62,5061.68,990463.03,994655.97,4192.94,4,1,20,0.002428,-107412.22
C001,2021-04-17,11534.82,6285.78,994655.97,999905.01,5249.04,5,1,21,0.001465,-102074.17
C001,2021-04-18,25797.01,12817.37,999905.01,1012884.65,12979.64,6,0,22,0.000439,-101846.12
C001,2021-04-19,24494.51,13482.72,1012884.65,1023896.44,11011.79,0,0,23,-0.000725,-102034.21
C001,2021-04-20,21287.42,11849.79,1023896.44,1033334.07,9437.63,1,0,24,-0.002127,-95854.1
C001,2021-04-21,22889.33,14266.25,1033334.07,1041957.15,8623.08,2,0,25,-0.003898,-97900.83
C001,2021-04-22,21960.84,9993.53,1041957.15,1053924.46,11967.31,3,0,26,-0.006216,-101978.3
C001,2021-04-23,8808.85,5053.25,1053924.46,1057680.06,3755.6,4,1,27,-0.009321,-90234.37
C001,2021-04-24,11625.29,6253.92,1057680.06,1063051.43,5371.37,5,1,28,-0.013547,-85146.56
C001,2021-04-25,21413.23,13055.38,1063051.43,1071409.28,8357.85,6,0,29,-0.019356,-78788.78
C001,2021-04-26,20290.33,13712.65,1071409.28,1077986.96,6577.68,0,0,30,-0.027389,-75846.53
C001,2021-04-27,22311.94,221998.7,1077986.96,878300.2,-199686.76,1,0,0,0.129998,-64811.3
C001,2021-04-28,22575.73,14096.56,878300.2,886779.37,8479.17,2,0,1,0.108385,-66765.07
C001,2021-04-29,24304.94,9610.6,886779.37,901473.71,14694.34,3,0,2,0.090365,-73991.33
C001,2021-04-30,10053.42,4216.41,901473.71,907310.72,5837.01,4,1,3,0.07534,-66897.99
C001,2021-05-01,13023.3,52656.64,907310.72,867677.38,-39633.34,5,1,4,0.062813,-14844.71
C001,2021-05-02,25491.12,12472.35,867677.38,880696.15,13018.77,6,0,5,0.052366,-59042.63
C001,2021-05-03,22757.57,12714.81,880696.15,890738.91,10042.76,0,0,6,0.043655,-60464.7
C001,2021-05-04,22884.27,9606.07,890738.91,904017.11,13278.2,1,0,7,0.03639,-61184.34
C001,2021-05-05,21406.49,93432.98,904017.11,831990.62,-72026.49,2,0,8,0.03033,15733.17
C001,2021-05-06,21807.31,10217.16,831990.62,843580.77,11590.15,3,0,9,0.025274,-70114.02
C001,2021-05-07,9214.19,5442.54,843580.77,847352.42,3771.65,4,1,10,0.021052,-62075.91
C001,2021-05-08,11982.13,6405.39,847352.42,852929.16,5576.74,5,1,11,0.017524,-57767.88
C001,2021-05-09,22343.16,13492.61,852929.16,861779.71,8850.55,6,0,12,0.014572,-53899.77
C001,2021-05-10,20828.76,30516.62,861779.71,852091.85,-9687.86,0,0,13,0.012095,-34671.86
C001,2021-05-11,18435.45,9782.29,852091.85,860745.01,8653.16,1,0,14,0.010009,-46840.1
C001,2021-05-12,15048.62,13135.69,860745.01,862657.94,1912.93,2,0,15,0.008239,-43450.91
C001,2021-05-13,18910.74,9227.81,862657.94,872340.87,9682.93,3,0,16,0.006722,-46379.62
C001,2021-05-14,7440.04,4565.92,872340.87,875214.99,2874.12,4,1,17,0.005398,-37280.09
C001,2021-05-15,9676.74,5955.61,875214.99,878936.12,3721.13,5,1,18,0.004213,-32481.38
C001,2021-05-16,19860.02,11552.39,878936.12,887243.75,8307.63,6,0,19,0.003111,-27973.46
C001,2021-05-17,22145.71,11558.62,887243.75,897830.84,10587.09,0,0,20,0.002034,-29629.12
C001,2021-05-18,23013.8,9806.11,897830.84,911038.53,13207.69,1,0,21,0.000914,-27704.88
C001,2021-05-19,23360.97,12537.27,911038.53,921862.23,10823.7,2,0,22,-0.000329,-33575.53
C001,2021-05-20,25673.44,10055.7,921862.23,937479.97,15617.74,3,0,23,-0.001797,-43053.35
C001,2021-05-21,11417.83,4841.48,937479.97,944056.32,6576.35,4,1,24,-0.003623,-36789.82
C001,2021-05-22,14549.4,6659.56,944056.32,951946.16,7889.84,5,1,25,-0.005986,-34341.2
C001,2021-05-23,28340.36,12840.83,951946.16,967445.69,15499.53,6,0,26,-0.00913,-36949.44
C001,2021-05-24,25234.98,14775.8,967445.69,977904.87,10459.18,0,0,27,-0.013388,-40079.06
C001,2021-05-25,25981.17,11265.54,977904.87,992620.5,14715.63,1,0,28,-0.019223,-39991.61
C001,2021-05-26,23578.32,14058.39,992620.5,1002140.43,9519.93,2,0,29,-0.027278,-44949.04
C001,2021-05-27,29583.82,218235.35,1002140.43,813488.9,-188651.53,3,0,0,0.129999,148455.36
C001,2021-05-28,12220.66,5695.26,813488.9,820014.3,6525.4,4,1,1,0.108386,-49615.25
C001,2021-05-29,14211.95,6743.87,820014.3,827482.38,7468.08,5,1,2,0.090366,-44617.77
C001,2021-05-30,26958.81,14028.46,827482.38,840412.73,12930.35,6,0,3,0.075342,-45110.33
C001,2021-05-31,27839.04,15419.1,840412.73,852832.67,12419.94,0,0,4,0.062814,-46621.88
C001,2021-06-01,27473.09,58652.24,852832.67,821653.52,-31179.15,1,0,5,0.052369,-45712.12
C001,2021-06-02,25461.51,16840.82,821653.52,830274.21,8620.69,2,0,6,0.043659,-48952.9
C001,2021-06-03,24513.97,11955.41,830274.21,842832.77,12558.56,3,0,7,0.036396,-55928.46
C001,2021-06-04,9950.3,5059.28,842832.77,847723.79,4891.02,4,1,8,0.030338,-48980.68
C001,2021-06-05,13472.04,87729.08,847723.79,773466.75,-74257.04,5,1,9,0.025284,-44091.56
C001,2021-06-06,25210.67,13400.91,773466.75,785276.51,11809.76,6,0,10,0.021066,-41662.39
C001,2021-06-07,25138.12,15253.35,785276.51,795161.28,9884.77,0,0,11,0.017544,-41918.72
C001,2021-06-08,24121.13,11402.47,795161.28,807879.94,12718.66,1,0,12,0.014599,-38944.51
C001,2021-06-09,25008.51,15468.46,807879.94,817419.99,9540.05,2,0,13,0.012133,-43082.37
C001,2021-06-10,26956.66,30471.74,817419.99,813904.91,-3515.08,3,0,14,0.010062,-58938.79
C001,2021-06-11,10538.21,5236.09,813904.91,819207.03,5302.12,4,1,15,0.008313,-52654.66
C001,2021-06-12,13312.3,6558.08,819207.03,825961.25,6754.22,5,1,16,0.006826,-48826.48
C001,2021-06-13,25277.55,13303.9,825961.25,837934.9,11973.65,6,0,17,0.005543,-48089.88
C001,2021-06-14,24371.49,15851.65,837934.9,846454.74,8519.84,0,0,18,0.004416,-47427.36
C001,2021-06-15,25021.91,12206.36,846454.74,859270.29,12815.55,1,0,19,0.003394,-87284.49
C001,2021-06-16,22356.16,13424.73,859270.29,868201.72,8931.43,2,0,20,0.002428,-90816.38
C001,2021-06-17,24626.94,9495.01,868201.72,883333.65,15131.93,3,0,21,0.001465,-100347.28
C001,2021-06-18,10098.23,5145.18,883333.65,888286.7,4953.05,4,1,22,0.000439,-94818.09
C001,2021-06-19,12697.25,6557.33,888286.7,894426.62,6139.92,5,1,23,-0.000725,-96640.36
C001,2021-06-20,24849.29,12009.41,894426.62,907266.5,12839.88,6,0,24,-0.002127,-101995.6
C001,2021-06-21,25111.46,14773.0,907266.5,917604.96,10338.46,0,0,25,-0.003898,-110254.39
C001,2021-06-22,24373.8,11482.51,917604.96,930496.25,12891.29,1,0,26,-0.006216,-114882.92
C001,2021-06-23,23565.13,16235.57,930496.25,937825.81,7329.56,2,0,27,-0.009321,-119138.83
C001,2021-06-24,24549.49,9746.41,937825.81,952628.89,14803.08,3,0,28,-0.013547,-128657.72
C001,2021-06-25,9320.56,4758.06,952628.89,957191.39,4562.5,4,1,29,-0.019356,-121552.96
C001,2021-06-26,11299.07,6546.2,957191.39,961944.26,4752.87,5,1,30,-0.027389,-116088.74
C001,2021-06-27,26694.96,218240.17,961944.26,770399.05,-191545.21,6,0,0,0.129998,-111380.7
C001,2021-06-28,26937.0,14471.44,770399.05,782864.61,12465.56,0,0,1,0.108385,-110813.96
C001,2021-06-29,24422.62,11984.83,782864.61,795302.4,12437.79,1,0,2,0.090365,-106107.63
C001,2021-06-30,24607.94,13699.55,795302.4,806210.79,10908.39,2,0,3,0.07534,-111358.83
C001,2021-07-01,26056.66,56326.05,806210.79,775941.4,-30269.39,3,0,4,0.062813,-73808.46
C001,2021-07-02,10309.25,4929.34,775941.4,781321.31,5379.91,4,1,5,0.052366,-112878.5
C001,2021-07-03,12948.57,7365.57,781321.31,786904.31,5583.0,5,1,6,0.043655,-107239.09
C001,2021-07-04,26176.99,14338.19,786904.31,798743.11,11838.8,6,0,7,0.03639,-103061.82
C001,2021-07-05,26758.73,96126.65,798743.11,729375.19,-69367.92,0,0,8,0.03033,-23650.22
C001,2021-07-06,26183.68,11944.75,729375.19,743614.12,14238.93,1,0,9,0.025274,-100943.46
C001,2021-07-07,25053.8,15425.36,743614.12,753242.56,9628.44,2,0,10,0.021052,-105456.39
C001,2021-07-08,25461.86,9768.99,753242.56,768935.43,15692.87,3,0,11,0.017524,-115262.46
C001,2021-07-09,11017.82,5615.63,768935.43,774337.62,5402.19,4,1,12,0.014572,-111914.62
C001,2021-07-10,13765.94,33137.44,774337.62,754966.12,-19371.5,5,1,13,0.012095,-85037.71
C001,2021-07-11,26750.22,15163.97,754966.12,766552.37,11586.25,6,0,14,0.010009,-105905.62
C001,2021-07-12,26468.66,15886.26,766552.37,777134.77,10582.4,0,0,15,0.008239,-109641.31
C001,2021-07-13,23478.35,10768.1,777134.77,789845.02,12710.25,1,0,16,0.006722,-109277.07
C001,2021-07-14,22294.71,13112.35,789845.02,799027.38,9182.36,2,0,17,0.005398,-113261.0
C001,2021-07-15,24287.02,51328.6,799027.38,771985.8,-27041.58,3,0,18,0.004213,-82082.31
C001,2021-07-16,10259.98,4860.44,771985.8,777385.34,5399.54,4,1,19,0.003111,-76417.03
C001,2021-07-17,12844.39,7243.36,777385.34,782986.37,5601.03,5,1,20,0.002034,-72521.69
C001,2021-07-18,22730.53,12248.29,782986.37,793468.61,10482.24,6,0,21,0.000914,-70743.9
C001,2021-07-19,18917.88,14600.23,793468.61,797786.26,4317.65,0,0,22,-0.000329,-66424.56
C001,2021-07-20,17704.19,10219.55,797786.26,805270.9,7484.64,1,0,23,-0.001797,-61467.28
C001,2021-07-21,16989.5,14909.83,805270.9,807350.57,2079.67,2,0,24,-0.003623,-58779.28
C001,2021-07-22,17882.34,9619.58,807350.57,815613.33,8262.76,3,0,25,-0.005986,-61846.81
C001,2021-07-23,7687.39,4613.74,815613.33,818686.98,3073.65,4,1,26,-0.00913,-54830.42
C001,2021-07-24,10542.81,5258.62,818686.98,823971.17,5284.19,5,1,27,-0.013388,-49785.25
C001,2021-07-25,23494.11,11826.85,823971.17,835638.43,11667.26,6,0,28,-0.019223,-47828.17
C001,2021-07-26,22758.03,12540.94,835638.43,845855.52,10217.09,0,0,29,-0.027278,-48837.44
C001,2021-07-27,28095.81,214932.98,845855.52,659018.35,-186837.17,1,0,0,0.129999,154012.87
C001,2021-07-28,26677.9,13645.6,659018.35,672050.65,13032.3,2,0,1,0.108386,-64653.02
C001,2021-07-29,27278.19,10134.07,672050.65,689194.77,17144.12,3,0,2,0.090366,-73635.35
C001,2021-07-30,10438.38,4781.19,689194.77,694851.96,5657.19,4,1,3,0.075342,-59679.97
C001,2021-07-31,13429.83,6148.85,694851.96,702132.94,7280.98,5,1,4,0.062814,-50428.55
C001,2021-08-01,26631.22,60321.35,702132.94,668442.81,-33690.13,6,0,5,0.052369,916.54
C001,2021-08-02,27260.29,16037.88,668442.81,679665.22,11222.41,0,0,6,0.043659,-44992.42
C001,2021-08-03,27714.91,11698.84,679665.22,695681.29,16016.07,1,0,7,0.036396,-45147.5
C001,2021-08-04,25419.02,15375.34,695681.29,705724.97,10043.68,2,0,8,0.030338,-49812.72
C001,2021-08-05,29409.71,92464.02,705724.97,642670.66,-63054.31,3,0,9,0.025284,21188.18
C001,2021-08-06,10980.72,5865.21,642670.66,647786.17,5115.51,4,1,10,0.021066,-50179.09
C001,2021-08-07,14362.55,8475.75,647786.17,653672.97,5886.8,5,1,11,0.017544,-45499.81
C001,2021-08-08,26067.45,17317.42,653672.97,662423.0,8750.03,6,0,12,0.014599,-39039.92
C001,2021-08-09,26087.4,18581.99,662423.0,669928.41,7505.41,0,0,13,0.012133,-36820.17
C001,2021-08-10,27243.43,36525.09,669928.41,660646.75,-9281.66,1,0,14,0.010062,-9743.36
C001,2021-08-11,25599.84,18753.13,660646.75,667493.46,6846.71,2,0,15,0.008313,-29990.06
C001,2021-08-12,26170.6,13096.11,667493.46,680567.95,13074.49,3,0,16,0.006826,-36001.21
C001,2021-08-13,10353.93,5155.5,680567.95,685766.38,5198.43,4,1,17,0.005543,-27194.5
C001,2021-08-14,13128.26,8991.15,685766.38,689903.49,4137.11,5,1,18,0.004416,-24527.23
C001,2021-08-15,27325.55,16260.73,689903.49,700968.31,11064.82,6,0,19,0.003394,-22368.64
C001,2021-08-16,27009.93,17513.56,700968.31,710464.68,9496.37,0,0,20,0.002428,-22935.46
C001,2021-08-17,25562.99,13302.96,710464.68,722724.71,12260.03,1,0,21,0.001465,-20106.21
C001,2021-08-18,24838.85,16201.86,722724.71,731361.7,8636.99,2,0,22,0.000439,-21762.54
C001,2021-08-19,25921.81,13479.89,731361.7,743803.62,12441.92,3,0,23,-0.000725,-26768.17
C001,2021-08-20,10804.75,6037.08,743803.62,748571.29,4767.67,4,1,24,-0.002127,-19768.27
C001,2021-08-21,13267.18,8071.95,748571.29,753766.52,5195.23,5,1,25,-0.003898,-16405.11
C001,2021-08-22,25943.05,15853.01,753766.52,763856.56,10090.04,6,0,26,-0.006216,-10937.49
C001,2021-08-23,27964.17,17634.81,763856.56,774185.92,10329.36,0,0,27,-0.009321,-6712.22
C001,2021-08-24,26168.02,12543.68,774185.92,787810.26,13624.34,1,0,28,-0.013547,-4119.68
C001,2021-08-25,24694.38,15486.56,787810.26,797018.08,9207.82,2,0,29,-0.019356,-7121.46
C001,2021-08-26,27160.39,11147.25,797018.08,813031.22,16013.14,3,0,30,-0.027389,-15023.93
C001,2021-08-27,12706.04,218339.63,813031.22,607397.63,-205633.59,4,1,0,0.129999,205156.12
C001,2021-08-28,15805.82,7644.03,607397.63,615559.42,8161.79,5,1,1,0.108386,5308.21
C001,2021-08-29,33011.43,13398.86,615559.42,635171.99,19612.57,6,0,2,0.090366,6360.5
C001,2021-08-30,32961.46,16429.06,635171.99,651704.39,16532.4,0,0,3,0.075342,4356.28
C001,2021-08-31,30040.81,12385.85,651704.39,669359.35,17654.96,1,0,4,0.062814,7635.81
C001,2021-09-01,28180.59,62867.14,669359.35,634672.8,-34686.55,2,0,5,0.052369,3285.68
C001,2021-09-02,29312.18,13451.19,634672.8,650533.79,15860.99,3,0,6,0.043659,-4172.55
C001,2021-09-03,11631.99,6253.53,650533.79,655912.25,5378.46,4,1,7,0.036396,8460.01
C001,2021-09-04,15602.98,7656.39,655912.25,663858.84,7946.59,5,1,8,0.030338,18197.58
C001,2021-09-05,30175.12,96426.88,663858.84,597607.08,-66251.76,6,0,9,0.025284,23622.27
C001,2021-09-06,27798.63,17232.55,597607.08,608173.16,10566.08,0,0,10,0.021066,26836.93
C001,2021-09-07,28309.15,13099.23,608173.16,623383.08,15209.92,1,0,11,0.017544,30598.17
C001,2021-09-08,26451.57,16726.41,623383.08,633108.24,9725.16,2,0,12,0.014599,27157.91
C001,2021-09-09,29574.94,11779.79,633108.24,650903.39,17795.15,3,0,13,0.012133,17504.24
C001,2021-09-10,11722.89,25122.88,650903.39,637503.4,-13399.99,4,1,14,0.010062,29431.84
C001,2021-09-11,15460.82,8397.48,637503.4,644566.74,7063.34,5,1,15,0.008313,37151.11
C001,2021-09-12,30750.8,16745.66,644566.74,658571.88,14005.14,6,0,16,0.006826,40976.74
C001,2021-09-13,27237.98,20433.6,658571.88,665376.26,6804.38,0,0,17,0.005543,48520.56
C001,2021-09-14,27821.02,14597.61,665376.26,678599.67,13223.41,1,0,18,0.004416,50490.83
C001,2021-09-15,27917.84,18988.29,678599.67,687529.22,8929.55,2,0,19,0.003394,7688.47
C001,2021-09-16,29140.1,14050.82,687529.22,702618.5,15089.28,3,0,20,0.002428,192.79
C001,2021-09-17,12808.36,5827.7,702618.5,709599.16,6980.66,4,1,21,0.001465,10571.42
C001,2021-09-18,15405.85,7969.56,709599.16,717035.45,7436.29,5,1,22,0.000439,18195.93
C001,2021-09-19,28837.35,17069.78,717035.45,728803.02,11767.57,6,0,23,-0.000725,21864.54
C001,2021-09-20,26139.44,17581.05,728803.02,737361.41,8558.39,0,0,24,-0.002127,23699.54
C001,2021-09-21,29006.28,13448.62,737361.41,752919.07,15557.66,1,0,25,-0.003898,22058.64
C001,2021-09-22,31376.74,16822.11,752919.07,767473.7,14554.63,2,0,26,-0.006216,13990.8
C001,2021-09-23,28789.5,12572.62,767473.7,783690.58,16216.88,3,0,27,-0.009321,5017.73
C001,2021-09-24,12404.1,6198.06,783690.58,789896.62,6206.04,4,1,28,-0.013547,14367.36
C001,2021-09-25,16126.83,8016.16,789896.62,798007.29,8110.67,5,1,29,-0.019356,17421.98
C001,2021-09-26,30716.39,16169.93,798007.29,812553.75,14546.46,6,0,30,-0.027389,17141.69
C001,2021-09-27,35820.23,227506.35,812553.75,620867.63,-191686.12,0,0,0,0.129998,21133.32
C001,2021-09-28,33310.54,12645.68,620867.63,641532.49,20664.86,1,0,1,0.108385,24840.71
C001,2021-09-29,31995.58,17467.4,641532.49,656060.67,14528.18,2,0,2,0.090365,18061.51
C001,2021-09-30,32776.72,11842.23,656060.67,676995.16,20934.49,3,0,3,0.07534,5506.51
C001,2021-10-01,13064.73,52101.41,676995.16,637958.48,-39036.68,4,1,4,0.062813,63665.75
C001,2021-10-02,15918.66,7515.9,637958.48,646361.24,8402.76,5,1,5,0.052366,26694.43
C001,2021-10-03,32545.74,14534.72,646361.24,664372.26,18011.02,6,0,6,0.043655,31479.62
C001,2021-10-04,35505.17,17821.01,664372.26,682056.42,17684.16,0,0,7,0.03639,26324.75
C001,2021-10-05,32490.18,93317.25,682056.42,621229.35,-60827.07,1,0,8,0.03033,107553.69
C001,2021-10-06,31315.36,17534.62,621229.35,635010.09,13780.74,2,0,9,0.025274,22526.75
C001,2021-10-07,30671.23,11700.07,635010.09,653981.25,18971.16,3,0,10,0.021052,12235.05
C001,2021-10-08,12379.95,6095.05,653981.25,660266.15,6284.9,4,1,11,0.017524,22781.92
C001,2021-10-09,16295.05,8153.57,660266.15,668407.63,8141.48,5,1,12,0.014572,26639.55
C001,2021-10-10,31836.33,33308.72,668407.63,666935.24,-1472.39,6,0,13,0.012095,43711.09
C001,2021-10-11,32253.6,17470.99,666935.24,681717.85,14782.61,0,0,14,0.010009,22022.79
C001,2021-10-12,30426.07,12595.3,681717.85,699548.62,17830.77,1,0,15,0.008239,20556.8
C001,2021-10-13,29636.17,15287.97,699548.62,713896.82,14348.2,2,0,16,0.006722,13488.15
C001,2021-10-14,28500.02,13306.34,713896.82,729090.5,15193.68,3,0,17,0.005398,7492.65
C001,2021-10-15,12392.61,46265.42,729090.5,695217.69,-33872.81,4,1,18,0.004213,58559.55
C001,2021-10-16,16151.4,8557.8,695217.69,702811.29,7593.6,5,1,19,0.003111,65691.2
C001,2021-10-17,33392.33,16033.04,702811.29,720170.58,17359.29,6,0,20,0.002034,66749.14
C001,2021-10-18,31557.01,16496.21,720170.58,735231.38,15060.8,0,0,21,0.000914,63533.96
C001,2021-10-19,27612.44,12176.26,735231.38,750667.56,15436.18,1,0,22,-0.000329,65090.24
C001,2021-10-20,27932.56,17539.17,750667.56,761060.95,10393.39,2,0,23,-0.001797,61438.28
C001,2021-10-21,26960.29,13043.53,761060.95,774977.71,13916.76,3,0,24,-0.003623,55277.45
C001,2021-10-22,11827.87,5341.08,774977.71,781464.5,6486.79,4,1,25,-0.005986,60976.18
C001,2021-10-23,15088.79,7844.98,781464.5,788708.31,7243.81,5,1,26,-0.00913,67677.37
C001,2021-10-24,30453.43,14897.76,788708.31,804263.98,15555.67,6,0,27,-0.013388,69900.05
C001,2021-10-25,27895.13,16729.84,804263.98,815429.27,11165.29,0,0,28,-0.019223,70203.61
C001,2021-10-26,27564.27,13298.1,815429.27,829695.44,14266.17,1,0,29,-0.027278,73321.69
C001,2021-10-27,34933.88,222628.37,829695.44,642000.95,-187694.49,2,0,0,0.129999,268450.43
C001,2021-10-28,37463.99,13091.74,642000.95,666373.2,24372.25,3,0,1,0.108386,44801.4
C001,2021-10-29,13789.12,6040.14,666373.2,674122.18,7748.98,4,1,2,0.090366,60501.82
C001,2021-10-30,16851.97,8472.48,674122.18,682501.67,8379.49,5,1,3,0.075342,70210.62
C001,2021-10-31,35710.84,16588.28,682501.67,701624.23,19122.56,6,0,4,0.062814,71794.3
C001,2021-11-01,34864.73,63433.29,701624.23,673055.67,-28568.56,0,0,5,0.052369,68318.33
C001,2021-11-02,34636.95,11840.74,673055.67,695851.88,22796.21,1,0,6,0.043659,63605.69
C001,2021-11-03,31085.6,18556.31,695851.88,708381.17,12529.29,2,0,7,0.036396,57202.33
C001,2021-11-04,33232.37,12830.5,708381.17,728783.04,20401.87,3,0,8,0.030338,44485.69
C001,2021-11-05,14786.76,86032.96,728783.04,657536.84,-71246.2,4,1,9,0.025284,51031.36
C001,2021-11-06,17089.48,8410.02,657536.84,666216.3,8679.46,5,1,10,0.021066,54128.9
C001,2021-11-07,33857.58,17025.81,666216.3,683048.07,16831.77,6,0,11,0.017544,54270.98
C001,2021-11-08,30299.77,18300.66,683048.07,695047.18,11999.11,0,0,12,0.014599,56479.42
C001,2021-11-09,29036.33,13437.18,695047.18,710646.33,15599.15,1,0,13,0.012133,62009.79
C001,2021-11-10,29022.15,35927.84,710646.33,703740.64,-6905.69,2,0,14,0.010062,58587.31
C001,2021-11-11,29282.45,12917.67,703740.64,720105.42,16364.78,3,0,15,0.008313,50525.59
C001,2021-11-12,13237.79,5958.24,720105.42,727384.97,7279.55,4,1,16,0.006826,60180.34
C001,2021-11-13,16436.33,7238.15,727384.97,736583.15,9198.18,5,1,17,0.005543,65942.99
C001,2021-11-14,32700.93,15506.84,736583.15,753777.24,17194.09,6,0,18,0.004416,66550.07
C001,2021-11-15,32602.63,17877.38,753777.24,768502.49,14725.25,0,0,19,0.003394,66539.69
C001,2021-11-16,30569.51,12152.28,768502.49,786919.72,18417.23,1,0,20,0.002428,66507.41
C001,2021-11-17,28859.4,17013.78,786919.72,798765.34,11845.62,2,0,21,0.001465,60920.31
C001,2021-11-18,29840.22,12847.76,798765.34,815757.8,16992.46,3,0,22,0.000439,50472.39
C001,2021-11-19,12773.43,6032.0,815757.8,822499.23,6741.43,4,1,23,-0.000725,57460.0
C001,2021-11-20,15498.5,7742.57,822499.23,830255.16,7755.93,5,1,24,-0.002127,63606.78
C001,2021-11-21,27629.78,15444.26,830255.16,842440.68,12185.52,6,0,25,-0.003898,68038.42
C001,2021-11-22,30361.74,16416.74,842440.68,856385.68,13945.0,0,0,26,-0.006216,65758.38
C001,2021-11-23,30770.53,12992.18,856385.68,874164.03,17778.35,1,0,27,-0.009321,66887.61
C001,2021-11-24,30557.39,19088.54,874164.03,885632.88,11468.85,2,0,28,-0.013547,61045.69
C001,2021-11-25,29900.77,12516.52,885632.88,903017.13,17384.25,3,0,29,-0.019356,50411.29
C001,2021-11-26,12958.79,5524.54,903017.13,910451.38,7434.25,4,1,30,-0.027389,56791.3
C001,2021-11-27,19971.49,219248.27,910451.38,711174.6,-199276.78,5,1,0,0.129998,64813.79
C001,2021-11-28,38757.56,15308.16,711174.6,734624.0,23449.4,6,0,1,0.108385,58012.48
C001,2021-11-29,36857.25,18768.96,734624.0,752712.29,18088.29,0,0,2,0.090365,52964.95
C001,2021-11-30,33828.81,13122.57,752712.29,773418.53,20706.24,1,0,3,0.07534,53091.32
C001,2021-12-01,30194.8,62239.33,773418.53,741374.0,-32044.53,2,0,4,0.062813,91376.84
C001,2021-12-02,31567.9,13484.33,741374.0,759457.57,18083.57,3,0,5,0.052366,36102.92
C001,2021-12-03,12763.92,6637.99,759457.57,765583.5,6125.93,4,1,6,0.043655,46191.22
C001,2021-12-04,16392.48,8707.25,765583.5,773268.73,7685.23,5,1,7,0.03639,51397.33
C001,2021-12-05,31029.47,95730.0,773268.73,708568.2,-64700.53,6,0,8,0.03033,134269.37
C001,2021-12-06,30986.71,19209.71,708568.2,720345.2,11777.0,0,0,9,0.025274,95384.12
C001,2021-12-07,28781.06,11807.21,720345.2,737319.05,16973.85,1,0,10,0.021052,95828.88
C001,2021-12-08,29815.92,15608.37,737319.05,751526.6,14207.55,2,0,11,0.017524,87710.25
C001,2021-12-09,32765.57,11636.05,751526.6,772656.12,21129.52,3,0,12,0.014572,72654.55
C001,2021-12-10,12435.68,22763.85,772656.12,762327.95,-10328.17,4,1,13,0.012095,98041.4
C001,2021-12-11,17274.73,8971.67,762327.95,770631.01,8303.06,5,1,14,0.010009,89428.76
C001,2021-12-12,31694.3,14760.0,770631.01,787565.31,16934.3,6,0,15,0.008239,91129.67
C001,2021-12-13,32731.63,17770.8,787565.31,802526.14,14960.83,0,0,16,0.006722,87613.88
C001,2021-12-14,32121.57,14320.4,802526.14,820327.31,17801.17,1,0,17,0.005398,88252.32
C001,2021-12-15,32039.42,17324.55,820327.31,835042.18,14714.87,2,0,18,0.004213,79669.11
C001,2021-12-16,31786.13,13401.18,835042.18,853427.13,18384.95,3,0,19,0.003111,26386.53
C001,2021-12-17,12608.01,6349.49,853427.13,859685.65,6258.52,4,1,20,0.002034,31211.96
C001,2021-12-18,15158.26,8613.72,859685.65,866230.19,6544.54,5,1,21,0.000914,36943.07
C001,2021-12-19,30084.62,16355.58,866230.19,879959.23,13729.04,6,0,22,-0.000329,40112.28
C001,2021-12-20,31003.39,17100.68,879959.23,893861.94,13902.71,0,0,23,-0.001797,37359.29
C001,2021-12-21,29493.16,12876.0,893861.94,910479.1,16617.16,1,0,24,-0.003623,37754.14
C001,2021-12-22,30154.54,18489.58,910479.1,922144.06,11664.96,2,0,25,-0.005986,32180.99
C001,2021-12-23,30983.0,12075.42,922144.06,941051.64,18907.58,3,0,26,-0.00913,21433.75
C001,2021-12-24,11690.5,6063.57,941051.64,946678.57,5626.93,4,1,27,-0.013388,32276.33
C001,2021-12-25,13952.85,7203.0,946678.57,953428.42,6749.85,5,1,28,-0.019223,36689.66
C001,2021-12-26,28747.26,14933.0,953428.42,967242.68,13814.26,6,0,29,-0.027278,40489.62
C001,2021-12-27,33110.16,224364.45,967242.68,775988.39,-191254.29,0,0,0,0.129999,243315.41
C001,2021-12-28,29115.75,12467.66,775988.39,792636.48,16648.09,1,0,1,0.108386,30449.42
C001,2021-12-29,31383.32,18342.56,792636.48,805677.24,13040.76,2,0,2,0.090366,25517.41
C001,2021-12-30,32165.8,11333.19,805677.24,826509.85,20832.61,3,0,3,0.075342,13111.44
C001,2021-12-31,12884.8,6643.81,826509.85,832750.84,6240.99,4,1,4,0.062814,24718.3
C001,2022-01-01,16357.22,53547.57,832750.84,795560.49,-37190.35,5,1,5,0.052369,75973.75
C001,2022-01-02,32933.4,16719.17,795560.49,811774.72,16214.23,6,0,6,0.043659,30298.56
C001,2022-01-03,30782.21,17890.87,811774.72,824666.06,12891.34,0,0,7,0.036396,28831.23
C001,2022-01-04,30647.0,12475.49,824666.06,842837.57,18171.51,1,0,8,0.030338,30023.59
C001,2022-01-05,30061.51,57169.76,842837.57,815729.32,-27108.25,2,0,9,0.025284,64105.76
C001,2022-01-06,29754.79,12336.18,815729.32,833147.93,17418.61,3,0,10,0.021066,-44228.5
C001,2022-01-07,12061.06,5972.14,833147.93,839236.85,6088.92,4,1,11,0.017544,-35414.56
C001,2022-01-08,15250.33,9176.51,839236.85,845310.67,6073.82,5,1,12,0.014599,-29061.35
C001,2022-01-09,29906.72,14848.04,845310.67,860369.35,15058.68,6,0,13,0.012133,-29039.37
C001,2022-01-10,32484.02,32793.6,860369.35,860059.77,-309.58,0,0,14,0.010062,-18306.04
C001,2022-01-11,30262.23,11627.02,860059.77,878694.98,18635.21,1,0,15,0.008313,-37654.88
C001,2022-01-12,28756.6,17311.56,878694.98,890140.02,11445.04,2,0,16,0.006826,-42148.76
C001,2022-01-13,30639.21,12199.6,890140.02,908579.63,18439.61,3,0,17,0.005543,-52675.79
C001,2022-01-14,12026.87,5895.21,908579.63,914711.29,6131.66,4,1,18,0.004416,-43313.71
C001,2022-01-15,14253.81,49151.44,914711.29,879813.66,-34897.63,5,1,19,0.003394,6491.98
C001,2022-01-16,27717.95,16634.0,879813.66,890897.61,11083.95,6,0,20,0.002428,14123.64
C001,2022-01-17,29537.53,17261.88,890897.61,903173.26,12275.65,0,0,21,0.001465,16770.11
C001,2022-01-18,28053.45,11155.2,903173.26,920071.51,16898.25,1,0,22,0.000439,19059.14
C001,2022-01-19,28081.52,16931.8,920071.51,931221.23,11149.72,2,0,23,-0.000725,13507.57
C001,2022-01-20,29282.21,12270.2,931221.23,948233.24,17012.01,3,0,24,-0.002127,4212.7
C001,2022-01-21,12154.72,6062.91,948233.24,954325.05,6091.81,4,1,25,-0.003898,11166.15
C001,2022-01-22,14980.42,6820.08,954325.05,962485.39,8160.34,5,1,26,-0.006216,13969.33
C001,2022-01-23,30408.95,13939.44,962485.39,978954.9,16469.51,6,0,27,-0.009321,13938.72
C001,2022-01-24,29508.11,18344.93,978954.9,990118.08,11163.18,0,0,28,-0.013547,13386.46
C001,2022-01-25,30774.94,13160.72,990118.08,1007732.3,17614.22,1,0,29,-0.019356,13182.91
C001,2022-01-26,27983.33,16411.83,1007732.3,1019303.8,11571.5,2,0,30,-0.027389,7510.21
C001,2022-01-27,33311.44,229529.34,1019303.8,823085.9,-196217.9,3,0,0,0.129999,211947.68
C001,2022-01-28,13613.77,5505.02,823085.9,831194.65,8108.75,4,1,1,0.108386,5099.51
C001,2022-01-29,16261.97,7835.33,831194.65,839621.29,8426.64,5,1,2,0.090366,11291.58
C001,2022-01-30,33845.34,15997.49,839621.29,857469.14,17847.85,6,0,3,0.075342,-37165.18
C001,2022-01-31,32030.98,17965.88,857469.14,871534.24,14065.1,0,0,4,0.062814,-40113.31
C001,2022-02-01,32150.99,61611.95,871534.24,842073.28,-29460.96,1,0,5,0.052369,8453.24
C001,2022-02-02,29977.13,18553.12,842073.28,853497.29,11424.01,2,0,6,0.043659,4329.36
C001,2022-02-03,32589.03,13225.16,853497.29,872861.16,19363.87,3,0,7,0.036396,-47336.86
C001,2022-02-04,13583.87,6609.95,872861.16,879835.08,6973.92,4,1,8,0.030338,-38300.84
C001,2022-02-05,16221.22,107136.87,879835.08,788919.43,-90915.65,5,1,9,0.025284,64972.36
C001,2022-02-06,32147.02,17244.16,788919.43,803822.29,14902.86,6,0,10,0.021066,66629.9
C001,2022-02-07,30812.53,18385.5,803822.29,816249.32,12427.03,0,0,11,0.017544,67949.29
C001,2022-02-08,29090.5,14009.84,816249.32,831329.98,15080.66,1,0,12,0.014599,48658.06
C001,2022-02-09,27143.9,16720.15,831329.98,841753.73,10423.75,2,0,13,0.012133,44497.68
C001,2022-02-10,27204.18,27917.81,841753.73,841040.1,-713.63,3,0,14,0.010062,51609.85
C001,2022-02-11,12290.4,5339.24,841040.1,847991.26,6951.16,4,1,15,0.008313,58922.77
C001,2022-02-12,15428.39,7515.81,847991.26,855903.84,7912.58,5,1,16,0.006826,63015.51
C001,2022-02-13,30513.04,15019.3,855903.84,871397.58,15493.74,6,0,17,0.005543,57879.89
C001,2022-02-14,29187.3,14279.24,871397.58,886305.64,14908.06,0,0,18,0.004416,50055.95
C001,2022-02-15,30911.02,12195.41,886305.64,905021.25,18715.61,1,0,19,0.003394,46206.79
C001,2022-02-16,31673.18,16751.06,905021.25,919943.37,14922.12,2,0,20,0.002428,36270.24
C001,2022-02-17,29724.32,10537.04,919943.37,939130.65,19187.28,3,0,21,0.001465,21797.55
C001,2022-02-18,11516.12,5917.97,939130.65,944728.8,5598.15,4,1,22,0.000439,26617.31
C001,2022-02-19,14731.22,7014.08,944728.8,952445.94,7717.14,5,1,23,-0.000725,28692.96
C001,2022-02-20,28270.77,15225.51,952445.94,965491.2,13045.26,6,0,24,-0.002127,25951.11
C001,2022-02-21,27560.58,16597.06,965491.2,976454.72,10963.52,0,0,25,-0.003898,20191.53
C001,2022-02-22,28232.88,11793.98,976454.72,992893.62,16438.9,1,0,26,-0.006216,16481.29
C001,2022-02-23,26483.56,15872.64,992893.62,1003504.54,10610.92,2,0,27,-0.009321,11215.12
C001,2022-02-24,29407.11,11996.44,1003504.54,1020915.21,17410.67,3,0,28,-0.013547,81.98
C001,2022-02-25,11457.65,5558.85,1020915.21,1026814.01,5898.8,4,1,29,-0.019356,-210660.39
C001,2022-02-26,16070.85,7851.28,1026814.01,1035033.58,8219.57,5,1,30,-0.027389,-205833.7
C001,2022-02-27,34330.1,233069.52,1035033.58,836294.16,-198739.42,6,0,0,0.129997,8414.28
C001,2022-02-28,31826.4,17207.69,836294.16,850912.87,14618.71,0,0,1,0.108383,3149.6
C001,2022-03-01,30451.38,61060.29,850912.87,820303.96,-30608.91,1,0,2,0.090362,49330.66
C001,2022-03-02,29403.62,18286.65,820303.96,831420.93,11116.97,2,0,3,0.075336,-4576.4
C001,2022-03-03,30911.38,11805.79,831420.93,850526.52,19105.59,3,0,4,0.062806,-17575.66
C001,2022-03-04,12906.05,5605.92,850526.52,857826.65,7300.13,4,1,5,0.052357,-13355.11
C001,2022-03-05,16086.54,48388.89,857826.65,825524.3,-32302.35,5,1,6,0.043643,27703.81
C001,2022-03-06,33185.46,17175.52,825524.3,841534.24,16009.94,6,0,7,0.036373,-16897.81
C001,2022-03-07,30112.66,17755.11,841534.24,853891.79,12357.55,0,0,8,0.030306,-18196.04
C001,2022-03-08,29820.62,13260.22,853891.79,870452.19,16560.4,1,0,9,0.02524,-20614.38
C001,2022-03-09,30032.23,16285.81,870452.19,884198.61,13746.42,2,0,10,0.021005,-30346.99
C001,2022-03-10,28622.52,32833.09,884198.61,879988.04,-4210.57,3,0,11,0.017459,-20824.78
C001,2022-03-11,12595.28,6331.91,879988.04,886251.41,6263.37,4,1,12,0.01448,-35198.13
C001,2022-03-12,15276.3,8877.76,886251.41,892649.95,6398.54,5,1,13,0.011967,-31094.23
C001,2022-03-13,31269.65,17005.57,892649.95,906914.03,14264.08,6,0,14,0.00983,-32083.99
C001,2022-03-14,29394.86,17389.54,906914.03,918919.35,12005.32,0,0,15,0.00799,-35183.76
C001,2022-03-15,25913.64,15555.52,918919.35,929277.47,10358.12,1,0,16,0.006374,-30317.25
C001,2022-03-16,25821.88,18737.76,929277.47,936361.59,7084.12,2,0,17,0.004913,-74487.42
C001,2022-03-17,27586.17,12719.72,936361.59,951228.04,14866.45,3,0,18,0.003536,-83457.82
C001,2022-03-18,11477.96,6492.39,951228.04,956213.61,4985.57,4,1,19,0.002167,-77360.32
C001,2022-03-19,13973.2,9258.61,956213.61,960928.2,4714.59,5,1,20,0.000715,-72913.47
C001,2022-03-20,28735.84,18317.93,960928.2,971346.11,10417.91,6,0,21,-0.000926,-73440.6
C001,2022-03-21,28912.43,19119.64,971346.11,981138.9,9792.79,0,0,22,-0.002897,-73888.34
C001,2022-03-22,25774.71,15471.3,981138.9,991442.31,10303.41,1,0,23,-0.005381,-71080.59
C001,2022-03-23,25184.12,19980.18,991442.31,996646.25,5203.94,2,0,24,-0.008625,-72707.86
C001,2022-03-24,25967.91,13239.25,996646.25,1009374.91,12728.66,3,0,25,-0.012967,-81017.78
C001,2022-03-25,11514.84,6170.09,1009374.91,1014719.66,5344.75,4,1,26,-0.018873,-76250.26
C001,2022-03-26,14748.03,8470.5,1014719.66,1020997.19,6277.53,5,1,27,-0.026985,-71812.1
C001,2022-03-27,29387.2,234230.77,1020997.19,816153.62,-204843.57,6,0,0,0.129999,146583.9
C001,2022-03-28,30234.39,17188.13,816153.62,829199.88,13046.26,0,0,1,0.108386,-73943.06
C001,2022-03-29,29269.7,13761.14,829199.88,844708.44,15508.56,1,0,2,0.090366,-75527.43
C001,2022-03-30,27307.73,17953.7,844708.44,854062.47,9354.03,2,0,3,0.075342,-81660.71
C001,2022-03-31,27251.74,11679.59,854062.47,869634.62,15572.15,3,0,4,0.062814,-93033.78
C001,2022-04-01,11150.08,53940.17,869634.62,826844.53,-42790.09,4,1,5,0.052369,-94976.02
C001,2022-04-02,13284.25,7177.92,826844.53,832950.86,6106.33,5,1,6,0.043659,-95425.45
C001,2022-04-03,25721.03,14200.35,832950.86,844471.54,11520.68,6,0,7,0.036396,-97787.6
C001,2022-04-04,25123.7,16367.13,844471.54,853228.11,8756.57,0,0,8,0.030338,-101306.49
C001,2022-04-05,23858.89,52450.57,853228.11,824636.43,-28591.68,1,0,9,0.025284,-102806.46
C001,2022-04-06,25583.38,14524.06,824636.43,835695.75,11059.32,2,0,10,0.021066,-110027.59
C001,2022-04-07,25863.49,11721.43,835695.75,849837.81,14142.06,3,0,11,0.017544,-117491.02
C001,2022-04-08,9566.21,5552.4,849837.81,853851.62,4013.81,4,1,12,0.014599,-107448.88
C001,2022-04-09,12086.4,6774.76,853851.62,859163.26,5311.64,5,1,13,0.012133,-100440.85
C001,2022-04-10,23107.45,31217.43,859163.26,851053.28,-8109.98,6,0,14,0.010062,-94851.83
C001,2022-04-11,24920.74,14418.3,851053.28,861555.72,10502.44,0,0,15,0.008313,-94234.01
C001,2022-04-12,24302.91,11028.59,861555.72,874830.04,13274.32,1,0,16,0.006826,-90127.06
C001,2022-04-13,23180.35,14274.8,874830.04,883735.59,8905.55,2,0,17,0.005543,-93461.16
C001,2022-04-14,25285.79,10061.16,883735.59,898960.22,15224.63,3,0,18,0.004416,-101529.05
C001,2022-04-15,9788.64,46874.69,898960.22,861874.17,-37086.05,4,1,19,0.003394,-49972.04
C001,2022-04-16,12253.86,6357.81,861874.17,867770.22,5896.05,5,1,20,0.002428,-45235.33
C001,2022-04-17,24511.96,13428.89,867770.22,878853.29,11083.07,6,0,21,0.001465,-43659.71
C001,2022-04-18,23393.26,14231.82,878853.29,888014.73,9161.44,0,0,22,0.000439,-44479.29
C001,2022-04-19,22612.85,12722.07,888014.73,897905.51,9890.78,1,0,23,-0.000725,-42187.01
C001,2022-04-20,22963.89,13618.84,897905.51,907250.56,9345.05,2,0,24,-0.002127,-47552.16
C001,2022-04-21,23327.32,10216.16,907250.56,920361.72,13111.16,3,0,25,-0.003898,-55235.19
C001,2022-04-22,8878.78,5302.11,920361.72,923938.39,3576.67,4,1,26,-0.006216,-46648.25
C001,2022-04-23,11326.64,6907.9,923938.39,928357.13,4418.74,5,1,27,-0.009321,-41904.54
C001,2022-04-24,24239.25,14126.98,928357.13,938469.4,10112.27,6,0,28,-0.013547,-38609.55
C001,2022-04-25,23665.95,12950.26,938469.4,949185.09,10715.69,0,0,29,-0.019356,-39822.95
C001,2022-04-26,24350.63,10798.2,949185.09,962737.52,13552.43,1,0,30,-0.027389,-37723.28
C001,2022-04-27,24769.27,232249.97,962737.52,755256.82,-207480.7,2,0,0,0.129998,-38166.93
C001,2022-04-28,23827.37,9903.18,755256.82,769181.01,13924.19,3,0,1,0.108385,-44139.33
C001,2022-04-29,8573.69,5352.94,769181.01,772401.76,3220.75,4,1,2,0.090365,-32935.35
C001,2022-04-30,10482.14,6283.06,772401.76,776600.84,4199.08,5,1,3,0.07534,-25714.54
C001,2022-05-01,17204.15,61936.48,776600.84,731868.51,-44732.33,6,0,4,0.062813,36813.68
C001,2022-05-02,19099.96,13443.06,731868.51,737525.41,5656.9,0,0,5,0.052366,-4531.1
C001,2022-05-03,19186.45,10027.92,737525.41,746683.94,9158.53,1,0,6,0.043655,3184.42
C001,2022-05-04,17849.72,12612.04,746683.94,751921.62,5237.68,2,0,7,0.03639,3579.06
C001,2022-05-05,20316.5,50408.15,751921.62,721829.97,-30091.65,3,0,8,0.03033,39638.41
C001,2022-05-06,8934.86,5096.67,721829.97,725668.16,3838.19,4,1,9,0.025274,9830.06
C001,2022-05-07,12494.32,5815.69,725668.16,732346.79,6678.63,5,1,10,0.021052,14773.39
C001,2022-05-08,25860.61,11804.66,732346.79,746402.74,14055.95,6,0,11,0.017524,14824.02
C001,2022-05-09,26578.37,14258.7,746402.74,758722.41,12319.67,0,0,12,0.014572,11618.35
C001,2022-05-10,25009.41,27530.37,758722.41,756201.45,-2520.96,1,0,13,0.012095,30628.41
C001,2022-05-11,25975.83,14855.57,756201.45,767321.71,11120.26,2,0,14,0.010009,2682.07
C001,2022-05-12,28164.92,10783.65,767321.71,784702.98,17381.27,3,0,15,0.008239,-9535.88
C001,2022-05-13,11073.57,5502.12,784702.98,790274.43,5571.45,4,1,16,0.006722,-4476.2
C001,2022-05-14,14052.08,6895.34,790274.43,797431.17,7156.74,5,1,17,0.005398,-445.22
C001,2022-05-15,27821.82,13350.86,797431.17,811902.13,14470.96,6,0,18,0.004213,-1106.51
C001,2022-05-16,26976.82,16344.06,811902.13,822534.89,10632.76,0,0,19,0.003111,-4298.83
C001,2022-05-17,24520.98,11862.29,822534.89,835193.58,12658.69,1,0,20,0.002034,-1624.17
C001,2022-05-18,23303.1,14961.24,835193.58,843535.44,8341.86,2,0,21,0.000914,-5685.87
C001,2022-05-19,22961.9,10778.84,843535.44,855718.5,12183.06,3,0,22,-0.000329,-11284.49
C001,2022-05-20,9890.03,5910.13,855718.5,859698.4,3979.9,4,1,23,-0.001797,-2485.74
C001,2022-05-21,12565.07,7136.94,859698.4,865126.53,5428.13,5,1,24,-0.003623,-944.96
C001,2022-05-22,26073.04,13909.43,865126.53,877290.14,12163.61,6,0,25,-0.005986,-2352.57
C001,2022-05-23,24265.39,15102.94,877290.14,886452.59,9162.45,0,0,26,-0.00913,-5089.25
C001,2022-05-24,24553.89,11146.63,886452.59,899859.85,13407.26,1,0,27,-0.013388,-4072.33
C001,2022-05-25,23952.28,14449.99,899859.85,909362.14,9502.29,2,0,28,-0.019223,-8934.04
C001,2022-05-26,25454.22,9802.12,909362.14,925014.24,15652.1,3,0,29,-0.027278,-18548.38
C001,2022-05-27,11886.45,219810.8,925014.24,717089.89,-207924.35,4,1,0,0.129999,200693.23
C001,2022-05-28,14821.83,6870.04,717089.89,725041.68,7951.79,5,1,1,0.108386,-13041.42
C001,2022-05-29,28624.36,14199.63,725041.68,739466.41,14424.73,6,0,2,0.090366,-11018.23
C001,2022-05-30,26589.16,15169.27,739466.41,750886.3,11419.89,0,0,3,0.075342,-12284.4
C001,2022-05-31,29760.96,11965.07,750886.3,768682.19,17795.89,1,0,4,0.062814,-16572.43
C001,2022-06-01,28244.33,63932.21,768682.19,732994.31,-35687.88,2,0,5,0.052369,-23108.08
C001,2022-06-02,27718.14,10844.09,732994.31,749868.36,16874.05,3,0,6,0.043659,-33479.26
C001,2022-06-03,11410.27,5777.95,749868.36,755500.68,5632.32,4,1,7,0.036396,-28693.32
C001,2022-06-04,13547.47,7579.77,755500.68,761468.38,5967.7,5,1,8,0.030338,-26722.95
C001,2022-06-05,28638.63,54608.79,761468.38,735498.22,-25970.16,6,0,9,0.025284,-31576.88
C001,2022-06-06,26856.15,15234.19,735498.22,747120.18,11621.96,0,0,10,0.021066,-36740.03
C001,2022-06-07,24900.88,10794.3,747120.18,761226.76,14106.58,1,0,11,0.017544,-39841.77
C001,2022-06-08,25065.13,15951.13,761226.76,770340.76,9114.0,2,0,12,0.014599,-46126.4
C001,2022-06-09,26936.15,10447.05,770340.76,786829.86,16489.1,3,0,13,0.012133,-59727.72
C001,2022-06-10,9628.94,26455.02,786829.86,770003.78,-16826.08,4,1,14,0.010062,-61798.61
C001,2022-06-11,12602.52,7439.2,770003.78,775167.1,5163.32,5,1,15,0.008313,-59678.37
C001,2022-06-12,25406.16,14775.03,775167.1,785798.23,10631.13,6,0,16,0.006826,-61045.88
C001,2022-06-13,25476.49,14288.77,785798.23,796985.95,11187.72,0,0,17,0.005543,-65315.98
C001,2022-06-14,24927.88,11118.21,796985.95,810795.62,13809.67,1,0,18,0.004416,-65866.12
C001,2022-06-15,23657.2,16216.76,810795.62,818236.06,7440.44,2,0,19,0.003394,-110786.26
C001,2022-06-16,25669.56,10336.21,818236.06,833569.41,15333.35,3,0,20,0.002428,-117813.24
C001,2022-06-17,9933.83,5653.67,833569.41,837849.57,4280.16,4,1,21,0.001465,-108482.7
C001,2022-06-18,13218.23,6633.79,837849.57,844434.01,6584.44,5,1,22,0.000439,-105188.63
C001,2022-06-19,25541.45,12762.8,844434.01,857212.66,12778.65,6,0,23,-0.000725,-104293.64
C001,2022-06-20,24546.0,17577.09,857212.66,864181.57,6968.91,0,0,24,-0.002127,-100408.13
C001,2022-06-21,22584.06,11828.06,864181.57,874937.57,10756.0,1,0,25,-0.003898,-97335.04
C001,2022-06-22,21557.61,15131.84,874937.57,881363.34,6425.77,2,0,26,-0.006216,-98098.79
C001,2022-06-23,24582.89,10158.71,881363.34,895787.52,14424.18,3,0,27,-0.009321,-105568.73
C001,2022-06-24,10254.25,5613.67,895787.52,900428.1,4640.58,4,1,28,-0.013547,-96367.26
C001,2022-06-25,12647.31,6609.55,900428.1,906465.86,6037.76,5,1,29,-0.019356,-93284.76
C001,2022-06-26,24140.99,12823.73,906465.86,917783.12,11317.26,6,0,30,-0.027389,-90407.45
C001,2022-06-27,28033.56,233816.42,917783.12,712000.26,-205782.86,0,0,0,0.129998,-90357.17
C001,2022-06-28,26982.8,10534.88,712000.26,728448.18,16447.92,1,0,1,0.108385,-88020.69
C001,2022-06-29,24778.98,14625.26,728448.18,738601.9,10153.72,2,0,2,0.090365,-91788.58
C001,2022-06-30,26053.72,12545.86,738601.9,752109.76,13507.86,3,0,3,0.07534,-96730.27
C001,2022-07-01,11429.74,53653.27,752109.76,709886.23,-42223.53,4,1,4,0.062813,-38594.33
C001,2022-07-02,13217.37,6714.5,709886.23,716389.1,6502.87,5,1,5,0.052366,-80783.16
C001,2022-07-03,25862.41,15444.15,716389.1,726807.36,10418.26,6,0,6,0.043655,-77359.9
C001,2022-07-04,24438.77,16500.7,726807.36,734745.43,7938.07,0,0,7,0.03639,-77697.71
C001,2022-07-05,21508.5,52332.59,734745.43,703921.34,-30824.09,1,0,8,0.03033,-33598.42
C001,2022-07-06,21065.96,14607.15,703921.34,710380.15,6458.81,2,0,9,0.025274,-76093.69
C001,2022-07-07,21261.33,10256.49,710380.15,721384.99,11004.84,3,0,10,0.021052,-80898.68
C001,2022-07-08,8229.15,5399.78,721384.99,724214.36,2829.37,4,1,11,0.017524,-70722.41
C001,2022-07-09,9641.17,6753.39,724214.36,727102.14,2887.78,5,1,12,0.014572,-62411.79
C001,2022-07-10,20057.08,38954.05,727102.14,708205.17,-18896.97,6,0,13,0.012095,-29863.18
C001,2022-07-11,20358.2,13074.64,708205.17,715488.73,7283.56,0,0,14,0.010009,-49344.67
C001,2022-07-12,19682.24,10418.62,715488.73,724752.35,9263.62,1,0,15,0.008239,-42996.81
C001,2022-07-13,20556.23,13638.61,724752.35,731669.97,6917.62,2,0,16,0.006722,-44686.8
C001,2022-07-14,23046.02,9786.49,731669.97,744929.5,13259.53,3,0,17,0.005398,-50819.59
C001,2022-07-15,10135.84,47615.54,744929.5,707449.8,-37479.7,4,1,18,0.004213,-5174.17
C001,2022-07-16,14660.84,6354.47,707449.8,715756.17,8306.37,5,1,19,0.003111,-6602.75
C001,2022-07-17,25970.76,12360.06,715756.17,729366.87,13610.7,6,0,20,0.002034,-9763.12
C001,2022-07-18,24578.48,14699.97,729366.87,739245.38,9878.51,0,0,21,0.000914,-15001.94
C001,2022-07-19,24265.7,10592.06,739245.38,752919.02,13673.64,1,0,22,-0.000329,-14756.44
C001,2022-07-20,24852.15,13997.73,752919.02,763773.44,10854.42,2,0,23,-0.001797,-19613.73
C001,2022-07-21,24351.7,10522.61,763773.44,777602.53,13829.09,3,0,24,-0.003623,-26437.02
C001,2022-07-22,10811.75,5149.73,777602.53,783264.55,5662.02,4,1,25,-0.005986,-19402.72
C001,2022-07-23,13763.64,6809.4,783264.55,790218.79,6954.24,5,1,26,-0.00913,-17618.72
C001,2022-07-24,26128.65,12286.6,790218.79,804060.84,13842.05,6,0,27,-0.013388,-17991.29
C001,2022-07-25,24309.81,15189.55,804060.84,813181.1,9120.26,0,0,28,-0.019223,-16258.76
C001,2022-07-26,25484.36,11289.79,813181.1,827375.67,14194.57,1,0,29,-0.027278,-11739.79
C001,2022-07-27,28440.18,234172.76,827375.67,621643.09,-205732.58,2,0,0,0.129999,199873.15
C001,2022-07-28,30109.88,11325.48,621643.09,640427.49,18784.4,3,0,1,0.108386,-29233.88
C001,2022-07-29,11898.22,5512.39,640427.49,646813.32,6385.83,4,1,2,0.090366,-15540.73
C001,2022-07-30,15346.49,6780.32,646813.32,655379.49,8566.17,5,1,3,0.075342,-9552.83
C001,2022-07-31,29369.16,13456.75,655379.49,671291.9,15912.41,6,0,4,0.062814,-8110.53
C001,2022-08-01,28109.56,63795.52,671291.9,635605.94,-35685.96,0,0,5,0.052369,40954.53
C001,2022-08-02,26718.69,12877.17,635605.94,649447.46,13841.52,1,0,6,0.043659,-2991.15
C001,2022-08-03,25073.7,17473.44,649447.46,657047.72,7600.26,2,0,7,0.036396,-3226.86
C001,2022-08-04,25334.6,12059.4,657047.72,670322.92,13275.2,3,0,8,0.030338,-8727.25
C001,2022-08-05,11166.86,47203.32,670322.92,634286.46,-36036.46,4,1,9,0.025284,40634.27
C001,2022-08-06,14107.7,7907.85,634286.46,640486.31,6199.85,5,1,10,0.021066,5378.33
C001,2022-08-07,27671.95,14666.31,640486.31,653491.95,13005.64,6,0,11,0.017544,10236.2
C001,2022-08-08,27368.2,16169.8,653491.95,664690.35,11198.4,0,0,12,0.014599,10267.62
C001,2022-08-09,26594.47,12942.83,664690.35,678341.99,13651.64,1,0,13,0.012133,15664.14
C001,2022-08-10,25879.47,38077.4,678341.99,666144.06,-12197.93,2,0,14,0.010062,34872.2
C001,2022-08-11,27729.03,12117.55,666144.06,681755.54,15611.48,3,0,15,0.008313,6137.4
C001,2022-08-12,11546.22,6318.59,681755.54,686983.17,5227.63,4,1,16,0.006826,13955.49
C001,2022-08-13,14691.03,7564.29,686983.17,694109.91,7126.74,5,1,17,0.005543,15850.06
C001,2022-08-14,25296.46,17130.74,694109.91,702275.63,8165.72,6,0,18,0.004416,21926.63
C001,2022-08-15,27179.23,20301.44,702275.63,709153.42,6877.79,0,0,19,0.003394,23282.41
C001,2022-08-16,23641.85,13191.52,709153.42,719603.75,10450.33,1,0,20,0.002428,29794.22
C001,2022-08-17,22529.65,17889.96,719603.75,724243.44,4639.69,2,0,21,0.001465,31463.95
C001,2022-08-18,26865.33,12946.19,724243.44,738162.58,13919.14,3,0,22,0.000439,23944.46
C001,2022-08-19,11788.14,5791.01,738162.58,744159.71,5997.13,4,1,23,-0.000725,31943.78
C001,2022-08-20,14723.0,7717.2,744159.71,751165.51,7005.8,5,1,24,-0.002127,34587.57
C001,2022-08-21,28574.36,15878.04,751165.51,763861.83,12696.32,6,0,25,-0.003898,35690.32
C001,2022-08-22,25700.72,16962.48,763861.83,772600.07,8738.24,0,0,26,-0.006216,37892.69
C001,2022-08-23,24710.23,11240.75,772600.07,786069.55,13469.48,1,0,27,-0.009321,43260.38
C001,2022-08-24,24563.83,13711.04,786069.55,796922.34,10852.79,2,0,28,-0.013547,39868.49
C001,2022-08-25,30187.47,11473.93,796922.34,815635.88,18713.54,3,0,29,-0.019356,31063.06
C001,2022-08-26,11670.76,5790.4,815635.88,821516.24,5880.36,4,1,30,-0.027389,38776.97
C001,2022-08-27,17399.95,227722.58,821516.24,611193.61,-210322.63,5,1,0,0.129999,261878.96
C001,2022-08-28,36496.24,16417.26,611193.61,631272.59,20078.98,6,0,1,0.108386,44716.38
C001,2022-08-29,33446.24,18892.17,631272.59,645826.66,14554.07,0,0,2,0.090366,45651.17
C001,2022-08-30,29644.36,12289.65,645826.66,663181.37,17354.71,1,0,3,0.075342,51451.18
C001,2022-08-31,29630.37,16251.27,663181.37,676560.47,13379.1,2,0,4,0.062814,46177.32
C001,2022-09-01,32095.92,62200.08,676560.47,646456.31,-30104.16,3,0,5,0.052369,35253.83
C001,2022-09-02,12992.64,5628.09,646456.31,653820.86,7364.55,4,1,6,0.043659,42081.41
C001,2022-09-03,16301.14,8526.33,653820.86,661595.67,7774.81,5,1,7,0.036396,41427.1
C001,2022-09-04,29186.06,15861.0,661595.67,674920.73,13325.06,6,0,8,0.030338,44659.76
C001,2022-09-05,29283.87,58339.96,674920.73,645864.64,-29056.09,0,0,9,0.025284,45137.52
C001,2022-09-06,29924.86,12061.35,645864.64,663728.15,17863.51,1,0,10,0.021066,45302.45
C001,2022-09-07,28816.99,17587.17,663728.15,674957.97,11229.82,2,0,11,0.017544,40980.85
C001,2022-09-08,31909.92,12861.76,674957.97,694006.13,19048.16,3,0,12,0.014599,29814.87
C001,2022-09-09,13371.33,6361.2,694006.13,701016.26,7010.13,4,1,13,0.012133,40618.93
C001,2022-09-10,15239.67,28362.99,701016.26,687892.94,-13123.32,5,1,14,0.010062,48028.95
C001,2022-09-11,31338.0,18292.28,687892.94,700938.66,13045.72,6,0,15,0.008313,54287.41
C001,2022-09-12,30042.72,21021.41,700938.66,709959.97,9021.31,0,0,16,0.006826,60950.55
C001,2022-09-13,28585.79,14343.5,709959.97,724202.26,14242.29,1,0,17,0.005543,68931.26
C001,2022-09-14,29384.53,21150.96,724202.26,732435.83,8233.57,2,0,18,0.004416,68704.27
C001,2022-09-15,32097.83,15135.69,732435.83,749397.97,16962.14,3,0,19,0.003394,17512.6
C001,2022-09-16,13275.53,6966.11,749397.97,755707.39,6309.42,4,1,20,0.002428,28917.46
C001,2022-09-17,15904.56,9504.91,755707.39,762107.04,6399.65,5,1,21,0.001465,30931.64
C001,2022-09-18,32131.45,18135.0,762107.04,776103.49,13996.45,6,0,22,0.000439,30851.69
C001,2022-09-19,29844.56,20194.97,776103.49,785753.08,9649.59,0,0,23,-0.000725,30871.19
C001,2022-09-20,27668.56,13869.49,785753.08,799552.15,13799.07,1,0,24,-0.002127,35659.77
C001,2022-09-21,28155.86,17215.25,799552.15,810492.76,10940.61,2,0,25,-0.003898,30773.98
C001,2022-09-22,31049.3,12212.13,810492.76,829329.93,18837.17,3,0,26,-0.006216,19611.2
C001,2022-09-23,13103.75,5642.85,829329.93,836790.83,7460.9,4,1,27,-0.009321,27302.03
C001,2022-09-24,17341.03,7432.92,836790.83,846698.94,9908.11,5,1,28,-0.013547,31290.66
C001,2022-09-25,30247.39,16653.12,846698.94,860293.21,13594.27,6,0,29,-0.019356,35437.73
C001,2022-09-26,30639.38,17860.02,860293.21,873072.57,12779.36,0,0,30,-0.027389,36015.44
C001,2022-09-27,33202.31,230285.91,873072.57,675988.97,-197083.6,1,0,0,0.129998,39102.34
C001,2022-09-28,32804.56,17315.7,675988.97,691477.83,15488.86,2,0,1,0.108385,31219.29
C001,2022-09-29,35466.87,12312.15,691477.83,714632.55,23154.72,3,0,2,0.090365,17880.3
C001,2022-09-30,13977.49,5872.25,714632.55,722737.79,8105.24,4,1,3,0.07534,29076.08
C001,2022-10-01,15809.7,56837.35,722737.79,681710.14,-41027.65,5,1,4,0.062813,85581.0
C001,2022-10-02,31442.03,17249.9,681710.14,695902.27,14192.13,6,0,5,0.052366,40592.53
C001,2022-10-03,27232.66,20112.16,695902.27,703022.77,7120.5,0,0,6,0.043655,48617.5
C001,2022-10-04,30316.13,13758.41,703022.77,719580.49,16557.72,1,0,7,0.03639,53383.73
C001,2022-10-05,29048.82,57627.15,719580.49,691002.16,-28578.33,2,0,8,0.03033,88969.31
C001,2022-10-06,30047.43,12018.99,691002.16,709030.6,18028.44,3,0,9,0.025274,38334.85
C001,2022-10-07,12767.37,5859.15,709030.6,715938.82,6908.22,4,1,10,0.021052,47350.62
C001,2022-10-08,15913.64,8031.46,715938.82,723821.0,7882.18,5,1,11,0.017524,55238.51
C001,2022-10-09,31986.95,14172.76,723821.0,741635.19,17814.19,6,0,12,0.014572,59345.79
C001,2022-10-10,31427.6,37140.9,741635.19,735921.89,-5713.3,0,0,13,0.012095,79952.0
C001,2022-10-11,31886.65,12582.47,735921.89,755226.07,19304.18,1,0,14,0.010009,64634.69
C001,2022-10-12,32640.36,16955.91,755226.07,770910.52,15684.45,2,0,15,0.008239,56439.48
C001,2022-10-13,34219.53,11996.53,770910.52,793133.52,22223.0,3,0,16,0.006722,41665.7
C001,2022-10-14,14428.91,6422.33,793133.52,801140.1,8006.58,4,1,17,0.005398,49666.3
C001,2022-10-15,17786.0,52015.53,801140.1,766910.57,-34229.53,5,1,18,0.004213,96920.85
C001,2022-10-16,34342.95,16628.67,766910.57,784624.85,17714.28,6,0,19,0.003111,98019.85
C001,2022-10-17,27558.03,19144.2,784624.85,793038.68,8413.83,0,0,20,0.002034,103345.37
C001,2022-10-18,28296.01,14379.51,793038.68,806955.18,13916.5,1,0,21,0.000914,109660.68
C001,2022-10-19,26881.04,17211.95,806955.18,816624.27,9669.09,2,0,22,-0.000329,106752.32
C001,2022-10-20,31277.21,12689.56,816624.27,835211.92,18587.65,3,0,23,-0.001797,95569.13
C001,2022-10-21,12214.58,6159.76,835211.92,841266.74,6054.82,4,1,24,-0.003623,103164.16
C001,2022-10-22,15139.79,7465.4,841266.74,848941.13,7674.39,5,1,25,-0.005986,106476.13
C001,2022-10-23,31084.66,15932.93,848941.13,864092.86,15151.73,6,0,26,-0.00913,108227.32
C001,2022-10-24,30376.57,16479.83,864092.86,877989.6,13896.74,0,0,27,-0.013388,107039.65
C001,2022-10-25,30520.28,12778.94,877989.6,895730.94,17741.34,1,0,28,-0.019223,107085.07
C001,2022-10-26,31199.89,17842.82,895730.94,909088.01,13357.07,2,0,29,-0.027278,99290.78
C001,2022-10-27,37070.01,231066.71,909088.01,715091.31,-193996.7,3,0,0,0.129999,300409.4
C001,2022-10-28,14092.57,6486.76,715091.31,722697.12,7605.81,4,1,1,0.108386,95622.28
C001,2022-10-29,18007.55,8191.82,722697.12,732512.85,9815.73,5,1,2,0.090366,102490.65
C001,2022-10-30,34379.63,15078.61,732512.85,751813.87,19301.02,6,0,3,0.075342,106831.5
C001,2022-10-31,33836.22,18358.95,751813.87,767291.14,15477.27,0,0,4,0.062814,102100.93
C001,2022-11-01,31996.48,62792.82,767291.14,736494.8,-30796.34,1,0,5,0.052369,104122.3
C001,2022-11-02,32088.82,16943.35,736494.8,751640.27,15145.47,2,0,6,0.043659,95820.41
C001,2022-11-03,33840.74,12516.79,751640.27,772964.22,21323.95,3,0,7,0.036396,82150.89
C001,2022-11-04,13412.81,6405.56,772964.22,779971.47,7007.25,4,1,8,0.030338,94028.46
C001,2022-11-05,16605.86,49211.88,779971.47,747365.45,-32606.02,5,1,9,0.025284,97146.94
C001,2022-11-06,32988.17,17064.18,747365.45,763289.44,15923.99,6,0,10,0.021066,96958.05
C001,2022-11-07,34165.36,18395.29,763289.44,779059.51,15770.07,0,0,11,0.017544,97787.23
C001,2022-11-08,34350.68,12429.21,779059.51,800980.98,21921.47,1,0,12,0.014599,95449.73
C001,2022-11-09,30453.79,15560.88,800980.98,815873.89,14892.91,2,0,13,0.012133,89106.49
C001,2022-11-10,33394.41,29407.54,815873.89,819860.76,3986.87,3,0,14,0.010062,76215.55
C001,2022-11-11,13115.01,5625.77,819860.76,827350.0,7489.24,4,1,15,0.008313,83157.0
C001,2022-11-12,16085.89,8636.67,827350.0,834799.22,7449.22,5,1,16,0.006826,89305.87
C001,2022-11-13,32687.69,16680.51,834799.22,850806.4,16007.18,6,0,17,0.005543,89746.9
C001,2022-11-14,32178.26,19153.24,850806.4,863831.42,13025.02,0,0,18,0.004416,91907.73
C001,2022-11-15,31808.95,12995.67,863831.42,882644.7,18813.28,1,0,19,0.003394,95146.96
C001,2022-11-16,32082.48,18343.13,882644.7,896384.05,13739.35,2,0,20,0.002428,88498.79
C001,2022-11-17,31940.13,11708.32,896384.05,916615.86,20231.81,3,0,21,0.001465,76758.81
C001,2022-11-18,12621.42,5860.69,916615.86,923376.59,6760.73,4,1,22,0.000439,89459.23
C001,2022-11-19,15788.27,8383.81,923376.59,930781.05,7404.46,5,1,23,-0.000725,94942.29
C001,2022-11-20,29339.77,15689.92,930781.05,944430.9,13649.85,6,0,24,-0.002127,99186.51
C001,2022-11-21,29796.35,18809.99,944430.9,955417.26,10986.36,0,0,25,-0.003898,99925.18
C001,2022-11-22,29569.94,12667.02,955417.26,972320.18,16902.92,1,0,26,-0.006216,103043.41
C001,2022-11-23,30701.98,17992.91,972320.18,985029.25,12709.07,2,0,27,-0.009321,97586.53
C001,2022-11-24,29593.6,11806.84,985029.25,1002816.01,17786.76,3,0,28,-0.013547,87816.94
C001,2022-11-25,12192.39,6629.61,1002816.01,1008378.79,5562.78,4,1,29,-0.019356,96336.14
C001,2022-11-26,15617.65,8495.73,1008378.79,1015500.71,7121.92,5,1,30,-0.027389,103869.98
C001,2022-11-27,35334.05,232515.36,1015500.71,818319.4,-197181.31,6,0,0,0.129998,107873.81
C001,2022-11-28,35344.56,18660.46,818319.4,835003.5,16684.1,0,0,1,0.108385,106382.36
C001,2022-11-29,36247.29,12605.42,835003.5,858645.37,23641.87,1,0,2,0.090365,106579.94
C001,2022-11-30,29273.15,18526.45,858645.37,869392.07,10746.7,2,0,3,0.07534,103218.18
C001,2022-12-01,32208.64,60983.61,869392.07,840617.1,-28774.97,3,0,4,0.062813,139362.23
C001,2022-12-02,13183.25,6339.67,840617.1,847460.68,6843.58,4,1,5,0.052366,100297.11
C001,2022-12-03,16270.44,8616.01,847460.68,855115.11,7654.43,5,1,6,0.043655,107777.6
C001,2022-12-04,36449.59,17564.77,855115.11,873999.93,18884.82,6,0,7,0.03639,109831.4
C001,2022-12-05,31356.75,60844.29,873999.93,844512.39,-29487.54,0,0,8,0.03033,152438.67
C001,2022-12-06,30244.83,14509.73,844512.39,860247.49,15735.1,1,0,9,0.025274,118540.69
C001,2022-12-07,34237.22,17637.97,860247.49,876846.74,16599.25,2,0,10,0.021052,108945.1
C001,2022-12-08,33841.03,14257.06,876846.74,896430.71,19583.97,3,0,11,0.017524,97270.32
C001,2022-12-09,14285.49,5735.82,896430.71,904980.38,8549.67,4,1,12,0.014572,102464.4
C001,2022-12-10,17121.88,26025.95,904980.38,896076.31,-8904.07,5,1,13,0.012095,124979.83
C001,2022-12-11,30986.95,16556.26,896076.31,910507.0,14430.69,6,0,14,0.010009,110320.59
C001,2022-12-12,32907.53,19309.44,910507.0,924105.09,13598.09,0,0,15,0.008239,108566.37
C001,2022-12-13,30321.08,13872.87,924105.09,940553.3,16448.21,1,0,16,0.006722,109575.26
C001,2022-12-14,32491.05,17305.2,940553.3,955739.15,15185.85,2,0,17,0.005398,100491.96
C001,2022-12-15,33657.31,11604.8,955739.15,977791.66,22052.51,3,0,18,0.004213,86016.12
C001,2022-12-16,13583.95,6492.77,977791.66,984882.84,7091.18,4,1,19,0.003111,50466.57
C001,2022-12-17,16150.78,7658.95,984882.84,993374.67,8491.83,5,1,20,0.002034,51032.7
C001,2022-12-18,33334.65,13873.5,993374.67,1012835.82,19461.15,6,0,21,0.000914,52158.71
C001,2022-12-19,31185.83,18298.31,1012835.82,1025723.34,12887.52,0,0,22,-0.000329,54169.28
C001,2022-12-20,31097.72,13203.65,1025723.34,1043617.41,17894.07,1,0,23,-0.001797,57944.61
C001,2022-12-21,30512.78,18787.75,1043617.41,1055342.44,11725.03,2,0,24,-0.003623,52744.49
C001,2022-12-22,32188.36,12167.21,1055342.44,1075363.59,20021.15,3,0,25,-0.005986,40982.64
C001,2022-12-23,13173.98,5921.79,1075363.59,1082615.78,7252.19,4,1,26,-0.00913,45716.83
C001,2022-12-24,15791.86,7774.69,1082615.78,1090632.95,8017.17,5,1,27,-0.013388,49297.97
C001,2022-12-25,29466.66,15384.68,1090632.95,1104714.93,14081.98,6,0,28,-0.019223,53381.28
C001,2022-12-26,33059.44,18403.68,1104714.93,1119370.69,14655.76,0,0,29,-0.027278,48968.82
C001,2022-12-27,36599.6,229777.08,1119370.69,926193.21,-193177.48,1,0,0,0.129999,258499.67
C001,2022-12-28,33795.63,18602.98,926193.21,941385.86,15192.65,2,0,1,0.108386,22022.08
C001,2022-12-29,37165.25,13325.8,941385.86,965225.31,23839.45,3,0,2,0.090366,7301.18
C001,2022-12-30,13634.77,6249.83,965225.31,972610.25,7384.94,4,1,3,0.075342,17889.61
C001,2022-12-31,17057.39,9688.31,972610.25,979979.33,7369.08,5,1,4,0.062814,28576.71
C001,2023-01-01,34862.43,67083.97,979979.33,947757.79,-32221.54,6,0,5,0.052369,83068.62
C001,2023-01-02,34191.06,19056.14,947757.79,962892.71,15134.92,0,0,6,0.043659,32314.2
C001,2023-01-03,33999.34,13060.72,962892.71,983831.33,20938.62,1,0,7,0.036396,31125.5
C001,2023-01-04,33292.19,20172.46,983831.33,996951.06,13119.73,2,0,8,0.030338,24300.83
C001,2023-01-05,34372.07,52534.95,996951.06,978788.18,-18162.88,3,0,9,0.025284,49536.15
C001,2023-01-06,13837.69,6834.03,978788.18,985791.84,7003.66,4,1,10,0.021066,-38358.93
C001,2023-01-07,16583.15,8673.96,985791.84,993701.03,7909.19,5,1,11,0.017544,-31660.64
C001,2023-01-08,32281.53,18537.78,993701.03,1007444.78,13743.75,6,0,12,0.014599,-28356.1
C001,2023-01-09,34629.63,21018.27,1007444.78,1021056.14,13611.36,0,0,13,0.012133,-29033.0
C001,2023-01-10,32159.07,32387.62,1021056.14,1020827.59,-228.55,1,0,14,0.010062,-9832.12
C001,2023-01-11,31627.33,19783.46,1020827.59,1032671.46,11843.87,2,0,15,0.008313,-34673.05
C001,2023-01-12,31048.99,13591.89,1032671.46,1050128.56,17457.1,3,0,16,0.006826,-44841.24
C001,2023-01-13,11787.57,5685.02,1050128.56,1056231.11,6102.55,4,1,17,0.005543,-35329.43
C001,2023-01-14,15861.04,8284.37,1056231.11,1063807.78,7576.67,5,1,18,0.004416,-32687.95
C001,2023-01-15,32436.3,60894.67,1063807.78,1035349.41,-28458.37,6,0,19,0.003394,13849.29
C001,2023-01-16,30062.44,21004.48,1035349.41,1044407.37,9057.96,0,0,20,0.002428,18500.5
C001,2023-01-17,34381.97,13794.81,1044407.37,1064994.53,20587.16,1,0,21,0.001465,16925.03
C001,2023-01-18,33967.38,19069.29,1064994.53,1079892.62,14898.09,2,0,22,0.000439,9182.76
C001,2023-01-19,33304.02,11634.62,1079892.62,1101562.02,21669.4,3,0,23,-0.000725,-3019.83
C001,2023-01-20,13760.97,7236.06,1101562.02,1108086.93,6524.91,4,1,24,-0.002127,9306.85
C001,2023-01-21,16335.94,8076.64,1108086.93,1116346.23,8259.3,5,1,25,-0.003898,12738.85
C001,2023-01-22,31107.34,19120.96,1116346.23,1128332.61,11986.38,6,0,26,-0.006216,18169.26
C001,2023-01-23,30368.39,18770.08,1128332.61,1139930.92,11598.31,0,0,27,-0.009321,19983.93
C001,2023-01-24,32122.33,13957.04,1139930.92,1158096.21,18165.29,1,0,28,-0.013547,19390.13
C001,2023-01-25,28675.68,18432.38,1158096.21,1168339.51,10243.3,2,0,29,-0.019356,16412.25
C001,2023-01-26,29608.08,13254.71,1168339.51,1184692.88,16353.37,3,0,30,-0.027389,7969.22
C001,2023-01-27,13741.7,235026.64,1184692.88,963407.94,-221284.94,4,1,0,0.129999,244951.47
C001,2023-01-28,17209.45,8090.9,963407.94,972526.49,9118.55,5,1,1,0.108386,23122.74
C001,2023-01-29,35101.9,17128.53,972526.49,990499.86,17973.37,6,0,2,0.090366,26023.74
C001,2023-01-30,34907.45,16851.27,990499.86,1008556.04,18056.18,0,0,3,0.075342,-31377.9
C001,2023-01-31,34764.42,12494.05,1008556.04,1030826.41,22270.37,1,0,4,0.062814,-35640.5
C001,2023-02-01,33509.13,69128.63,1030826.41,995206.91,-35619.5,2,0,5,0.052369,7017.46
C001,2023-02-02,32662.22,12912.3,995206.91,1014956.83,19749.92,3,0,6,0.043659,-5534.32
C001,2023-02-03,12899.03,6603.97,1014956.83,1021251.89,6295.06,4,1,7,0.036396,-38479.23
C001,2023-02-04,15815.11,8742.67,1021251.89,1028324.33,7072.44,5,1,8,0.030338,-35236.48
C001,2023-02-05,34877.55,115768.97,1028324.33,947432.91,-80891.42,6,0,9,0.025284,58776.54
C001,2023-02-06,34542.41,19934.93,947432.91,962040.39,14607.48,0,0,10,0.021066,52206.12
C001,2023-02-07,29872.72,12824.43,962040.39,979088.68,17048.29,1,0,11,0.017544,52892.65
C001,2023-02-08,31962.97,19028.51,979088.68,992023.14,12934.46,2,0,12,0.014599,27679.28
C001,2023-02-09,31353.03,12380.7,992023.14,1010995.47,18972.33,3,0,13,0.012133,15350.38
C001,2023-02-10,12820.75,25817.81,1010995.47,997998.41,-12997.06,4,1,14,0.010062,42563.74
C001,2023-02-11,15969.88,8680.97,997998.41,1005287.32,7288.91,5,1,15,0.008313,43100.69
C001,2023-02-12,32498.51,16884.15,1005287.32,1020901.68,15614.36,6,0,16,0.006826,41393.16
C001,2023-02-13,28640.73,18422.58,1020901.68,1031119.83,10218.15,0,0,17,0.005543,37310.73
C001,2023-02-14,30746.93,12668.06,1031119.83,1049198.7,18078.87,1,0,18,0.004416,36055.6
C001,2023-02-15,31244.95,17535.78,1049198.7,1062907.87,13709.17,2,0,19,0.003394,28443.67
C001,2023-02-16,31438.16,12426.47,1062907.87,1081919.56,19011.69,3,0,20,0.002428,16842.62
C001,2023-02-17,13105.69,5949.87,1081919.56,1089075.38,7155.82,4,1,21,0.001465,22012.32
C001,2023-02-18,17435.8,7968.99,1089075.38,1098542.19,9466.81,5,1,22,0.000439,21885.49
C001,2023-02-19,33043.04,14191.45,1098542.19,1117393.78,18851.59,6,0,23,-0.000725,19903.14
C001,2023-02-20,30563.86,18872.56,1117393.78,1129085.08,11691.3,0,0,24,-0.002127,18583.78
C001,2023-02-21,30274.48,12857.69,1129085.08,1146501.87,17416.79,1,0,25,-0.003898,17184.53
C001,2023-02-22,30506.2,17093.22,1146501.87,1159914.85,13412.98,2,0,26,-0.006216,9715.86
C001,2023-02-23,30503.01,12931.52,1159914.85,1177486.34,17571.49,3,0,27,-0.009321,-2446.2
C001,2023-02-24,13308.48,6043.06,1177486.34,1184751.76,7265.42,4,1,28,-0.013547,3245.16
C001,2023-02-25,16282.78,8372.44,1184751.76,1192662.1,7910.34,5,1,29,-0.019356,-217929.12
C001,2023-02-26,30729.84,15032.53,1192662.1,1208359.41,15697.31,6,0,30,-0.027389,-214783.19
C001,2023-02-27,34787.16,247497.34,1208359.41,995649.23,-212710.18,0,0,0,0.129997,10570.74
C001,2023-02-28,32600.26,11725.89,995649.23,1016523.6,20874.37,1,0,1,0.108383,6398.81
C001,2023-03-01,31709.06,71054.52,1016523.6,977178.14,-39345.46,2,0,2,0.090362,52345.63
C001,2023-03-02,32852.57,14844.8,977178.14,995185.91,18007.77,3,0,3,0.075336,-8959.61
C001,2023-03-03,13195.19,6156.73,995185.91,1002224.37,7038.46,4,1,4,0.062806,719.96
C001,2023-03-04,16562.27,9364.13,1002224.37,1009422.51,7198.14,5,1,5,0.052357,2723.97
C001,2023-03-05,31980.23,58630.08,1009422.51,982772.66,-26649.85,6,0,6,0.043643,44222.08
C001,2023-03-06,31394.11,21078.92,982772.66,993087.85,10315.19,0,0,7,0.036373,4309.8
C001,2023-03-07,29379.96,16258.36,993087.85,1006209.45,13121.6,1,0,8,0.030306,6439.02
C001,2023-03-08,28784.14,20747.08,1006209.45,1014246.51,8037.06,2,0,9,0.02524,4815.17
C001,2023-03-09,32154.76,14419.94,1014246.51,1031981.33,17734.82,3,0,10,0.021005,-3938.12
C001,2023-03-10,13174.98,25453.89,1031981.33,1019702.42,-12278.91,4,1,11,0.017459,20495.08
C001,2023-03-11,16693.96,10050.53,1019702.42,1026345.85,6643.43,5,1,12,0.01448,5585.5
C001,2023-03-12,35063.28,20846.98,1026345.85,1040562.15,14216.3,6,0,13,0.011967,3811.79
C001,2023-03-13,30908.55,23082.69,1040562.15,1048388.01,7825.86,0,0,14,0.00983,5072.97
C001,2023-03-14,30855.81,16948.98,1048388.01,1062294.84,13906.83,1,0,15,0.00799,6483.92
C001,2023-03-15,27000.92,20865.2,1062294.84,1068430.56,6135.72,2,0,16,0.006374,5398.55
C001,2023-03-16,31286.31,14462.57,1068430.56,1085254.3,16823.74,3,0,17,0.004913,-49403.29
C001,2023-03-17,12764.88,6667.64,1085254.3,1091351.54,6097.24,4,1,18,0.003536,-43442.37
C001,2023-03-18,15518.7,8108.06,1091351.54,1098762.18,7410.64,5,1,19,0.002167,-43312.26
C001,2023-03-19,30941.44,18615.92,1098762.18,1111087.7,12325.52,6,0,20,0.000715,-43955.27
C001,2023-03-20,29268.81,19928.83,1111087.7,1120427.68,9339.98,0,0,21,-0.000926,-47930.37
C001,2023-03-21,30505.12,13635.88,1120427.68,1137296.92,16869.24,1,0,22,-0.002897,-56613.62
C001,2023-03-22,28679.73,18307.79,1137296.92,1147668.86,10371.94,2,0,23,-0.005381,-65207.24
C001,2023-03-23,28150.47,12132.93,1147668.86,1163686.4,16017.54,3,0,24,-0.008625,-76626.44
C001,2023-03-24,11626.78,5682.47,1163686.4,1169630.71,5944.31,4,1,25,-0.012967,-72973.91
C001,2023-03-25,13898.34,8488.91,1169630.71,1175040.14,5409.43,5,1,26,-0.018873,-67987.92
C001,2023-03-26,27985.12,15028.34,1175040.14,1187996.92,12956.78,6,0,27,-0.026985,-65829.67
C001,2023-03-27,31850.06,245114.0,1187996.92,974732.98,-213263.94,0,0,0,0.129999,159055.15
C001,2023-03-28,30295.73,11452.49,974732.98,993576.22,18843.24,1,0,1,0.108386,-67242.17
C001,2023-03-29,29330.3,16686.55,993576.22,1006219.97,12643.75,2,0,2,0.090366,-71950.86
C001,2023-03-30,28802.86,12100.42,1006219.97,1022922.41,16702.44,3,0,3,0.075342,-78932.16
C001,2023-03-31,12209.05,5607.69,1022922.41,1029523.77,6601.36,4,1,4,0.062814,-66249.91
C001,2023-04-01,14883.66,58181.13,1029523.77,986226.3,-43297.47,5,1,5,0.052369,-56277.06
C001,2023-04-02,31634.76,14916.73,986226.3,1002944.33,16718.03,6,0,6,0.043659,-54990.02
C001,2023-04-03,27220.15,18018.0,1002944.33,1012146.48,9202.15,0,0,7,0.036396,-52315.88
C001,2023-04-04,26980.22,12131.96,1012146.48,1026994.74,14848.26,1,0,8,0.030338,-49878.89
C001,2023-04-05,26676.43,56273.52,1026994.74,997397.65,-29597.09,2,0,9,0.025284,-54726.12
C001,2023-04-06,27200.1,11949.28,997397.65,1012648.47,15250.82,3,0,10,0.021066,-61762.79
C001,2023-04-07,11598.87,5185.66,1012648.47,1019061.68,6413.21,4,1,11,0.017544,-52452.5
C001,2023-04-08,15836.65,6855.12,1019061.68,1028043.21,8981.53,5,1,12,0.014599,-50134.52
C001,2023-04-09,27453.17,15298.88,1028043.21,1040197.5,12154.29,6,0,13,0.012133,-46487.22
C001,2023-04-10,26148.61,34414.76,1040197.5,1031931.35,-8266.15,0,0,14,0.010062,-46011.75
C001,2023-04-11,25691.31,13248.72,1031931.35,1044373.94,12442.59,1,0,15,0.008313,-38930.4
C001,2023-04-12,25599.38,16512.34,1044373.94,1053460.98,9087.04,2,0,16,0.006826,-40160.5
C001,2023-04-13,27047.64,11729.86,1053460.98,1068778.76,15317.78,3,0,17,0.005543,-45872.33
C001,2023-04-14,10457.23,5406.88,1068778.76,1073829.11,5050.35,4,1,18,0.004416,-36030.04
C001,2023-04-15,13074.56,51052.66,1073829.11,1035851.01,-37978.1,5,1,19,0.003394,14819.01
C001,2023-04-16,25293.0,13234.84,1035851.01,1047909.17,12058.16,6,0,20,0.002428,16479.76
C001,2023-04-17,23306.94,15766.19,1047909.17,1055449.92,7540.75,0,0,21,0.001465,21180.43
C001,2023-04-18,22958.19,11275.68,1055449.92,1067132.43,11682.51,1,0,22,0.000439,26483.21
C001,2023-04-19,20135.57,14770.69,1067132.43,1072497.31,5364.88,2,0,23,-0.000725,27851.23
C001,2023-04-20,18288.3,10102.31,1072497.31,1080683.3,8185.99,3,0,24,-0.002127,26881.08
C001,2023-04-21,6720.93,4942.61,1080683.3,1082461.62,1778.32,4,1,25,-0.003898,40423.81
C001,2023-04-22,11088.33,6489.99,1082461.62,1087059.96,4598.34,5,1,26,-0.006216,48750.61
C001,2023-04-23,21990.56,12393.72,1087059.96,1096656.8,9596.84,6,0,27,-0.009321,56230.93
C001,2023-04-24,24007.57,13612.15,1096656.8,1107052.22,10395.42,0,0,28,-0.013547,53917.31
C001,2023-04-25,25216.83,10101.8,1107052.22,1122167.25,15115.03,1,0,29,-0.019356,55822.5
C001,2023-04-26,25410.29,13789.41,1122167.25,1133788.13,11620.88,2,0,30,-0.027389,49633.6
C001,2023-04-27,31463.59,238917.67,1133788.13,926334.05,-207454.08,3,0,0,0.129998,41252.69
C001,2023-04-28,13417.88,5482.82,926334.05,934269.11,7935.06,4,1,1,0.108385,50323.32
C001,2023-04-29,16697.62,6976.48,934269.11,943990.25,9721.14,5,1,2,0.090365,55505.24
C001,2023-04-30,34556.48,15272.87,943990.25,963273.86,19283.61,6,0,3,0.07534,55047.46
C001,2023-05-01,33502.94,66827.56,963273.86,929949.24,-33324.62,0,0,4,0.062813,101374.13
C001,2023-05-02,30478.01,12472.94,929949.24,947954.31,18005.07,1,0,5,0.052366,50117.34
C001,2023-05-03,29959.91,18083.62,947954.31,959830.6,11876.29,2,0,6,0.043655,45193.37
C001,2023-05-04,29503.54,12218.29,959830.6,977115.85,17285.25,3,0,7,0.03639,37391.7
C001,2023-05-05,12215.39,46659.71,977115.85,942671.53,-34444.32,4,1,8,0.03033,83935.81
C001,2023-05-06,15185.04,6970.89,942671.53,950885.68,8214.15,5,1,9,0.025274,49358.16
C001,2023-05-07,31615.01,15891.51,950885.68,966609.18,15723.5,6,0,10,0.021052,48804.3
C001,2023-05-08,29271.84,17972.33,966609.18,977908.69,11299.51,0,0,11,0.017524,49600.38
C001,2023-05-09,29731.0,13929.41,977908.69,993710.28,15801.59,1,0,12,0.014572,51219.86
C001,2023-05-10,28852.41,36643.09,993710.28,985919.6,-7790.68,2,0,13,0.012095,65165.05
C001,2023-05-11,31586.95,12063.01,985919.6,1005443.54,19523.94,3,0,14,0.010009,30374.39
C001,2023-05-12,13518.22,5661.28,1005443.54,1013300.48,7856.94,4,1,15,0.008239,35377.14
C001,2023-05-13,16654.66,7048.71,1013300.48,1022906.43,9605.95,5,1,16,0.006722,39250.72
C001,2023-05-14,31857.56,16964.92,1022906.43,1037799.07,14892.64,6,0,17,0.005398,43244.1
C001,2023-05-15,31243.91,18372.96,1037799.07,1050670.02,12870.95,0,0,18,0.004213,41700.42
C001,2023-05-16,27230.42,13511.51,1050670.02,1064388.93,13718.91,1,0,19,0.003111,44958.78
C001,2023-05-17,28074.81,15833.39,1064388.93,1076630.35,12241.42,2,0,20,0.002034,39360.49
C001,2023-05-18,30314.16,13328.87,1076630.35,1093615.64,16985.29,3,0,21,0.000914,30735.89
C001,2023-05-19,12819.27,6086.37,1093615.64,1100348.54,6732.9,4,1,22,-0.000329,41267.83
C001,2023-05-20,15513.4,8297.56,1100348.54,1107564.38,7215.84,5,1,23,-0.001797,47534.01
C001,2023-05-21,31185.94,15864.89,1107564.38,1122885.43,15321.05,6,0,24,-0.003623,47343.12
C001,2023-05-22,30112.65,17187.51,1122885.43,1135810.57,12925.14,0,0,25,-0.005986,45039.63
C001,2023-05-23,29373.04,12295.88,1135810.57,1152887.73,17077.16,1,0,26,-0.00913,43276.14
C001,2023-05-24,26138.88,18057.08,1152887.73,1160969.53,8081.8,2,0,27,-0.013388,40538.52
C001,2023-05-25,29140.36,12120.14,1160969.53,1177989.75,17020.22,3,0,28,-0.019223,31911.7
C001,2023-05-26,12045.11,6613.13,1177989.75,1183421.73,5431.98,4,1,29,-0.027278,36112.18
C001,2023-05-27,17637.47,233472.46,1183421.73,967586.74,-215834.99,5,1,0,0.129999,259821.88
C001,2023-05-28,32929.0,15923.31,967586.74,984592.43,17005.69,6,0,1,0.108386,28423.81
C001,2023-05-29,32275.8,17372.74,984592.43,999495.49,14903.06,0,0,2,0.090366,20544.94
C001,2023-05-30,32250.34,13424.51,999495.49,1018321.32,18825.83,1,0,3,0.075342,12732.72
C001,2023-05-31,30146.6,17144.55,1018321.32,1031323.37,13002.05,2,0,4,0.062814,3728.69
C001,2023-06-01,31047.92,64299.64,1031323.37,998071.65,-33251.72,3,0,5,0.052369,-8114.8
C001,2023-06-02,12781.62,5829.3,998071.65,1005023.97,6952.32,4,1,6,0.043659,-371.25
C001,2023-06-03,17608.26,8124.68,1005023.97,1014507.55,9483.58,5,1,7,0.036396,4866.04
C001,2023-06-04,29411.43,17311.64,1014507.55,1026607.34,12099.79,6,0,8,0.030338,11697.17
C001,2023-06-05,29629.7,55993.2,1026607.34,1000243.84,-26363.5,0,0,9,0.025284,10592.09
C001,2023-06-06,28343.21,13173.57,1000243.84,1015413.48,15169.64,1,0,10,0.021066,12380.48
C001,2023-06-07,29610.8,17515.21,1015413.48,1027509.07,12095.59,2,0,11,0.017544,6709.14
C001,2023-06-08,30540.74,13119.67,1027509.07,1044930.14,17421.07,3,0,12,0.014599,-3542.4
C001,2023-06-09,11933.67,5779.16,1044930.14,1051084.65,6154.51,4,1,13,0.012133,4641.56
C001,2023-06-10,14606.51,29873.23,1051084.65,1035817.93,-15266.72,5,1,14,0.010062,3502.84
C001,2023-06-11,29695.72,16836.03,1035817.93,1048677.62,12859.69,6,0,15,0.008313,3996.32
C001,2023-06-12,30866.19,17386.66,1048677.62,1062157.15,13479.53,0,0,16,0.006826,1996.67
C001,2023-06-13,31173.79,12287.77,1062157.15,1081043.17,18886.02,1,0,17,0.005543,274.59
C001,2023-06-14,28920.93,17593.66,1081043.17,1092370.44,11327.27,2,0,18,0.004416,-5194.38
C001,2023-06-15,29058.96,12081.69,1092370.44,1109347.71,16977.27,3,0,19,0.003394,-59710.16
C001,2023-06-16,12703.39,6060.26,1109347.71,1115990.84,6643.13,4,1,20,0.002428,-47621.22
C001,2023-06-17,16332.13,7971.44,1115990.84,1124351.53,8360.69,5,1,21,0.001465,-43248.77
C001,2023-06-18,32182.8,14917.96,1124351.53,1141616.37,17264.84,6,0,22,0.000439,-45740.77
C001,2023-06-19,31441.74,17959.72,1141616.37,1155098.39,13482.02,0,0,23,-0.000725,-48654.31
C001,2023-06-20,28094.21,12964.05,1155098.39,1170228.55,15130.16,1,0,24,-0.002127,-48681.94
C001,2023-06-21,27518.31,16896.66,1170228.55,1180850.2,10621.65,2,0,25,-0.003898,-53168.57
C001,2023-06-22,27759.47,12445.8,1180850.2,1196163.87,15313.67,3,0,26,-0.006216,-61291.03
C001,2023-06-23,11675.9,6331.72,1196163.87,1201508.05,5344.18,4,1,27,-0.009321,-54694.94
C001,2023-06-24,15084.14,6690.74,1201508.05,1209901.45,8393.4,5,1,28,-0.013547,-50801.5
C001,2023-06-25,26468.58,16836.12,1209901.45,1219533.91,9632.46,6,0,29,-0.019356,-45987.12
C001,2023-06-26,24179.77,16305.06,1219533.91,1227408.62,7874.71,0,0,30,-0.027389,-42001.31
C001,2023-06-27,24326.4,238718.78,1227408.62,1013016.24,-214392.38,1,0,0,0.129998,-32595.45
C001,2023-06-28,22993.32,15969.13,1013016.24,1020040.43,7024.19,2,0,1,0.108385,-32011.72
C001,2023-06-29,22828.36,11814.75,1020040.43,1031054.04,11013.61,3,0,2,0.090365,-34005.94
C001,2023-06-30,9751.22,5753.2,1031054.04,1035052.06,3998.02,4,1,3,0.07534,-21213.78
C001,2023-07-01,12281.56,57376.77,1035052.06,989956.85,-45095.21,5,1,4,0.062813,39108.12
C001,2023-07-02,28331.76,13635.89,989956.85,1004652.72,14695.87,6,0,5,0.052366,-6618.4
C001,2023-07-03,28579.02,13858.15,1004652.72,1019373.59,14720.87,0,0,6,0.043655,-4497.66
C001,2023-07-04,30043.42,11112.5,1019373.59,1038304.51,18930.92,1,0,7,0.03639,-1733.57
C001,2023-07-05,27956.22,55424.8,1038304.51,1010835.93,-27468.58,2,0,8,0.03033,33492.07
C001,2023-07-06,28949.25,11991.22,1010835.93,1027793.96,16958.03,3,0,9,0.025274,-14803.24
C001,2023-07-07,12664.71,6240.46,1027793.96,1034218.21,6424.25,4,1,10,0.021052,-8568.78
C001,2023-07-08,15283.06,8113.53,1034218.21,1041387.74,7169.53,5,1,11,0.017524,-6826.51
C001,2023-07-09,29372.12,15033.65,1041387.74,1055726.21,14338.47,6,0,12,0.014572,-5430.5
C001,2023-07-10,28316.95,44722.39,1055726.21,1039320.77,-16405.44,0,0,13,0.012095,20672.95
C001,2023-07-11,26456.05,13102.88,1039320.77,1052673.94,13353.17,1,0,14,0.010009,293.41
C001,2023-07-12,26453.61,14973.73,1052673.94,1064153.82,11479.88,2,0,15,0.008239,-5164.31
C001,2023-07-13,27795.12,10631.18,1064153.82,1081317.76,17163.94,3,0,16,0.006722,-14611.24
C001,2023-07-14,11877.93,6019.63,1081317.76,1087176.06,5858.3,4,1,17,0.005398,-5659.26
C001,2023-07-15,15414.65,52953.16,1087176.06,1049637.55,-37538.51,5,1,18,0.004213,41261.04
C001,2023-07-16,33382.63,14650.56,1049637.55,1068369.62,18732.07,6,0,19,0.003111,37990.93
C001,2023-07-17,29781.91,17048.77,1068369.62,1081102.76,12733.14,0,0,20,0.002034,36202.92
C001,2023-07-18,27759.9,12987.06,1081102.76,1095875.6,14772.84,1,0,21,0.000914,39702.19
C001,2023-07-19,27959.08,17390.6,1095875.6,1106444.08,10568.48,2,0,22,-0.000329,34792.56
C001,2023-07-20,27290.55,12188.02,1106444.08,1121546.61,15102.53,3,0,23,-0.001797,27633.35
C001,2023-07-21,12146.02,6011.0,1121546.61,1127681.63,6135.02,4,1,24,-0.003623,38991.67
C001,2023-07-22,15248.37,8057.16,1127681.63,1134872.84,7191.21,5,1,25,-0.005986,45494.07
C001,2023-07-23,27908.2,15967.93,1134872.84,1146813.11,11940.27,6,0,26,-0.00913,49703.16
C001,2023-07-24,27765.25,15478.41,1146813.11,1159099.95,12286.84,0,0,27,-0.013388,48606.73
C001,2023-07-25,27465.39,13018.55,1159099.95,1173546.79,14446.84,1,0,28,-0.019223,52680.75
C001,2023-07-26,28593.93,16733.41,1173546.79,1185407.31,11860.52,2,0,29,-0.027278,47412.97
C001,2023-07-27,32983.72,237970.24,1185407.31,980420.79,-204986.52,3,0,0,0.129999,260135.02
C001,2023-07-28,13938.11,6330.19,980420.79,988028.71,7607.92,4,1,1,0.108386,48379.6
C001,2023-07-29,16847.56,7828.17,988028.71,997048.1,9019.39,5,1,2,0.090366,55888.8
C001,2023-07-30,33170.79,16380.61,997048.1,1013838.28,16790.18,6,0,3,0.075342,60350.14
C001,2023-07-31,32545.07,17318.38,1013838.28,1029064.97,15226.69,0,0,4,0.062814,56989.28
C001,2023-08-01,33171.18,64201.83,1029064.97,998034.32,-31030.65,1,0,5,0.052369,109912.92
C001,2023-08-02,34053.29,17211.68,998034.32,1014875.93,16841.61,2,0,6,0.043659,50255.26
C001,2023-08-03,35338.98,13643.97,1014875.93,1036570.94,21695.01,3,0,7,0.036396,39038.67
C001,2023-08-04,14963.7,7206.64,1036570.94,1044328.0,7757.06,4,1,8,0.030338,49454.48
C001,2023-08-05,18009.27,49346.55,1044328.0,1012990.72,-31337.28,5,1,9,0.025284,91819.35
C001,2023-08-06,31751.49,19092.78,1012990.72,1025649.43,12658.71,6,0,10,0.021066,59825.79
C001,2023-08-07,32568.95,23657.15,1025649.43,1034561.23,8911.8,0,0,11,0.017544,69237.06
C001,2023-08-08,31712.61,15978.13,1034561.23,1050295.71,15734.48,1,0,12,0.014599,71951.99
C001,2023-08-09,30952.8,21254.79,1050295.71,1059993.72,9698.01,2,0,13,0.012133,69963.05
C001,2023-08-10,32624.24,39650.61,1059993.72,1052967.35,-7026.37,3,0,14,0.010062,87503.05
C001,2023-08-11,13713.46,7691.3,1052967.35,1058989.51,6022.16,4,1,15,0.008313,82338.71
C001,2023-08-12,16980.93,9263.92,1058989.51,1066706.52,7717.01,5,1,16,0.006826,89225.2
C001,2023-08-13,32807.64,17997.36,1066706.52,1081516.8,14810.28,6,0,17,0.005543,93791.29
C001,2023-08-14,30605.18,21223.39,1081516.8,1090898.59,9381.79,0,0,18,0.004416,97843.79
C001,2023-08-15,29711.59,14249.63,1090898.59,1106360.55,15461.96,1,0,19,0.003394,104752.15
C001,2023-08-16,31440.24,20495.11,1106360.55,1117305.68,10945.13,2,0,20,0.002428,102134.74
C001,2023-08-17,33099.63,14827.52,1117305.68,1135577.79,18272.11,3,0,21,0.001465,92767.05
C001,2023-08-18,12758.94,7100.09,1135577.79,1141236.64,5658.85,4,1,22,0.000439,103480.83
C001,2023-08-19,16792.22,8848.9,1141236.64,1149179.96,7943.32,5,1,23,-0.000725,110776.16
C001,2023-08-20,34597.88,17104.54,1149179.96,1166673.3,17493.34,6,0,24,-0.002127,111330.13
C001,2023-08-21,35193.76,21500.15,1166673.3,1180366.91,13693.61,0,0,25,-0.003898,109924.69
C001,2023-08-22,32513.1,16363.74,1180366.91,1196516.27,16149.36,1,0,26,-0.006216,115372.98
C001,2023-08-23,33108.46,21918.05,1196516.27,1207706.68,11190.41,2,0,27,-0.009321,111688.52
C001,2023-08-24,33258.83,14737.97,1207706.68,1226227.54,18520.86,3,0,28,-0.013547,103285.39
C001,2023-08-25,13539.74,6947.0,1226227.54,1232820.28,6592.74,4,1,29,-0.019356,114951.53
C001,2023-08-26,16282.98,8547.45,1232820.28,1240555.81,7735.53,5,1,30,-0.027389,119314.08
C001,2023-08-27,42367.24,246514.74,1240555.81,1036408.31,-204147.5,6,0,0,0.129999,342312.97
C001,2023-08-28,38323.96,21795.37,1036408.31,1052936.9,16528.59,0,0,1,0.108386,118695.14
C001,2023-08-29,36383.89,15132.37,1052936.9,1074188.42,21251.52,1,0,2,0.090366,123623.0
C001,2023-08-30,33239.88,21374.05,1074188.42,1086054.25,11865.83,2,0,3,0.075342,120955.6
C001,2023-08-31,35692.68,13799.69,1086054.25,1107947.24,21892.99,3,0,4,0.062814,108355.47
C001,2023-09-01,15234.43,58050.48,1107947.24,1065131.19,-42816.05,4,1,5,0.052369,120509.82
C001,2023-09-02,19438.32,8959.9,1065131.19,1075609.61,10478.42,5,1,6,0.043659,127560.44
C001,2023-09-03,37351.39,19178.52,1075609.61,1093782.48,18172.87,6,0,7,0.036396,133146.09
C001,2023-09-04,34060.42,23032.83,1093782.48,1104810.07,11027.59,0,0,8,0.030338,140483.08
C001,2023-09-05,35673.49,55008.34,1104810.07,1085475.22,-19334.85,1,0,9,0.025284,139310.98
C001,2023-09-06,38240.97,19917.9,1085475.22,1103798.29,18323.07,2,0,10,0.021066,129260.66
C001,2023-09-07,34890.99,16441.58,1103798.29,1122247.7,18449.41,3,0,11,0.017544,119903.83
C001,2023-09-08,14506.06,6796.99,1122247.7,1129956.77,7709.07,4,1,12,0.014599,129193.52
C001,2023-09-09,19846.42,9332.79,1129956.77,1140470.4,10513.63,5,1,13,0.012133,133138.38
C001,2023-09-10,40635.94,39778.12,1140470.4,1141328.22,857.82,6,0,14,0.010062,136306.76
C001,2023-09-11,39329.21,24725.71,1141328.22,1155931.72,14603.5,0,0,15,0.008313,142228.21
C001,2023-09-12,37039.23,17662.86,1155931.72,1175308.09,19376.37,1,0,16,0.006826,120228.5
C001,2023-09-13,35706.57,22272.28,1175308.09,1188742.38,13434.29,2,0,17,0.005543,116231.58
C001,2023-09-14,38584.32,16214.0,1188742.38,1211112.7,22370.32,3,0,18,0.004416,103783.71
C001,2023-09-15,15574.35,7246.63,1211112.7,1219440.42,8327.72,4,1,19,0.003394,67051.72
C001,2023-09-16,19001.2,10096.78,1219440.42,1228344.84,8904.42,5,1,20,0.002428,72848.23
C001,2023-09-17,39511.37,23138.74,1228344.84,1244717.47,16372.63,6,0,21,0.001465,76999.44
C001,2023-09-18,36825.85,21587.2,1244717.47,1259956.12,15238.65,0,0,22,0.000439,79186.85
C001,2023-09-19,34798.63,16751.32,1259956.12,1278003.43,18047.31,1,0,23,-0.000725,86048.97
C001,2023-09-20,35620.41,23332.24,1278003.43,1290291.6,12288.17,2,0,24,-0.002127,82886.12
C001,2023-09-21,36215.58,14617.93,1290291.6,1311889.25,21597.65,3,0,25,-0.003898,71512.77
C001,2023-09-22,14191.05,6685.1,1311889.25,1319395.2,7505.95,4,1,26,-0.006216,87454.48
C001,2023-09-23,19827.52,9709.79,1319395.2,1329512.93,10117.73,5,1,27,-0.009321,95663.6
C001,2023-09-24,37508.37,19249.49,1329512.93,1347771.81,18258.88,6,0,28,-0.013547,98430.87
C001,2023-09-25,33558.62,21460.54,1347771.81,1359869.89,12098.08,0,0,29,-0.019356,98845.27
C001,2023-09-26,34125.7,15274.31,1359869.89,1378721.28,18851.39,1,0,30,-0.027389,102866.53
C001,2023-09-27,39582.75,246671.99,1378721.28,1171632.04,-207089.24,2,0,0,0.129998,93699.1
C001,2023-09-28,39723.73,13544.35,1171632.04,1197811.42,26179.38,3,0,1,0.108385,82156.95
C001,2023-09-29,16199.75,7001.32,1197811.42,1207009.85,9198.43,4,1,2,0.090365,98171.8
C001,2023-09-30,18283.76,8990.9,1207009.85,1216302.71,9292.86,5,1,3,0.07534,111564.59
C001,2023-10-01,37878.25,68539.95,1216302.71,1185641.01,-30661.7,6,0,4,0.062813,167409.18
C001,2023-10-02,38242.48,20713.44,1185641.01,1203170.05,17529.04,0,0,5,0.052366,115565.59
C001,2023-10-03,39011.49,15252.97,1203170.05,1226928.57,23758.52,1,0,6,0.043655,118233.97
C001,2023-10-04,39150.77,20786.19,1226928.57,1245293.15,18364.58,2,0,7,0.03639,109139.2
C001,2023-10-05,33452.48,53959.43,1245293.15,1224786.2,-20506.95,3,0,8,0.03033,139605.28
C001,2023-10-06,14539.33,6266.58,1224786.2,1233058.95,8272.75,4,1,9,0.025274,112721.39
C001,2023-10-07,18398.48,9305.9,1233058.95,1242151.53,9092.58,5,1,10,0.021052,121927.56
C001,2023-10-08,35631.96,18633.2,1242151.53,1259150.29,16998.76,6,0,11,0.017524,127203.07
C001,2023-10-09,34420.72,19962.23,1259150.29,1273608.78,14458.49,0,0,12,0.014572,131404.3
C001,2023-10-10,35934.13,31907.93,1273608.78,1277634.98,4026.2,1,0,13,0.012095,152507.72
C001,2023-10-11,40162.69,19637.74,1277634.98,1298159.93,20524.95,2,0,14,0.010009,122505.88
C001,2023-10-12,38710.08,41333.42,1298159.93,1295536.59,-2623.34,3,0,15,0.008239,135744.37
C001,2023-10-13,16429.74,6992.37,1295536.59,1304973.96,9437.37,4,1,16,0.006722,147906.48
C001,2023-10-14,19558.39,9635.94,1304973.96,1314896.41,9922.45,5,1,17,0.005398,152345.16
C001,2023-10-15,37059.46,65463.73,1314896.41,1286492.14,-28404.27,6,0,18,0.004213,202651.74
C001,2023-10-16,35113.52,20412.59,1286492.14,1301193.07,14700.93,0,0,19,0.003111,199766.81
C001,2023-10-17,34933.51,14409.67,1301193.07,1321716.91,20523.84,1,0,20,0.002034,202749.03
C001,2023-10-18,35398.43,17972.37,1321716.91,1339142.97,17426.06,2,0,21,0.000914,194136.85
C001,2023-10-19,38527.16,13617.73,1339142.97,1364052.4,24909.43,3,0,22,-0.000329,180071.01
C001,2023-10-20,15808.28,6682.96,1364052.4,1373177.72,9125.32,4,1,23,-0.001797,195760.65
C001,2023-10-21,19239.17,9014.87,1373177.72,1383402.02,10224.3,5,1,24,-0.003623,201769.7
C001,2023-10-22,41012.79,17565.13,1383402.02,1406849.68,23447.66,6,0,25,-0.005986,200746.08
C001,2023-10-23,38718.68,20391.83,1406849.68,1425176.53,18326.85,0,0,26,-0.00913,197679.45
C001,2023-10-24,36961.24,15935.09,1425176.53,1446202.68,21026.15,1,0,27,-0.013388,200326.14
C001,2023-10-25,33926.26,21413.78,1446202.68,1458715.16,12512.48,2,0,28,-0.019223,195102.04
C001,2023-10-26,37467.52,14594.87,1458715.16,1481587.81,22872.65,3,0,29,-0.027278,183133.97
C001,2023-10-27,18739.62,234996.29,1481587.81,1265331.14,-216256.67,4,1,0,0.129999,417420.81
C001,2023-10-28,23674.72,9037.49,1265331.14,1279968.37,14637.23,5,1,1,0.108386,192750.57
C001,2023-10-29,45339.99,20126.71,1279968.37,1305181.65,25213.28,6,0,2,0.090366,197439.75
C001,2023-10-30,43266.39,20580.74,1305181.65,1327867.3,22685.65,0,0,3,0.075342,193719.21
C001,2023-10-31,41127.32,15944.43,1327867.3,1353050.19,25182.89,1,0,4,0.062814,194634.25
C001,2023-11-01,37366.31,71680.86,1353050.19,1318735.64,-34314.55,2,0,5,0.052369,187319.34
C001,2023-11-02,41097.24,14670.34,1318735.64,1345162.54,26426.9,3,0,6,0.043659,171794.9
C001,2023-11-03,16578.14,7308.33,1345162.54,1354432.35,9269.81,4,1,7,0.036396,183748.72
C001,2023-11-04,21039.75,11080.62,1354432.35,1364391.48,9959.13,5,1,8,0.030338,193672.32
C001,2023-11-05,42094.16,60705.3,1364391.48,1345780.34,-18611.14,6,0,9,0.025284,194293.55
C001,2023-11-06,38902.16,20603.41,1345780.34,1364079.09,18298.75,0,0,10,0.021066,193232.12
C001,2023-11-07,38787.92,16513.65,1364079.09,1386353.36,22274.27,1,0,11,0.017544,195470.24
C001,2023-11-08,39789.07,21129.35,1386353.36,1405013.08,18659.72,2,0,12,0.014599,186067.26
C001,2023-11-09,39510.46,14380.84,1405013.08,1430142.7,25129.62,3,0,13,0.012133,171804.51
C001,2023-11-10,16333.5,25810.39,1430142.7,1420665.81,-9476.89,4,1,14,0.010062,183017.2
C001,2023-11-11,20269.06,9653.91,1420665.81,1431280.96,10615.15,5,1,15,0.008313,187882.84
C001,2023-11-12,40537.99,18938.51,1431280.96,1452880.44,21599.48,6,0,16,0.006826,185343.44
C001,2023-11-13,37329.87,22968.74,1452880.44,1467241.57,14361.13,0,0,17,0.005543,189697.58
C001,2023-11-14,37168.0,15265.69,1467241.57,1489143.88,21902.31,1,0,18,0.004416,189424.38
C001,2023-11-15,33575.8,21759.8,1489143.88,1500959.88,11816.0,2,0,19,0.003394,186041.22
C001,2023-11-16,37984.05,14477.99,1500959.88,1524465.94,23506.06,3,0,20,0.002428,171168.33
C001,2023-11-17,16040.89,7227.01,1524465.94,1533279.82,8813.88,4,1,21,0.001465,182032.52
C001,2023-11-18,19362.82,8519.23,1533279.82,1544123.41,10843.59,5,1,22,0.000439,189342.88
C001,2023-11-19,43670.31,18855.35,1544123.41,1568938.37,24814.96,6,0,23,-0.000725,186972.38
C001,2023-11-20,39618.64,23385.29,1568938.37,1585171.72,16233.35,0,0,24,-0.002127,185455.21
C001,2023-11-21,37977.53,15553.49,1585171.72,1607595.76,22424.04,1,0,25,-0.003898,186345.88
C001,2023-11-22,38691.56,23431.34,1607595.76,1622855.98,15260.22,2,0,26,-0.006216,179507.28
C001,2023-11-23,39353.29,15680.45,1622855.98,1646528.82,23672.84,3,0,27,-0.009321,165306.37
C001,2023-11-24,14905.94,7617.56,1646528.82,1653817.2,7288.38,4,1,28,-0.013547,175923.32
C001,2023-11-25,20130.43,9225.85,1653817.2,1664721.78,10904.58,5,1,29,-0.019356,179078.76
C001,2023-11-26,36641.83,18611.66,1664721.78,1682751.95,18030.17,6,0,30,-0.027389,182341.87
C001,2023-11-27,42944.48,252977.49,1682751.95,1472718.94,-210033.01,0,0,0,0.129998,182980.76
C001,2023-11-28,44875.98,14973.52,1472718.94,1502621.4,29902.46,1,0,1,0.108385,181454.19
C001,2023-11-29,40245.28,21280.17,1502621.4,1521586.51,18965.11,2,0,2,0.090365,172302.01
C001,2023-11-30,41636.51,15538.58,1521586.51,1547684.44,26097.93,3,0,3,0.07534,159750.25
C001,2023-12-01,16039.44,57668.9,1547684.44,1506054.98,-41629.46,4,1,4,0.062813,229069.27
C001,2023-12-02,20597.55,9695.09,1506054.98,1516957.44,10902.46,5,1,5,0.052366,185966.23
C001,2023-12-03,41071.22,19847.59,1516957.44,1538181.07,21223.63,6,0,6,0.043655,186935.67
C001,2023-12-04,41764.76,21882.03,1538181.07,1558063.8,19882.73,0,0,7,0.03639,181342.68
C001,2023-12-05,37722.82,55712.73,1558063.8,1540073.89,-17989.91,1,0,8,0.03033,227068.28
C001,2023-12-06,37126.28,19888.96,1540073.89,1557311.21,17237.32,2,0,9,0.025274,142175.44
C001,2023-12-07,38996.67,14484.28,1557311.21,1581823.6,24512.39,3,0,10,0.021052,128887.15
C001,2023-12-08,16367.55,7110.81,1581823.6,1591080.34,9256.74,4,1,11,0.017524,135400.36
C001,2023-12-09,20829.39,9962.52,1591080.34,1601947.21,10866.87,5,1,12,0.014572,137929.74
C001,2023-12-10,39523.91,37788.11,1601947.21,1603683.01,1735.8,6,0,13,0.012095,157593.03
C001,2023-12-11,38254.79,22774.0,1603683.01,1619163.8,15480.79,0,0,14,0.010009,137236.63
C001,2023-12-12,35045.15,15985.07,1619163.8,1638223.88,19060.08,1,0,15,0.008239,141883.16
C001,2023-12-13,37919.37,19204.1,1638223.88,1656939.15,18715.27,2,0,16,0.006722,131969.59
C001,2023-12-14,36341.52,14712.41,1656939.15,1678568.26,21629.11,3,0,17,0.005398,121890.36
C001,2023-12-15,15109.98,6677.14,1678568.26,1687001.1,8432.84,4,1,18,0.004213,133770.52
C001,2023-12-16,18612.16,9978.99,1687001.1,1695634.27,8633.17,5,1,19,0.003111,95508.14
C001,2023-12-17,36634.2,16956.13,1695634.27,1715312.34,19678.07,6,0,20,0.002034,97146.17
C001,2023-12-18,37941.93,19787.98,1715312.34,1733466.29,18153.95,0,0,21,0.000914,90997.91
C001,2023-12-19,36855.66,14411.2,1733466.29,1755910.75,22444.46,1,0,22,-0.000329,89499.2
C001,2023-12-20,34078.01,19361.83,1755910.75,1770626.93,14716.18,2,0,23,-0.001797,82743.06
C001,2023-12-21,37210.57,13895.86,1770626.93,1793941.64,23314.71,3,0,24,-0.003623,-135470.23
C001,2023-12-22,14562.44,6140.82,1793941.64,1802363.26,8421.62,4,1,25,-0.005986,-123567.07
C001,2023-12-23,17989.82,8517.89,1802363.26,1811835.19,9471.93,5,1,26,-0.00913,-113748.0
C001,2023-12-24,37499.13,19593.8,1811835.19,1829740.52,17905.33,6,0,27,-0.013388,-113991.0
C001,2023-12-25,36004.28,21944.26,1829740.52,1843800.54,14060.02,0,0,28,-0.019223,-115202.68
C001,2023-12-26,36188.95,14895.67,1843800.54,1865093.82,21293.28,1,0,29,-0.027278,-113252.0
C001,2023-12-27,40010.84,249404.96,1865093.82,1655699.7,-209394.12,2,0,0,0.129999,104387.76
C001,2023-12-28,41886.1,13510.21,1655699.7,1684075.59,28375.89,3,0,1,0.108386,-150715.93
C001,2023-12-29,17240.03,7427.1,1684075.59,1693888.52,9812.93,4,1,2,0.090366,-136790.64
C001,2023-12-30,22179.91,8633.74,1693888.52,1707434.69,13546.17,5,1,3,0.075342,-131563.08
C001,2023-12-31,45187.65,17498.09,1707434.69,1735124.25,27689.56,6,0,4,0.062814,-133390.19
C001,2024-01-01,42058.4,74258.98,1735124.25,1702923.67,-32200.58,0,0,5,0.052369,-80821.3
C001,2024-01-02,38392.59,16199.52,1702923.67,1725116.74,22193.07,1,0,6,0.043659,-131725.01
C001,2024-01-03,35511.26,21221.52,1725116.74,1739406.48,14289.74,2,0,7,0.036396,-137874.89
C001,2024-01-04,41883.66,14147.97,1739406.48,1767142.17,27735.69,3,0,8,0.030338,-155953.38
C001,2024-01-05,16382.7,84038.22,1767142.17,1699486.65,-67655.52,4,1,9,0.025284,-68558.92
C001,2024-01-06,20957.37,9733.27,1699486.65,1710710.75,11224.1,5,1,10,0.021066,-202352.27
C001,2024-01-07,37381.19,21611.24,1710710.75,1726480.7,15769.95,6,0,11,0.017544,-193782.63
C001,2024-01-08,35241.84,21845.59,1726480.7,1739876.95,13396.25,0,0,12,0.014599,-191685.32
C001,2024-01-09,37713.01,16313.92,1739876.95,1761276.04,21399.09,1,0,13,0.012133,-186840.59
C001,2024-01-10,35376.06,40251.67,1761276.04,1756400.43,-4875.61,2,0,14,0.010062,-172931.5
C001,2024-01-11,37672.23,13965.62,1756400.43,1780107.04,23706.61,3,0,15,0.008313,-206431.51
C001,2024-01-12,15969.83,7168.13,1780107.04,1788908.74,8801.7,4,1,16,0.006826,-198306.39
C001,2024-01-13,20318.49,8768.61,1788908.74,1800458.62,11549.88,5,1,17,0.005543,-196666.96
C001,2024-01-14,39121.52,18808.52,1800458.62,1820771.62,20313.0,6,0,18,0.004416,-195565.48
C001,2024-01-15,40355.87,69985.08,1820771.62,1791142.41,-29629.21,0,0,19,0.003394,-149583.76
C001,2024-01-16,36570.91,15254.81,1791142.41,1812458.51,21316.1,1,0,20,0.002428,-148927.09
C001,2024-01-17,34177.16,22171.47,1812458.51,1824464.2,12005.69,2,0,21,0.001465,-152545.15
C001,2024-01-18,36127.98,15182.23,1824464.2,1845409.95,20945.75,3,0,22,0.000439,-165585.51
C001,2024-01-19,15293.31,7333.27,1845409.95,1853369.99,7960.04,4,1,23,-0.000725,-159475.23
C001,2024-01-20,18738.71,213637.29,1853369.99,1658471.41,-194898.58,5,1,24,-0.002127,49791.27
C001,2024-01-21,38922.04,18597.26,1658471.41,1678796.19,20324.78,6,0,25,-0.003898,49446.4
C001,2024-01-22,39313.2,20022.2,1678796.19,1698087.19,19291.0,0,0,26,-0.006216,40681.72
C001,2024-01-23,33336.63,15674.3,1698087.19,1715749.52,17662.33,1,0,27,-0.009321,43485.15
C001,2024-01-24,33354.0,20505.66,1715749.52,1728597.86,12848.34,2,0,28,-0.013547,37378.69
C001,2024-01-25,37626.43,14382.47,1728597.86,1751841.82,23243.96,3,0,29,-0.019356,20209.54
C001,2024-01-26,15031.01,6785.37,1751841.82,1760087.46,8245.64,4,1,30,-0.027389,26482.56
C001,2024-01-27,22354.86,249082.66,1760087.46,1533359.66,-226727.8,5,1,0,0.129999,260009.17
C001,2024-01-28,42096.82,18358.6,1533359.66,1557097.88,23738.22,6,0,1,0.108386,19309.17
C001,2024-01-29,39765.51,20991.78,1557097.88,1575871.61,18773.73,0,0,2,0.090366,11505.39
C001,2024-01-30,39720.29,13857.84,1575871.61,1601734.06,25862.45,1,0,3,0.075342,7129.59
C001,2024-01-31,40819.51,20451.2,1601734.06,1622102.37,20368.31,2,0,4,0.062814,-59020.12
C001,2024-02-01,39548.81,68259.45,1622102.37,1593391.73,-28710.64,3,0,5,0.052369,-22143.12
C001,2024-02-02,15599.33,7459.47,1593391.73,1601531.59,8139.86,4,1,6,0.043659,-15059.78
C001,2024-02-03,18941.04,9283.84,1601531.59,1611188.79,9657.2,5,1,7,0.036396,-12328.16
C001,2024-02-04,37421.99,17683.05,1611188.79,1630927.73,19738.94,6,0,8,0.030338,-89366.71
C001,2024-02-05,34705.63,157274.88,1630927.73,1508358.48,-122569.25,0,0,9,0.025284,44825.38
C001,2024-02-06,38408.82,14069.23,1508358.48,1532698.07,24339.59,1,0,10,0.021066,41431.54
C001,2024-02-07,37086.33,21592.77,1532698.07,1548191.63,15493.56,2,0,11,0.017544,33992.96
C001,2024-02-08,38460.45,12216.63,1548191.63,1574435.45,26243.82,3,0,12,0.014599,16429.68
C001,2024-02-09,15186.46,6152.98,1574435.45,1583468.93,9033.48,4,1,13,0.012133,6287.28
C001,2024-02-10,18460.48,28253.88,1583468.93,1573675.53,-9793.4,5,1,14,0.010062,27395.12
C001,2024-02-11,38427.38,21500.56,1573675.53,1590602.35,16926.82,6,0,15,0.008313,29729.17
C001,2024-02-12,36429.88,23240.57,1590602.35,1603791.66,13189.31,0,0,16,0.006826,29013.9
C001,2024-02-13,36556.98,15142.5,1603791.66,1625206.14,21414.48,1,0,17,0.005543,-5013.02
C001,2024-02-14,36466.41,20113.9,1625206.14,1641558.65,16352.51,2,0,18,0.004416,-14955.17
C001,2024-02-15,36557.16,14584.39,1641558.65,1663531.42,21972.77,3,0,19,0.003394,-28375.8
C001,2024-02-16,15987.45,7599.82,1663531.42,1671919.05,8387.63,4,1,20,0.002428,-22238.86
C001,2024-02-17,18268.32,10362.93,1671919.05,1679824.44,7905.39,5,1,21,0.001465,-19903.24
C001,2024-02-18,34853.14,20782.82,1679824.44,1693894.76,14070.32,6,0,22,0.000439,-16459.58
C001,2024-02-19,35556.85,21188.93,1693894.76,1708262.68,14367.92,0,0,23,-0.000725,-16616.59
C001,2024-02-20,37472.65,17492.74,1708262.68,1728242.59,19979.91,1,0,24,-0.002127,-18116.19
C001,2024-02-21,32887.39,22361.07,1728242.59,1738768.91,10526.32,2,0,25,-0.003898,-21595.84
C001,2024-02-22,35647.74,15181.98,1738768.91,1759234.67,20465.76,3,0,26,-0.006216,-34874.68
C001,2024-02-23,14146.05,7404.17,1759234.67,1765976.55,6741.88,4,1,27,-0.009321,-27361.29
C001,2024-02-24,17599.21,11524.4,1765976.55,1772051.36,6074.81,5,1,28,-0.013547,-24312.76
C001,2024-02-25,36979.88,22461.22,1772051.36,1786570.02,14518.66,6,0,29,-0.019356,-26523.42
C001,2024-02-26,34404.25,27605.44,1786570.02,1793368.83,6798.81,0,0,30,-0.027389,-255140.18
C001,2024-02-27,38924.5,255886.28,1793368.83,1576407.05,-216961.78,1,0,0,0.129998,-15855.26
C001,2024-02-28,37546.94,26576.99,1576407.05,1587377.0,10969.95,2,0,1,0.108384,-19733.73
C001,2024-02-29,39457.5,17970.85,1587377.0,1608863.65,21486.65,3,0,2,0.090364,-32761.59
C001,2024-03-01,15967.34,61748.74,1608863.65,1563082.25,-45781.4,4,1,3,0.075338,30233.93
C001,2024-03-02,19322.33,11155.97,1563082.25,1571248.61,8166.36,5,1,4,0.06281,-20037.01
C001,2024-03-03,37907.84,22684.64,1571248.61,1586471.81,15223.2,6,0,5,0.052363,-18066.08
C001,2024-03-04,37181.64,24792.82,1586471.81,1598860.63,12388.82,0,0,6,0.04365,-17273.09
C001,2024-03-05,37514.14,94813.75,1598860.63,1541561.02,-57299.61,1,0,7,0.036383,60728.66
C001,2024-03-06,35544.9,23922.06,1541561.02,1553183.86,11622.84,2,0,8,0.03032,-20787.09
C001,2024-03-07,35955.78,15010.03,1553183.86,1574129.61,20945.75,3,0,9,0.02526,-34186.23
C001,2024-03-08,15352.07,7297.09,1574129.61,1582184.59,8054.98,4,1,10,0.021032,-29466.1
C001,2024-03-09,19056.38,10375.84,1582184.59,1590865.13,8680.54,5,1,11,0.017497,-33994.75
C001,2024-03-10,37785.71,38894.63,1590865.13,1589756.21,-1108.92,6,0,12,0.014534,-24720.2
C001,2024-03-11,32670.98,21356.54,1589756.21,1601070.65,11314.44,0,0,13,0.012042,-47877.42
C001,2024-03-12,34094.57,14833.7,1601070.65,1620331.52,19260.87,1,0,14,0.009934,-54722.27
C001,2024-03-13,31870.69,19396.65,1620331.52,1632805.56,12474.04,2,0,15,0.008135,-62326.22
C001,2024-03-14,30205.3,42817.74,1632805.56,1620193.12,-12612.44,3,0,16,0.006576,-43599.94
C001,2024-03-15,12874.85,6464.49,1620193.12,1626603.48,6410.36,4,1,17,0.005196,-36251.1
C001,2024-03-16,16875.8,8323.66,1626603.48,1635155.62,8552.14,5,1,18,0.00393,-76592.81
C001,2024-03-17,32409.28,17884.71,1635155.62,1649680.19,14524.57,6,0,19,0.002717,-71295.78
C001,2024-03-18,30021.92,19780.91,1649680.19,1659921.2,10241.01,0,0,20,0.001484,-65810.11
C001,2024-03-19,31283.46,13769.48,1659921.2,1677435.18,17513.98,1,0,21,0.000146,-59716.9
C001,2024-03-20,32069.85,17858.94,1677435.18,1691646.09,14210.91,2,0,22,-0.001401,-66420.71
C001,2024-03-21,31819.71,13339.4,1691646.09,1710126.4,18480.31,3,0,23,-0.003293,-138265.41
C001,2024-03-22,13734.77,6688.1,1710126.4,1717173.07,7046.67,4,1,24,-0.005711,-126258.32
C001,2024-03-23,15793.81,8606.89,1717173.07,1724359.99,7186.92,5,1,25,-0.0089,-115239.3
C001,2024-03-24,29917.63,15662.36,1724359.99,1738615.26,14255.27,6,0,26,-0.013197,-109855.81
C001,2024-03-25,27241.92,18118.58,1738615.26,1747738.6,9123.34,0,0,27,-0.019064,-101908.44
C001,2024-03-26,26421.49,14113.49,1747738.6,1760046.6,12308.0,1,0,28,-0.027145,-94861.8
C001,2024-03-27,31938.94,253756.89,1760046.6,1538228.65,-221817.95,2,0,0,0.129999,135063.01
C001,2024-03-28,34821.69,12498.55,1538228.65,1560551.79,22323.14,3,0,1,0.108386,-110850.65
C001,2024-03-29,13371.49,6280.01,1560551.79,1567643.27,7091.48,4,1,2,0.090366,-94829.92
C001,2024-03-30,16524.25,8065.46,1567643.27,1576102.06,8458.79,5,1,3,0.075342,-88458.03
C001,2024-03-31,32198.46,14984.34,1576102.06,1593316.18,17214.12,6,0,4,0.062814,-85209.19
C001,2024-04-01,29094.81,71199.39,1593316.18,1551211.6,-42104.58,0,0,5,0.052369,-81731.52
C001,2024-04-02,31654.31,14460.18,1551211.6,1568405.73,17194.13,1,0,6,0.043659,-75675.16
C001,2024-04-03,31385.98,18204.17,1568405.73,1581587.54,13181.81,2,0,7,0.036396,-80847.8
C001,2024-04-04,32591.83,11889.69,1581587.54,1602289.68,20702.14,3,0,8,0.030338,-92521.23
C001,2024-04-05,13053.4,82946.31,1602289.68,1532396.77,-69892.91,4,1,9,0.025284,-86102.59
C001,2024-04-06,16311.15,8764.54,1532396.77,1539943.38,7546.61,5,1,10,0.021066,-80933.18
C001,2024-04-07,28950.31,16175.2,1539943.38,1552718.49,12775.11,6,0,11,0.017544,-74491.49
C001,2024-04-08,25538.9,21387.01,1552718.49,1556870.38,4151.89,0,0,12,0.014599,-65086.38
C001,2024-04-09,21591.75,13426.12,1556870.38,1565036.01,8165.63,1,0,13,0.012133,-52928.84
C001,2024-04-10,24461.55,36304.33,1565036.01,1553193.23,-11842.78,2,0,14,0.010062,-53034.67
C001,2024-04-11,24962.27,12546.25,1553193.23,1565609.25,12416.02,3,0,15,0.008313,-55490.67
C001,2024-04-12,10658.84,5788.75,1565609.25,1570479.34,4870.09,4,1,16,0.006826,-44224.31
C001,2024-04-13,13411.26,7297.42,1570479.34,1576593.18,6113.84,5,1,17,0.005543,-37796.4
C001,2024-04-14,28860.11,15100.91,1576593.18,1590352.38,13759.2,6,0,18,0.004416,-31305.64
C001,2024-04-15,30776.49,62566.06,1590352.38,1558562.81,-31789.57,0,0,19,0.003394,12647.34
C001,2024-04-16,32068.28,12246.68,1558562.81,1578384.41,19821.6,1,0,20,0.002428,12436.31
C001,2024-04-17,33621.35,17894.67,1578384.41,1594111.09,15726.68,2,0,21,0.001465,4491.61
C001,2024-04-18,34548.45,10941.26,1594111.09,1617718.28,23607.19,3,0,22,0.000439,-8936.25
C001,2024-04-19,13831.04,6323.94,1617718.28,1625225.38,7507.1,4,1,23,-0.000725,1041.07
C001,2024-04-20,18465.69,71830.08,1625225.38,1571860.99,-53364.39,5,1,24,-0.002127,66689.31
C001,2024-04-21,35950.12,16896.36,1571860.99,1590914.75,19053.76,6,0,25,-0.003898,66192.93
C001,2024-04-22,36838.4,18632.46,1590914.75,1609120.69,18205.94,0,0,26,-0.006216,62728.66
C001,2024-04-23,34065.05,14426.29,1609120.69,1628759.45,19638.76,1,0,27,-0.009321,63076.23
C001,2024-04-24,35294.09,18223.38,1628759.45,1645830.16,17070.71,2,0,28,-0.013547,53637.95
C001,2024-04-25,33873.01,14518.37,1645830.16,1665184.8,19354.64,3,0,29,-0.019356,42021.14
C001,2024-04-26,14800.31,6693.45,1665184.8,1673291.66,8106.86,4,1,30,-0.027389,50895.95
C001,2024-04-27,20784.91,244375.43,1673291.66,1449701.14,-223590.52,5,1,0,0.129998,54245.43
C001,2024-04-28,40838.34,17726.13,1449701.14,1472813.35,23112.21,6,0,1,0.108385,46045.32
C001,2024-04-29,35286.23,20455.55,1472813.35,1487644.03,14830.68,0,0,2,0.090365,46585.38
C001,2024-04-30,35264.12,14801.16,1487644.03,1508106.99,20462.96,1,0,3,0.07534,47946.14
C001,2024-05-01,34390.7,73017.61,1508106.99,1469480.08,-38626.91,2,0,4,0.062813,95069.79
C001,2024-05-02,37368.72,14118.23,1469480.08,1492730.57,23250.49,3,0,5,0.052366,28666.7
C001,2024-05-03,14687.41,6678.24,1492730.57,1500739.74,8009.17,4,1,6,0.043655,36539.3
C001,2024-05-04,18118.02,9089.31,1500739.74,1509768.45,9028.71,5,1,7,0.03639,39121.6
C001,2024-05-05,34023.82,97498.09,1509768.45,1446294.18,-63474.27,6,0,8,0.03033,119063.57
C001,2024-05-06,33597.27,20881.25,1446294.18,1459010.2,12716.02,0,0,9,0.025274,40659.83
C001,2024-05-07,33167.62,13950.82,1459010.2,1478227.0,19216.8,1,0,10,0.021052,39040.13
C001,2024-05-08,32788.17,19231.17,1478227.0,1491784.0,13557.0,2,0,11,0.017524,32212.83
C001,2024-05-09,34351.73,14028.56,1491784.0,1512107.17,20323.17,3,0,12,0.014572,20176.82
C001,2024-05-10,14032.92,25981.53,1512107.17,1500158.56,-11948.61,4,1,13,0.012095,49666.82
C001,2024-05-11,17810.49,7850.47,1500158.56,1510118.58,9960.02,5,1,14,0.010009,28817.55
C001,2024-05-12,34287.77,18151.32,1510118.58,1526255.03,16136.45,6,0,15,0.008239,29929.99
C001,2024-05-13,34650.87,22109.12,1526255.03,1538796.78,12541.75,0,0,16,0.006722,31337.21
C001,2024-05-14,33425.91,13175.95,1538796.78,1559046.74,20249.96,1,0,17,0.005398,27087.37
C001,2024-05-15,32288.24,20124.83,1559046.74,1571210.15,12163.41,2,0,18,0.004213,20619.9
C001,2024-05-16,33007.24,13396.67,1571210.15,1590820.72,19610.57,3,0,19,0.003111,6687.68
C001,2024-05-17,14204.23,6422.25,1590820.72,1598602.7,7781.98,4,1,20,0.002034,7735.75
C001,2024-05-18,17850.31,7670.98,1598602.7,1608782.03,10179.33,5,1,21,0.000914,6858.42
C001,2024-05-19,34262.93,16778.51,1608782.03,1626266.45,17484.42,6,0,22,-0.000329,-754.32
C001,2024-05-20,32306.72,20022.87,1626266.45,1638550.3,12283.85,0,0,23,-0.001797,-4231.62
C001,2024-05-21,32812.98,14255.6,1638550.3,1657107.68,18557.38,1,0,24,-0.003623,-6121.27
C001,2024-05-22,33363.76,18622.09,1657107.68,1671849.35,14741.67,2,0,25,-0.005986,-14998.57
C001,2024-05-23,33986.52,14000.19,1671849.35,1691835.68,19986.33,3,0,26,-0.00913,-25770.56
C001,2024-05-24,14218.78,6586.35,1691835.68,1699468.11,7632.43,4,1,27,-0.013388,-12571.82
C001,2024-05-25,17145.66,9407.83,1699468.11,1707205.94,7737.83,5,1,28,-0.019223,-5412.63
C001,2024-05-26,33869.8,16888.13,1707205.94,1724187.61,16981.67,6,0,29,-0.027278,-5989.23
C001,2024-05-27,31874.71,252115.75,1724187.61,1503946.57,-220241.04,0,0,0,0.129999,224637.45
C001,2024-05-28,29851.16,14939.06,1503946.57,1518858.67,14912.1,1,0,1,0.108386,-3094.31
C001,2024-05-29,33928.54,18557.8,1518858.67,1534229.41,15370.74,2,0,2,0.090366,-10441.58
C001,2024-05-30,35832.69,14008.97,1534229.41,1556053.13,21823.72,3,0,3,0.075342,-24972.07
C001,2024-05-31,14703.36,6206.62,1556053.13,1564549.87,8496.74,4,1,4,0.062814,-17077.03
C001,2024-06-01,18341.88,61494.48,1564549.87,1521397.27,-43152.6,5,1,5,0.052369,-12958.29
C001,2024-06-02,34904.91,19023.14,1521397.27,1537279.04,15881.77,6,0,6,0.043659,-11720.81
C001,2024-06-03,32524.71,20913.7,1537279.04,1548890.05,11611.01,0,0,7,0.036396,-9402.9
C001,2024-06-04,31436.07,14968.37,1548890.05,1565357.75,16467.7,1,0,8,0.030338,-6353.43
C001,2024-06-05,31598.54,97286.26,1565357.75,1499670.03,-65687.72,2,0,9,0.025284,-11691.85
C001,2024-06-06,31076.64,13479.54,1499670.03,1517267.13,17597.1,3,0,10,0.021066,-20052.31
C001,2024-06-07,13345.84,6616.14,1517267.13,1523996.83,6729.7,4,1,11,0.017544,-11513.46
C001,2024-06-08,16995.48,8708.32,1523996.83,1532283.99,8287.16,5,1,12,0.014599,-8634.51
C001,2024-06-09,34140.6,16599.21,1532283.99,1549825.38,17541.39,6,0,13,0.012133,-11290.5
C001,2024-06-10,31913.45,42802.7,1549825.38,1538936.13,-10889.25,0,0,14,0.010062,-17646.77
C001,2024-06-11,30550.9,13302.01,1538936.13,1556185.02,17248.89,1,0,15,0.008313,-16896.16
C001,2024-06-12,31866.52,17917.55,1556185.02,1570133.99,13948.97,2,0,16,0.006826,-24074.55
C001,2024-06-13,28709.41,12709.29,1570133.99,1586134.11,16000.12,3,0,17,0.005543,-31546.59
C001,2024-06-14,11651.19,5955.25,1586134.11,1591830.05,5695.94,4,1,18,0.004416,-20562.48
C001,2024-06-15,14075.51,8397.16,1591830.05,1597508.4,5678.35,5,1,19,0.003394,-62207.4
C001,2024-06-16,25945.8,17115.75,1597508.4,1606338.45,8830.05,6,0,20,0.002428,-55179.54
C001,2024-06-17,26738.88,17436.88,1606338.45,1615640.45,9302.0,0,0,21,0.001465,-50085.65
C001,2024-06-18,22721.17,12849.49,1615640.45,1625512.13,9871.68,1,0,22,0.000439,-39620.33
C001,2024-06-19,26595.51,17788.96,1625512.13,1634318.68,8806.55,2,0,23,-0.000725,-41060.92
C001,2024-06-20,28118.89,11451.16,1634318.68,1650986.41,16667.73,3,0,24,-0.002127,-137684.89
C001,2024-06-21,11834.51,5970.14,1650986.41,1656850.78,5864.37,4,1,25,-0.003898,-125827.66
C001,2024-06-22,17121.59,7907.25,1656850.78,1666065.12,9214.34,5,1,26,-0.006216,-120162.34
C001,2024-06-23,35019.18,14188.01,1666065.12,1686896.29,20831.17,6,0,27,-0.009321,-122090.96
C001,2024-06-24,31820.63,16923.61,1686896.29,1701793.31,14897.02,0,0,28,-0.013547,-126910.33
C001,2024-06-25,28913.21,12508.14,1701793.31,1718198.38,16405.07,1,0,29,-0.019356,-126361.19
C001,2024-06-26,26385.97,16000.33,1718198.38,1728584.02,10385.64,2,0,30,-0.027389,-130128.97
C001,2024-06-27,36957.35,249777.01,1728584.02,1515764.36,-212819.66,3,0,0,0.129998,-148124.47
C001,2024-06-28,14821.6,6798.13,1515764.36,1523787.83,8023.47,4,1,1,0.108385,-137688.59
C001,2024-06-29,16585.93,9292.7,1523787.83,1531081.06,7293.23,5,1,2,0.090365,-127739.31
C001,2024-06-30,34176.93,17785.15,1531081.06,1547472.84,16391.78,6,0,3,0.07534,-125884.15
C001,2024-07-01,32605.43,71639.29,1547472.84,1508438.98,-39033.86,0,0,4,0.062813,-73455.7
C001,2024-07-02,31999.8,14880.55,1508438.98,1525558.23,17119.25,1,0,5,0.052366,-123779.2
C001,2024-07-03,32905.76,18976.84,1525558.23,1539487.15,13928.92,2,0,6,0.043655,-130403.94
C001,2024-07-04,33107.9,13590.73,1539487.15,1559004.32,19517.17,3,0,7,0.03639,-141111.45
C001,2024-07-05,13043.96,84070.1,1559004.32,1487978.18,-71026.14,4,1,8,0.03033,-54383.85
C001,2024-07-06,17769.78,8533.14,1487978.18,1497214.82,9236.64,5,1,9,0.025274,-129536.52
C001,2024-07-07,32805.84,17537.29,1497214.82,1512483.37,15268.55,6,0,10,0.021052,-125226.1
C001,2024-07-08,30208.02,19041.91,1512483.37,1523649.48,11166.11,0,0,11,0.017524,-124417.86
C001,2024-07-09,29220.39,14334.99,1523649.48,1538534.88,14885.4,1,0,12,0.014572,-118185.08
C001,2024-07-10,30174.65,47420.17,1538534.88,1521289.36,-17245.52,2,0,13,0.012095,-93965.13
C001,2024-07-11,31830.29,13830.79,1521289.36,1539288.86,17999.5,3,0,14,0.010009,-127918.26
C001,2024-07-12,13403.23,6632.65,1539288.86,1546059.44,6770.58,4,1,15,0.008239,-119341.07
C001,2024-07-13,16460.46,7932.38,1546059.44,1554587.52,8528.08,5,1,16,0.006722,-117246.57
C001,2024-07-14,32867.47,16187.42,1554587.52,1571267.57,16680.05,6,0,17,0.005398,-117199.71
C001,2024-07-15,32486.27,68452.84,1571267.57,1535301.0,-35966.57,0,0,18,0.004213,-68454.17
C001,2024-07-16,30334.12,14476.21,1535301.0,1551158.91,15857.91,1,0,19,0.003111,-65026.57
C001,2024-07-17,31871.01,17475.12,1551158.91,1565554.8,14395.89,2,0,20,0.002034,-72018.8
C001,2024-07-18,33244.59,12907.59,1565554.8,1585891.8,20337.0,3,0,21,0.000914,-83883.94
C001,2024-07-19,13478.74,6112.78,1585891.8,1593257.76,7365.96,4,1,22,-0.000329,-76842.25
C001,2024-07-20,18115.12,98071.36,1593257.76,1513301.52,-79956.24,5,1,23,-0.001797,15192.44
C001,2024-07-21,33562.64,15841.04,1513301.52,1531023.12,17721.6,6,0,24,-0.003623,19433.46
C001,2024-07-22,31958.96,17079.3,1531023.12,1545902.78,14879.66,0,0,25,-0.005986,18400.52
C001,2024-07-23,32520.89,13618.34,1545902.78,1564805.33,18902.55,1,0,26,-0.00913,21914.9
C001,2024-07-24,29664.05,19586.4,1564805.33,1574882.98,10077.65,2,0,27,-0.013388,19068.35
C001,2024-07-25,31453.09,14498.88,1574882.98,1591837.19,16954.21,3,0,28,-0.019223,9523.83
C001,2024-07-26,12609.68,5991.82,1591837.19,1598455.05,6617.86,4,1,29,-0.027278,19379.06
C001,2024-07-27,18342.65,249157.81,1598455.05,1367639.89,-230815.16,5,1,0,0.129999,262749.97
C001,2024-07-28,35786.13,17326.78,1367639.89,1386099.24,18459.35,6,0,1,0.108386,32595.2
C001,2024-07-29,35579.22,18336.71,1386099.24,1403341.75,17242.51,0,0,2,0.090366,35013.24
C001,2024-07-30,31837.05,13590.11,1403341.75,1421588.69,18246.94,1,0,3,0.075342,43869.51
C001,2024-07-31,32912.33,19517.74,1421588.69,1434983.28,13394.59,2,0,4,0.062814,39443.98
C001,2024-08-01,34692.19,67896.44,1434983.28,1401779.03,-33204.25,3,0,5,0.052369,84707.3
C001,2024-08-02,13836.13,6531.95,1401779.03,1409083.21,7304.18,4,1,6,0.043659,45716.15
C001,2024-08-03,17987.6,9177.94,1409083.21,1417892.87,8809.66,5,1,7,0.036396,58514.97
C001,2024-08-04,34772.09,19070.63,1417892.87,1433594.33,15701.46,6,0,8,0.030338,63767.01
C001,2024-08-05,32696.35,98612.38,1433594.33,1367678.3,-65916.03,0,0,9,0.025284,143830.97
C001,2024-08-06,34410.73,14831.76,1367678.3,1387257.27,19578.97,1,0,10,0.021066,70917.73
C001,2024-08-07,32677.98,20703.63,1387257.27,1399231.62,11974.35,2,0,11,0.017544,67777.52
C001,2024-08-08,36544.91,15426.73,1399231.62,1420349.8,21118.18,3,0,12,0.014599,55802.49
C001,2024-08-09,14421.95,7447.52,1420349.8,1427324.23,6974.43,4,1,13,0.012133,67933.44
C001,2024-08-10,18601.2,34554.83,1427324.23,1411370.6,-15953.63,5,1,14,0.010062,96327.57
C001,2024-08-11,35457.91,20110.14,1411370.6,1426718.37,15347.77,6,0,15,0.008313,84076.41
C001,2024-08-12,34226.69,23604.11,1426718.37,1437340.95,10622.58,0,0,16,0.006826,89732.19
C001,2024-08-13,31854.28,15127.37,1437340.95,1454067.86,16726.91,1,0,17,0.005543,95622.42
C001,2024-08-14,34154.66,21375.69,1454067.86,1466846.83,12778.97,2,0,18,0.004416,91404.68
C001,2024-08-15,35568.76,16283.25,1466846.83,1486132.34,19285.51,3,0,19,0.003394,79779.17
C001,2024-08-16,14595.45,7191.79,1486132.34,1493536.0,7403.66,4,1,20,0.002428,87025.56
C001,2024-08-17,18319.78,9847.92,1493536.0,1502007.86,8471.86,5,1,21,0.001465,90772.2
C001,2024-08-18,35625.83,21218.18,1502007.86,1516415.51,14407.65,6,0,22,0.000439,100827.38
C001,2024-08-19,35079.01,23000.56,1516415.51,1528493.96,12078.45,0,0,23,-0.000725,97912.15
C001,2024-08-20,36583.76,14621.14,1528493.96,1550456.58,21962.62,1,0,24,-0.002127,96991.76
C001,2024-08-21,36621.33,22774.61,1550456.58,1564303.3,13846.72,2,0,25,-0.003898,91304.61
C001,2024-08-22,37183.08,14766.15,1564303.3,1586720.23,22416.93,3,0,26,-0.006216,79718.73
C001,2024-08-23,14865.51,7634.41,1586720.23,1593951.33,7231.1,4,1,27,-0.009321,93056.77
C001,2024-08-24,17738.38,10328.69,1593951.33,1601361.02,7409.69,5,1,28,-0.013547,101575.31
C001,2024-08-25,36253.65,19780.56,1601361.02,1617834.11,16473.09,6,0,29,-0.019356,106298.9
C001,2024-08-26,33981.44,21425.69,1617834.11,1630389.86,12555.75,0,0,30,-0.027389,110346.44
C001,2024-08-27,39556.65,251252.07,1630389.86,1418694.44,-211695.42,1,0,0,0.129999,347470.46
C001,2024-08-28,40175.48,20514.93,1418694.44,1438354.99,19660.55,2,0,1,0.108386,99001.95
C001,2024-08-29,41766.14,14662.93,1438354.99,1465458.2,27103.21,3,0,2,0.090366,83522.96
C001,2024-08-30,16137.99,7168.93,1465458.2,1474427.26,8969.06,4,1,3,0.075342,97501.59
C001,2024-08-31,21492.02,9432.95,1474427.26,1486486.33,12059.07,5,1,4,0.062814,107193.19
C001,2024-09-01,40112.11,71799.08,1486486.33,1454799.36,-31686.97,6,0,5,0.052369,110171.61
C001,2024-09-02,40089.14,18480.66,1454799.36,1476407.84,21608.48,0,0,6,0.043659,104305.34
C001,2024-09-03,37225.43,16271.93,1476407.84,1497361.34,20953.5,1,0,7,0.036396,108980.1
C001,2024-09-04,35145.67,20997.74,1497361.34,1511509.27,14147.93,2,0,8,0.030338,104984.2
C001,2024-09-05,38486.91,91821.18,1511509.27,1458175.0,-53334.27,3,0,9,0.025284,91944.24
C001,2024-09-06,15847.9,7013.76,1458175.0,1467009.14,8834.14,4,1,10,0.021066,103740.32
C001,2024-09-07,19293.46,10150.31,1467009.14,1476152.29,9143.15,5,1,11,0.017544,113347.52
C001,2024-09-08,39149.09,20043.71,1476152.29,1495257.67,19105.38,6,0,12,0.014599,118256.52
C001,2024-09-09,37733.82,25293.32,1495257.67,1507698.17,12440.5,0,0,13,0.012133,118444.43
C001,2024-09-10,39250.95,36154.34,1507698.17,1510794.78,3096.61,1,0,14,0.010062,120586.08
C001,2024-09-11,39098.66,22820.3,1510794.78,1527073.14,16278.36,2,0,15,0.008313,113306.98
C001,2024-09-12,40696.93,18079.79,1527073.14,1549690.28,22617.14,3,0,16,0.006826,101855.11
C001,2024-09-13,16404.3,7843.07,1549690.28,1558251.51,8561.23,4,1,17,0.005543,114063.03
C001,2024-09-14,20585.93,12925.93,1558251.51,1565911.51,7660.0,5,1,18,0.004416,123652.51
C001,2024-09-15,36166.66,21516.61,1565911.51,1580561.56,14650.05,6,0,19,0.003394,82003.84
C001,2024-09-16,36610.68,24392.18,1580561.56,1592780.06,12218.5,0,0,20,0.002428,85147.91
C001,2024-09-17,40691.61,16228.78,1592780.06,1617242.89,24462.83,1,0,21,0.001465,86119.53
C001,2024-09-18,34415.43,25252.21,1617242.89,1626406.11,9163.22,2,0,22,0.000439,87133.09
C001,2024-09-19,36453.78,15411.55,1626406.11,1647448.34,21042.23,3,0,23,-0.000725,75798.38
C001,2024-09-20,15507.67,7348.1,1647448.34,1655607.91,8159.57,4,1,24,-0.002127,-1435.85
C001,2024-09-21,19862.22,9031.17,1655607.91,1666438.96,10831.05,5,1,25,-0.003898,5089.33
C001,2024-09-22,39514.69,18945.55,1666438.96,1687008.1,20569.14,6,0,26,-0.006216,9384.54
C001,2024-09-23,35844.99,19916.76,1687008.1,1702936.33,15928.23,0,0,27,-0.009321,8811.47
C001,2024-09-24,36674.49,15477.81,1702936.33,1724133.01,21196.68,1,0,28,-0.013547,13492.3
C001,2024-09-25,37310.65,20707.36,1724133.01,1740736.3,16603.29,2,0,29,-0.019356,5684.18
C001,2024-09-26,38834.29,13405.69,1740736.3,1766164.9,25428.6,3,0,30,-0.027389,-9822.73
C001,2024-09-27,19318.57,248126.53,1766164.9,1537356.94,-228807.96,4,1,0,0.129998,5644.9
C001,2024-09-28,21226.5,9602.28,1537356.94,1548981.16,11624.22,5,1,1,0.108385,15916.53
C001,2024-09-29,41843.02,18895.33,1548981.16,1571928.85,22947.69,6,0,2,0.090365,17794.53
C001,2024-09-30,41094.36,19343.69,1571928.85,1593679.52,21750.67,0,0,3,0.07534,11350.9
C001,2024-10-01,40670.06,69378.61,1593679.52,1564970.97,-28708.55,1,0,4,0.062813,67427.37
C001,2024-10-02,39782.15,24039.94,1564970.97,1580713.18,15742.21,2,0,5,0.052366,7860.07
C001,2024-10-03,40867.35,15239.09,1580713.18,1606341.44,25628.26,3,0,6,0.043655,-7481.8
C001,2024-10-04,17204.03,7052.0,1606341.44,1616493.47,10152.03,4,1,7,0.03639,2560.1
C001,2024-10-05,20762.83,87137.06,1616493.47,1550119.24,-66374.23,5,1,8,0.03033,85313.04
C001,2024-10-06,40562.09,19931.87,1550119.24,1570749.46,20630.22,6,0,9,0.025274,8866.61
C001,2024-10-07,39971.28,21220.93,1570749.46,1589499.81,18750.35,0,0,10,0.021052,3266.23
C001,2024-10-08,41033.02,17018.64,1589499.81,1613514.19,24014.38,1,0,11,0.017524,5359.42
C001,2024-10-09,37121.32,24492.91,1613514.19,1626142.6,12628.41,2,0,12,0.014572,2675.09
C001,2024-10-10,41643.92,36405.66,1626142.6,1631380.86,5238.26,3,0,13,0.012095,9527.23
C001,2024-10-11,16074.88,7075.62,1631380.86,1640380.12,8999.26,4,1,14,0.010009,2409.2
C001,2024-10-12,21421.37,10256.1,1640380.12,1651545.39,11165.27,5,1,15,0.008239,6215.91
C001,2024-10-13,40334.45,19565.3,1651545.39,1672314.54,20769.15,6,0,16,0.006722,7171.44
C001,2024-10-14,38527.07,21277.59,1672314.54,1689564.02,17249.48,0,0,17,0.005398,1195.27
C001,2024-10-15,39240.91,66239.53,1689564.02,1662565.4,-26998.62,1,0,18,0.004213,50816.61
C001,2024-10-16,36665.74,21303.17,1662565.4,1677927.97,15362.57,2,0,19,0.003111,43288.09
C001,2024-10-17,39680.02,14245.57,1677927.97,1703362.42,25434.45,3,0,20,0.002034,27588.35
C001,2024-10-18,17467.16,7290.38,1703362.42,1713539.2,10176.78,4,1,21,0.000914,33895.57
C001,2024-10-19,20059.5,10351.98,1713539.2,1723246.72,9707.52,5,1,22,-0.000329,41157.47
C001,2024-10-20,41479.45,110554.11,1723246.72,1654172.06,-69074.66,6,0,23,-0.001797,134506.14
C001,2024-10-21,40749.62,23393.39,1654172.06,1671528.29,17356.23,0,0,24,-0.003623,132311.41
C001,2024-10-22,40783.55,15919.2,1671528.29,1696392.64,24864.35,1,0,25,-0.005986,132356.35
C001,2024-10-23,38841.04,23485.88,1696392.64,1711747.8,15355.16,2,0,26,-0.00913,126229.25
C001,2024-10-24,40713.44,14835.93,1711747.8,1737625.31,25877.51,3,0,27,-0.013388,111475.7
C001,2024-10-25,16683.17,7888.0,1737625.31,1746420.48,8795.17,4,1,28,-0.019223,123164.56
C001,2024-10-26,19648.87,9727.18,1746420.48,1756342.17,9921.69,5,1,29,-0.027278,129263.1
C001,2024-10-27,45969.73,259310.06,1756342.17,1543001.84,-213340.33,6,0,0,0.129999,366011.61
C001,2024-10-28,44417.59,22521.74,1543001.84,1564897.69,21895.85,0,0,1,0.108386,124408.73
C001,2024-10-29,41378.18,16552.49,1564897.69,1589723.38,24825.69,1,0,2,0.090366,130156.51
C001,2024-10-30,39249.72,23942.68,1589723.38,1605030.42,15307.04,2,0,3,0.075342,125286.05
C001,2024-10-31,43107.12,15739.2,1605030.42,1632398.34,27367.92,3,0,4,0.062814,112344.08
C001,2024-11-01,17429.77,61254.86,1632398.34,1588573.25,-43825.09,4,1,5,0.052369,128978.81
C001,2024-11-02,20486.08,10199.69,1588573.25,1598859.64,10286.39,5,1,6,0.043659,137715.56
C001,2024-11-03,41373.58,21179.65,1598859.64,1619053.57,20193.93,6,0,7,0.036396,140147.66
C001,2024-11-04,39538.48,23159.77,1619053.57,1635432.28,16378.71,0,0,8,0.030338,141867.59
C001,2024-11-05,38028.37,93844.58,1635432.28,1579616.07,-55816.21,1,0,9,0.025284,144389.53
C001,2024-11-06,38204.2,25054.23,1579616.07,1592766.04,13149.97,2,0,10,0.021066,140101.31
C001,2024-11-07,41127.3,15019.73,1592766.04,1618873.61,26107.57,3,0,11,0.017544,124434.74
C001,2024-11-08,17114.73,7170.65,1618873.61,1628817.69,9944.08,4,1,12,0.014599,134621.5
C001,2024-11-09,21789.7,9699.3,1628817.69,1640908.09,12090.4,5,1,13,0.012133,140531.92
C001,2024-11-10,41328.14,39446.91,1640908.09,1642789.32,1881.23,6,0,14,0.010062,141420.42
C001,2024-11-11,38838.47,23866.49,1642789.32,1657761.3,14971.98,0,0,15,0.008313,141167.81
C001,2024-11-12,38658.33,16933.65,1657761.3,1679485.98,21724.68,1,0,16,0.006826,144660.44
C001,2024-11-13,34115.39,22842.08,1679485.98,1690759.29,11273.31,2,0,17,0.005543,142055.81
C001,2024-11-14,37148.11,14525.39,1690759.29,1713382.01,22622.72,3,0,18,0.004416,130624.22
C001,2024-11-15,14846.48,7012.43,1713382.01,1721216.06,7834.05,4,1,19,0.003394,143060.37
C001,2024-11-16,19521.58,9786.87,1721216.06,1730950.77,9734.71,5,1,20,0.002428,154226.54
C001,2024-11-17,37524.02,21040.02,1730950.77,1747434.77,16484.0,6,0,21,0.001465,163906.0
C001,2024-11-18,39501.16,22531.74,1747434.77,1764404.19,16969.42,0,0,22,0.000439,167903.0
C001,2024-11-19,38049.47,13775.46,1764404.19,1788678.2,24274.01,1,0,23,-0.000725,167962.98
C001,2024-11-20,35817.38,20655.88,1788678.2,1803839.7,15161.5,2,0,24,-0.002127,160749.06
C001,2024-11-21,38421.41,13512.12,1803839.7,1828748.99,24909.29,3,0,25,-0.003898,146556.19
C001,2024-11-22,16201.33,6973.27,1828748.99,1837977.05,9228.06,4,1,26,-0.006216,154019.86
C001,2024-11-23,21191.1,10067.14,1837977.05,1849101.01,11123.96,5,1,27,-0.009321,158228.17
C001,2024-11-24,39364.0,18879.97,1849101.01,1869585.04,20484.03,6,0,28,-0.013547,161247.33
C001,2024-11-25,39198.79,23178.56,1869585.04,1885605.27,16020.23,0,0,29,-0.019356,161132.01
C001,2024-11-26,40292.06,16883.88,1885605.27,1909013.45,23408.18,1,0,30,-0.027389,164083.82
C001,2024-11-27,42184.78,261891.81,1909013.45,1689306.42,-219707.03,2,0,0,0.129998,158194.5
C001,2024-11-28,46665.54,16092.07,1689306.42,1719879.89,30573.47,3,0,1,0.108385,140178.93
C001,2024-11-29,17909.56,7472.98,1719879.89,1730316.47,10436.58,4,1,2,0.090365,149258.92
C001,2024-11-30,23753.76,9327.81,1730316.47,1744742.42,14425.95,5,1,3,0.07534,155688.79
C001,2024-12-01,44460.97,71651.33,1744742.42,1717552.06,-27190.36,6,0,4,0.062813,206925.18
C001,2024-12-02,43082.04,24058.9,1717552.06,1736575.2,19023.14,0,0,5,0.052366,151153.2
C001,2024-12-03,40800.52,18174.49,1736575.2,1759201.23,22626.03,1,0,6,0.043655,156759.61
C001,2024-12-04,42605.18,24506.54,1759201.23,1777299.87,18098.64,2,0,7,0.03639,150022.13
C001,2024-12-05,40832.95,94127.22,1777299.87,1724005.6,-53294.27,3,0,8,0.03033,214805.41
C001,2024-12-06,16407.77,7546.02,1724005.6,1732867.35,8861.75,4,1,9,0.025274,128826.61
C001,2024-12-07,20227.32,9786.32,1732867.35,1743308.35,10441.0,5,1,10,0.021052,135644.42
C001,2024-12-08,39202.94,19072.1,1743308.35,1763439.19,20130.84,6,0,11,0.017524,139853.06
C001,2024-12-09,40703.82,22703.0,1763439.19,1781440.01,18000.82,0,0,12,0.014572,136688.55
C001,2024-12-10,37545.16,34775.43,1781440.01,1784209.74,2769.73,1,0,13,0.012095,158021.6
C001,2024-12-11,37684.65,22965.28,1784209.74,1798929.11,14719.37,2,0,14,0.010009,131277.21
C001,2024-12-12,40056.02,14838.71,1798929.11,1824146.42,25217.31,3,0,15,0.008239,117019.91
C001,2024-12-13,16398.02,7729.34,1824146.42,1832815.1,8668.68,4,1,16,0.006722,129914.33
C001,2024-12-14,20050.54,8859.41,1832815.1,1844006.23,11191.13,5,1,17,0.005398,131330.56
C001,2024-12-15,39440.18,19169.98,1844006.23,1864276.43,20270.2,6,0,18,0.004213,132216.52
C001,2024-12-16,40831.22,19930.34,1864276.43,1885177.31,20900.88,0,0,19,0.003111,76396.29
C001,2024-12-17,41911.54,15748.08,1885177.31,1911340.77,26163.46,1,0,20,0.002034,76217.51
C001,2024-12-18,41797.0,20830.58,1911340.77,1932307.19,20966.42,2,0,21,0.000914,65833.04
C001,2024-12-19,40463.65,16129.66,1932307.19,1956641.18,24333.99,3,0,22,-0.000329,52454.75
C001,2024-12-20,15070.18,7122.6,1956641.18,1964588.76,7947.58,4,1,23,-0.001797,64858.25
C001,2024-12-21,20529.71,9813.29,1964588.76,1975305.18,10716.42,5,1,24,-0.003623,-201866.62
C001,2024-12-22,39347.38,22655.65,1975305.18,1991996.91,16691.73,6,0,25,-0.005986,-198872.0
C001,2024-12-23,35934.21,20601.94,1991996.91,2007329.18,15332.27,0,0,26,-0.00913,-202976.73
C001,2024-12-24,38531.88,15028.69,2007329.18,2030832.37,23503.19,1,0,27,-0.013388,-202790.03
C001,2024-12-25,35184.53,19279.62,2030832.37,2046737.28,15904.91,2,0,28,-0.019223,-208743.01
C001,2024-12-26,41121.12,14761.13,2046737.28,2073097.27,26359.99,3,0,29,-0.027278,-225783.41
C001,2024-12-27,19548.92,245145.27,2073097.27,1847500.92,-225596.35,4,1,0,0.129999,17160.42
C001,2024-12-28,22268.65,9710.75,1847500.92,1860058.82,12557.9,5,1,1,0.108386,-218063.4
C001,2024-12-29,40234.21,20717.64,1860058.82,1879575.39,19516.57,6,0,2,0.090366,-212549.43
C001,2024-12-30,43030.17,22174.35,1879575.39,1900431.21,20855.82,0,0,3,0.075342,-216387.9
C001,2024-12-31,39632.23,15586.2,1900431.21,1924477.24,24046.03,1,0,4,0.062814,-216605.52
C001,2025-01-01,39946.37,76695.21,1924477.24,1887728.4,-36748.84,2,0,5,0.052369,-169818.16
C001,2025-01-02,42858.23,14625.79,1887728.4,1915960.84,28232.44,3,0,6,0.043659,-242366.56
C001,2025-01-03,18782.47,7421.31,1915960.84,1927322.0,11361.16,4,1,7,0.036396,-234097.74
C001,2025-01-04,21634.79,10145.78,1927322.0,1938811.01,11489.01,5,1,8,0.030338,-227282.78
C001,2025-01-05,40380.84,117497.89,1938811.01,1861693.96,-77117.05,6,0,9,0.025284,-128678.1
C001,2025-01-06,39138.6,21879.79,1861693.96,1878952.77,17258.81,0,0,10,0.021066,-288322.76
C001,2025-01-07,40492.97,16153.49,1878952.77,1903292.25,24339.48,1,0,11,0.017544,-291097.57
C001,2025-01-08,38517.24,23680.93,1903292.25,1918128.56,14836.31,2,0,12,0.014599,-297626.83
C001,2025-01-09,38861.36,14758.58,1918128.56,1942231.34,24102.78,3,0,13,0.012133,-313173.26
C001,2025-01-10,15587.2,27612.22,1942231.34,1930206.32,-12025.02,4,1,14,0.010062,-287866.29
C001,2025-01-11,20260.66,9300.65,1930206.32,1941166.33,10960.01,5,1,15,0.008313,-308202.58
C001,2025-01-12,41250.11,19687.01,1941166.33,1962729.43,21563.1,6,0,16,0.006826,-310323.49
C001,2025-01-13,35661.56,23054.2,1962729.43,1975336.79,12607.36,0,0,17,0.005543,-317658.36
C001,2025-01-14,36507.53,15351.37,1975336.79,1996492.95,21156.16,1,0,18,0.004416,-318307.94
C001,2025-01-15,36763.16,71682.51,1996492.95,1961573.6,-34919.35,2,0,19,0.003394,-274894.39
C001,2025-01-16,40774.82,14790.14,1961573.6,1987558.28,25984.68,3,0,20,0.002428,-294596.42
C001,2025-01-17,17378.14,6796.19,1987558.28,1998140.23,10581.95,4,1,21,0.001465,-291972.23
C001,2025-01-18,20402.05,9446.35,1998140.23,2009095.93,10955.7,5,1,22,0.000439,-293350.99
C001,2025-01-19,39985.28,19634.2,2009095.93,2029447.01,20351.08,6,0,23,-0.000725,-296188.92
C001,2025-01-20,37478.83,293487.28,2029447.01,1773438.56,-256008.45,0,0,24,-0.002127,-26690.54
C001,2025-01-21,34822.32,15135.97,1773438.56,1793124.91,19686.35,1,0,25,-0.003898,-20171.34
C001,2025-01-22,32484.78,21257.24,1793124.91,1804352.45,11227.54,2,0,26,-0.006216,-23087.5
C001,2025-01-23,37614.06,13924.17,1804352.45,1828042.34,23689.89,3,0,27,-0.009321,-37431.44
C001,2025-01-24,16752.04,6800.11,1828042.34,1837994.27,9951.93,4,1,28,-0.013547,-32359.98
C001,2025-01-25,18718.57,9398.98,1837994.27,1847313.86,9319.59,5,1,29,-0.019356,-33039.4
C001,2025-01-26,37951.55,20604.07,1847313.86,1864661.34,17347.48,6,0,30,-0.027389,-31459.69
C001,2025-01-27,42427.52,265093.44,1864661.34,1641995.42,-222665.92,0,0,0,0.129999,204388.77
C001,2025-01-28,39585.26,14554.72,1641995.42,1667025.96,25030.54,1,0,1,0.108386,-42622.05
C001,2025-01-29,38093.26,21075.91,1667025.96,1684043.31,17017.35,2,0,2,0.090366,-50701.42
C001,2025-01-30,39675.08,15846.67,1684043.31,1707871.72,23828.41,3,0,3,0.075342,-121170.1
C001,2025-01-31,16808.86,6770.34,1707871.72,1717910.24,10038.52,4,1,4,0.062814,-112525.36
C001,2025-02-01,21017.93,65333.89,1717910.24,1673594.28,-44315.96,5,1,5,0.052369,-54546.19
C001,2025-02-02,41330.45,21700.47,1673594.28,1693224.26,19629.98,6,0,6,0.043659,-54985.42
C001,2025-02-03,40210.51,21906.54,1693224.26,1711528.23,18303.97,0,0,7,0.036396,-159401.12
C001,2025-02-04,36525.92,15038.29,1711528.23,1733015.86,21487.63,1,0,8,0.030338,-162247.54
C001,2025-02-05,39225.88,181611.73,1733015.86,1590630.01,-142385.85,2,0,9,0.025284,-14022.17
C001,2025-02-06,38012.47,16447.8,1590630.01,1612194.68,21564.67,3,0,10,0.021066,-28816.52
C001,2025-02-07,15925.71,7618.66,1612194.68,1620501.73,8307.05,4,1,11,0.017544,-24599.76
C001,2025-02-08,18701.9,10145.55,1620501.73,1629058.08,8556.35,5,1,12,0.014599,-38070.64
C001,2025-02-09,35897.84,22615.89,1629058.08,1642340.03,13281.95,6,0,13,0.012133,-29490.89
C001,2025-02-10,35850.31,45226.59,1642340.03,1632963.75,-9376.28,0,0,14,0.010062,-10047.99
C001,2025-02-11,36669.44,17227.25,1632963.75,1652405.94,19442.19,1,0,15,0.008313,-7333.35
C001,2025-02-12,33353.22,28080.73,1652405.94,1657678.43,5272.49,2,0,16,0.006826,-5439.99
C001,2025-02-13,36348.4,15841.82,1657678.43,1678185.01,20506.58,3,0,17,0.005543,-16527.1
C001,2025-02-14,16391.61,7897.41,1678185.01,1686679.21,8494.2,4,1,18,0.004416,-9724.88
C001,2025-02-15,18199.16,11916.51,1686679.21,1692961.86,6282.65,5,1,19,0.003394,-3576.01
C001,2025-02-16,35052.11,21845.97,1692961.86,1706168.0,13206.14,6,0,20,0.002428,453.95
C001,2025-02-17,36318.92,26741.98,1706168.0,1715744.94,9576.94,0,0,21,0.001465,2044.85
C001,2025-02-18,35790.33,18277.18,1715744.94,1733258.09,17513.15,1,0,22,0.000439,2993.78
C001,2025-02-19,37716.33,24226.4,1733258.09,1746748.02,13489.93,2,0,23,-0.000725,-3987.95
C001,2025-02-20,41608.25,15402.7,1746748.02,1772953.57,26205.55,3,0,24,-0.002127,-22449.58
C001,2025-02-21,16305.48,7994.1,1772953.57,1781264.95,8311.38,4,1,25,-0.003898,-13681.54
C001,2025-02-22,19677.06,10331.11,1781264.95,1790610.9,9345.95,5,1,26,-0.006216,-9841.25
C001,2025-02-23,37162.48,22139.09,1790610.9,1805634.29,15023.39,6,0,27,-0.009321,-9431.37
C001,2025-02-24,36784.01,28143.84,1805634.29,1814274.46,8640.17,0,0,28,-0.013547,-8041.38
C001,2025-02-25,35583.11,16655.92,1814274.46,1833201.65,18927.19,1,0,29,-0.019356,-253065.19
C001,2025-02-26,35953.93,22771.39,1833201.65,1846384.19,13182.54,2,0,30,-0.027389,-261334.31
C001,2025-02-27,42429.84,264410.12,1846384.19,1624403.91,-221980.28,3,0,0,0.129997,-35082.39
C001,2025-02-28,16263.64,7325.66,1624403.91,1633341.89,8937.98,4,1,1,0.108383,-38372.49
C001,2025-03-01,18662.18,65302.45,1633341.89,1586701.62,-46640.27,5,1,2,0.090362,16830.95
C001,2025-03-02,37176.97,18493.71,1586701.62,1605384.88,18683.26,6,0,3,0.075336,-44871.55
C001,2025-03-03,34813.52,21150.31,1605384.88,1619048.09,13663.21,0,0,4,0.062806,-48156.86
C001,2025-03-04,34839.88,15649.13,1619048.09,1638238.84,19190.75,1,0,5,0.052357,-49077.7
C001,2025-03-05,32296.18,118407.91,1638238.84,1552127.11,-86111.73,2,0,6,0.043643,45273.54
C001,2025-03-06,32748.5,14107.29,1552127.11,1570768.32,18641.21,3,0,7,0.036373,-60669.5
C001,2025-03-07,13379.0,7539.48,1570768.32,1576607.84,5839.52,4,1,8,0.030306,-44465.33
C001,2025-03-08,16192.34,9422.02,1576607.84,1583378.16,6770.32,5,1,9,0.02524,-32284.94
C001,2025-03-09,31015.39,18491.58,1583378.16,1595901.97,12523.81,6,0,10,0.021005,-21235.02
C001,2025-03-10,34384.54,39299.07,1595901.97,1590987.44,-4914.53,0,0,11,0.017459,-163.59
C001,2025-03-11,35961.82,14100.12,1590987.44,1612849.14,21861.7,1,0,12,0.01448,-20598.39
C001,2025-03-12,29094.95,19028.33,1612849.14,1622915.76,10066.62,2,0,13,0.011967,-23770.82
C001,2025-03-13,35023.32,12866.49,1622915.76,1645072.59,22156.83,3,0,14,0.00983,-36252.97
C001,2025-03-14,13253.9,6088.05,1645072.59,1652238.44,7165.85,4,1,15,0.00799,-24580.34
C001,2025-03-15,17458.27,8038.8,1652238.44,1661657.91,9419.47,5,1,16,0.006374,-17011.35
C001,2025-03-16,33214.51,17918.09,1661657.91,1676954.33,15296.42,6,0,17,0.004913,-63772.9
C001,2025-03-17,32048.97,19617.45,1676954.33,1689385.85,12431.52,0,0,18,0.003536,-64138.7
C001,2025-03-18,31827.76,14591.66,1689385.85,1706621.95,17236.1,1,0,19,0.002167,-60288.51
C001,2025-03-19,30836.28,19668.44,1706621.95,1717789.79,11167.84,2,0,20,0.000715,-63938.29
C001,2025-03-20,32954.46,14492.38,1717789.79,1736251.87,18462.08,3,0,21,-0.000926,-71641.99
C001,2025-03-21,13016.66,6508.46,1736251.87,1742760.07,6508.2,4,1,22,-0.002897,-158905.7
C001,2025-03-22,16496.62,8752.7,1742760.07,1750503.99,7743.92,5,1,23,-0.005381,-152658.73
C001,2025-03-23,32656.03,15576.61,1750503.99,1767583.41,17079.42,6,0,24,-0.008625,-149163.23
C001,2025-03-24,29939.1,16752.86,1767583.41,1780769.65,13186.24,0,0,25,-0.012967,-146019.27
C001,2025-03-25,28152.26,12718.99,1780769.65,1796202.92,15433.27,1,0,26,-0.018873,-141110.91
C001,2025-03-26,28494.94,18464.78,1796202.92,1806233.08,10030.16,2,0,27,-0.026985,-143611.41
C001,2025-03-27,31812.53,257909.15,1806233.08,1580136.46,-226096.62,3,0,0,0.129999,92410.95
C001,2025-03-28,11820.91,6907.49,1580136.46,1585049.88,4913.42,4,1,1,0.108386,-134608.61
C001,2025-03-29,11882.19,7610.55,1585049.88,1589321.52,4271.64,5,1,2,0.090366,-120735.0
C001,2025-03-30,21430.62,15782.74,1589321.52,1594969.4,5647.88,6,0,3,0.075342,-101789.63
C001,2025-03-31,25947.03,17383.86,1594969.4,1603532.57,8563.17,0,0,4,0.062814,-95980.21
C001,2025-04-01,26234.55,69253.79,1603532.57,1560513.33,-43019.24,1,0,5,0.052369,-85947.66
C001,2025-04-02,27325.1,16947.2,1560513.33,1570891.23,10377.9,2,0,6,0.043659,-88981.32
C001,2025-04-03,29806.08,11536.17,1570891.23,1589161.14,18269.91,3,0,7,0.036396,-97806.42
C001,2025-04-04,13871.06,5631.55,1589161.14,1597400.65,8239.51,4,1,8,0.030338,-88009.68
C001,2025-04-05,17417.55,104719.38,1597400.65,1510098.82,-87301.83,5,1,9,0.025284,-81262.98
C001,2025-04-06,38537.23,16493.54,1510098.82,1532142.51,22043.69,6,0,10,0.021066,-83723.05
C001,2025-04-07,35569.2,16618.49,1532142.51,1551093.22,18950.71,0,0,11,0.017544,-89605.83
C001,2025-04-08,36486.22,12912.49,1551093.22,1574666.95,23573.73,1,0,12,0.014599,-90452.42
C001,2025-04-09,33275.26,17118.36,1574666.95,1590823.85,16156.9,2,0,13,0.012133,-98832.08
C001,2025-04-10,35120.35,33693.45,1590823.85,1592250.75,1426.9,3,0,14,0.010062,-110029.33
C001,2025-04-11,13995.46,7101.27,1592250.75,1599144.94,6894.19,4,1,15,0.008313,-95996.36
C001,2025-04-12,18385.83,8711.15,1599144.94,1608819.62,9674.68,5,1,16,0.006826,-91270.58
C001,2025-04-13,37351.34,18512.86,1608819.62,1627658.1,18838.48,6,0,17,0.005543,-91571.27
C001,2025-04-14,37123.14,20134.68,1627658.1,1644646.56,16988.46,0,0,18,0.004416,-95599.27
C001,2025-04-15,33730.73,65195.86,1644646.56,1613181.43,-31465.13,1,0,19,0.003394,-40929.12
C001,2025-04-16,31885.52,19819.8,1613181.43,1625247.15,12065.72,2,0,20,0.002428,-44957.81
C001,2025-04-17,34958.97,13872.68,1625247.15,1646333.44,21086.29,3,0,21,0.001465,-58062.78
C001,2025-04-18,13600.04,6081.98,1646333.44,1653851.5,7518.06,4,1,22,0.000439,-47085.39
C001,2025-04-19,19422.71,8664.33,1653851.5,1664609.88,10758.38,5,1,23,-0.000725,-42617.71
C001,2025-04-20,36433.31,117188.82,1664609.88,1583854.37,-80755.51,6,0,24,-0.002127,59786.5
C001,2025-04-21,33999.23,20008.34,1583854.37,1597845.26,13990.89,0,0,25,-0.003898,60274.04
C001,2025-04-22,34359.47,13784.55,1597845.26,1618420.18,20574.92,1,0,26,-0.006216,60007.18
C001,2025-04-23,34431.84,18101.64,1618420.18,1634750.38,16330.2,2,0,27,-0.009321,50717.81
C001,2025-04-24,35429.76,15088.13,1634750.38,1655092.01,20341.63,3,0,28,-0.013547,37919.58
C001,2025-04-25,14518.21,6988.55,1655092.01,1662621.67,7529.66,4,1,29,-0.019356,47138.04
C001,2025-04-26,18632.98,8707.24,1662621.67,1672547.41,9925.74,5,1,30,-0.027389,49745.41
C001,2025-04-27,41216.11,263322.25,1672547.41,1450441.27,-222106.14,6,0,0,0.129998,46916.92
C001,2025-04-28,38312.18,20166.93,1450441.27,1468586.52,18145.25,0,0,1,0.108385,42797.74
C001,2025-04-29,38791.83,14198.58,1468586.52,1493179.77,24593.25,1,0,2,0.090365,44351.78
C001,2025-04-30,35957.31,21584.72,1493179.77,1507552.36,14372.59,2,0,3,0.07534,39743.72
C001,2025-05-01,37849.03,70835.72,1507552.36,1474565.67,-32986.69,3,0,4,0.062813,83522.27
C001,2025-05-02,14733.92,7389.68,1474565.67,1481909.91,7344.24,4,1,5,0.052366,36902.05
C001,2025-05-03,18583.89,9139.08,1481909.91,1491354.72,9444.81,5,1,6,0.043655,39862.46
C001,2025-05-04,37461.92,19425.67,1491354.72,1509390.97,18036.25,6,0,7,0.03639,38432.62
C001,2025-05-05,36990.59,117545.72,1509390.97,1428835.84,-80555.13,0,0,8,0.03033,126331.07
C001,2025-05-06,35634.54,16050.92,1428835.84,1448419.46,19583.62,1,0,9,0.025274,24433.1
C001,2025-05-07,33865.87,20797.94,1448419.46,1461487.39,13067.93,2,0,10,0.021052,16607.54
C001,2025-05-08,37202.93,14475.79,1461487.39,1484214.53,22727.14,3,0,11,0.017524,-2126.92
C001,2025-05-09,14535.94,6758.7,1484214.53,1491991.77,7777.24,4,1,12,0.014572,-1416.5
C001,2025-05-10,19597.02,29367.37,1491991.77,1482221.42,-9770.35,5,1,13,0.012095,18915.7
C001,2025-05-11,40301.18,19374.02,1482221.42,1503148.58,20927.16,6,0,14,0.010009,-10712.89
C001,2025-05-12,36263.6,21863.14,1503148.58,1517549.04,14400.46,0,0,15,0.008239,-12746.77
C001,2025-05-13,33847.23,15309.44,1517549.04,1536086.83,18537.79,1,0,16,0.006722,-10114.32
C001,2025-05-14,33564.7,20604.24,1536086.83,1549047.29,12960.46,2,0,17,0.005398,-16115.19
C001,2025-05-15,38286.03,15081.01,1549047.29,1572252.31,23205.02,3,0,18,0.004213,-29790.85
C001,2025-05-16,15152.88,7115.85,1572252.31,1580289.34,8037.03,4,1,19,0.003111,-22067.0
C001,2025-05-17,17558.79,9577.47,1580289.34,1588270.66,7981.32,5,1,20,0.002034,-17627.98
C001,2025-05-18,35144.67,16649.22,1588270.66,1606766.11,18495.45,6,0,21,0.000914,-19013.08
C001,2025-05-19,36084.26,20858.2,1606766.11,1621992.17,15226.06,0,0,22,-0.000329,-21858.22
C001,2025-05-20,36537.72,14889.02,1621992.17,1643640.87,21648.7,1,0,23,-0.001797,-24938.91
C001,2025-05-21,33861.76,19383.33,1643640.87,1658119.3,14478.43,2,0,24,-0.003623,-31542.98
C001,2025-05-22,35653.09,15345.03,1658119.3,1678427.36,20308.06,3,0,25,-0.005986,-44727.23
C001,2025-05-23,13726.89,6686.06,1678427.36,1685468.19,7040.83,4,1,26,-0.00913,-35590.19
C001,2025-05-24,16565.54,9022.14,1685468.19,1693011.59,7543.4,5,1,27,-0.013388,-28895.73
C001,2025-05-25,34157.83,17409.71,1693011.59,1709759.71,16748.12,6,0,28,-0.019223,-23775.91
C001,2025-05-26,32963.02,20429.91,1709759.71,1722292.82,12533.11,0,0,29,-0.027278,-22997.27
C001,2025-05-27,36465.67,261400.3,1722292.82,1497358.19,-224934.63,1,0,0,0.129999,222198.96
C001,2025-05-28,34563.07,20537.0,1497358.19,1511384.26,14026.07,2,0,1,0.108386,-29968.23
C001,2025-05-29,39982.02,13834.73,1511384.26,1537531.55,26147.29,3,0,2,0.090366,-46044.01
C001,2025-05-30,16164.08,6399.55,1537531.55,1547296.08,9764.53,4,1,3,0.075342,-35975.75
C001,2025-05-31,19446.71,8654.85,1547296.08,1558087.94,10791.86,5,1,4,0.062814,-32251.73
C001,2025-06-01,34811.22,74087.2,1558087.94,1518811.96,-39275.98,6,0,5,0.052369,-31209.72
C001,2025-06-02,32897.15,20491.93,1518811.96,1531217.18,12405.22,0,0,6,0.043659,-28925.11
C001,2025-06-03,31788.57,15182.16,1531217.18,1547823.59,16606.41,1,0,7,0.036396,-26342.23
C001,2025-06-04,27872.01,20528.69,1547823.59,1555166.91,7343.32,2,0,8,0.030338,-26889.45
C001,2025-06-05,28924.72,111239.07,1555166.91,1472852.56,-82314.35,3,0,9,0.025284,-33884.79
C001,2025-06-06,11653.14,6410.77,1472852.56,1478094.93,5242.37,4,1,10,0.021066,-23997.45
C001,2025-06-07,13256.53,9263.85,1478094.93,1482087.61,3992.68,5,1,11,0.017544,-19667.0
C001,2025-06-08,24914.15,16426.49,1482087.61,1490575.27,8487.66,6,0,12,0.014599,-13678.78
C001,2025-06-09,26682.1,16120.25,1490575.27,1501137.12,10561.85,0,0,13,0.012133,-11949.2
C001,2025-06-10,28487.95,37189.38,1501137.12,1492435.69,-8701.43,1,0,14,0.010062,-10580.25
C001,2025-06-11,28246.94,15880.36,1492435.69,1504802.27,12366.58,2,0,15,0.008313,-16520.19
C001,2025-06-12,33676.15,12505.91,1504802.27,1525972.51,21170.24,3,0,16,0.006826,-27710.88
C001,2025-06-13,13575.67,6616.08,1525972.51,1532932.1,6959.59,4,1,17,0.005543,-16310.48
C001,2025-06-14,17559.94,8030.58,1532932.1,1542461.46,9529.36,5,1,18,0.004416,-9981.81
C001,2025-06-15,33202.26,17441.38,1542461.46,1558222.34,15760.88,6,0,19,0.003394,-58342.98
C001,2025-06-16,31495.31,19074.97,1558222.34,1570642.68,12420.34,0,0,20,0.002428,-60501.38
C001,2025-06-17,30708.06,13597.71,1570642.68,1587753.03,17110.35,1,0,21,0.001465,-57254.28
C001,2025-06-18,30603.42,18222.5,1587753.03,1600133.95,12380.92,2,0,22,0.000439,-62409.01
C001,2025-06-19,32169.62,13601.61,1600133.95,1618701.96,18568.01,3,0,23,-0.000725,-71056.02
C001,2025-06-20,13787.71,5913.35,1618701.96,1626576.32,7874.36,4,1,24,-0.002127,-94423.41
C001,2025-06-21,17031.71,9907.9,1626576.32,1633700.13,7123.81,5,1,25,-0.003898,-86913.47
C001,2025-06-22,33289.87,17112.0,1633700.13,1649878.0,16177.87,6,0,26,-0.006216,-81593.1
C001,2025-06-23,33455.81,19217.95,1649878.0,1664115.86,14237.86,0,0,27,-0.009321,-82019.62
C001,2025-06-24,35924.66,14056.72,1664115.86,1685983.8,21867.94,1,0,28,-0.013547,-84974.26
C001,2025-06-25,32705.75,19394.0,1685983.8,1699295.55,13311.75,2,0,29,-0.019356,-92324.62
C001,2025-06-26,33960.93,13699.33,1699295.55,1719557.15,20261.6,3,0,30,-0.027389,-105846.72
C001,2025-06-27,16638.2,254779.32,1719557.15,1481416.03,-238141.12,4,1,0,0.129998,-89959.55
C001,2025-06-28,18751.31,8679.8,1481416.03,1491487.54,10071.51,5,1,1,0.108385,-81382.91
C001,2025-06-29,38996.44,19163.65,1491487.54,1511320.33,19832.79,6,0,2,0.090365,-78208.15
C001,2025-06-30,36058.08,21542.2,1511320.33,1525836.21,14515.88,0,0,3,0.07534,-75432.88
C001,2025-07-01,33098.44,71332.41,1525836.21,1487602.24,-38233.97,1,0,4,0.062813,-16259.94
C001,2025-07-02,34035.46,19345.63,1487602.24,1502292.07,14689.83,2,0,5,0.052366,-78994.89
C001,2025-07-03,32928.83,13739.54,1502292.07,1521481.36,19189.29,3,0,6,0.043655,-88883.39
C001,2025-07-04,13622.83,6826.73,1521481.36,1528277.46,6796.1,4,1,7,0.03639,-81223.54
C001,2025-07-05,17214.89,106524.58,1528277.46,1438967.77,-89309.69,5,1,8,0.03033,23570.04
C001,2025-07-06,33140.49,18010.78,1438967.77,1454097.48,15129.71,6,0,9,0.025274,-70435.76
C001,2025-07-07,29234.06,20910.93,1454097.48,1462420.61,8323.13,0,0,10,0.021052,-66003.19
C001,2025-07-08,29475.21,14999.33,1462420.61,1476896.49,14475.88,1,0,11,0.017524,-58825.87
C001,2025-07-09,30144.49,17853.06,1476896.49,1489187.92,12291.43,2,0,12,0.014572,-62267.69
C001,2025-07-10,33130.01,40462.49,1489187.92,1481855.44,-7332.48,3,0,13,0.012095,-45446.16
C001,2025-07-11,12552.24,6125.6,1481855.44,1488282.08,6426.64,4,1,14,0.010009,-61750.73
C001,2025-07-12,18537.51,8557.96,1488282.08,1498261.63,9979.55,5,1,15,0.008239,-56834.55
C001,2025-07-13,33879.19,15519.2,1498261.63,1516621.62,18359.99,6,0,16,0.006722,-57236.05
C001,2025-07-14,33237.02,17378.99,1516621.62,1532479.65,15858.03,0,0,17,0.005398,-64095.82
C001,2025-07-15,31772.21,64372.5,1532479.65,1499879.36,-32600.29,1,0,18,0.004213,-13877.89
C001,2025-07-16,28786.4,18524.46,1499879.36,1510141.3,10261.94,2,0,19,0.003111,-16876.32
C001,2025-07-17,32755.54,12398.09,1510141.3,1530498.75,20357.45,3,0,20,0.002034,-30661.02
C001,2025-07-18,14410.13,7183.94,1530498.75,1537724.94,7226.19,4,1,21,0.000914,-17300.44
C001,2025-07-19,18433.27,8512.27,1537724.94,1547645.94,9921.0,5,1,22,-0.000329,-15764.14
C001,2025-07-20,33787.72,49280.75,1547645.94,1532152.91,-15493.03,6,0,23,-0.001797,20743.33
C001,2025-07-21,34226.92,19593.17,1532152.91,1546786.66,14633.75,0,0,24,-0.003623,21054.05
C001,2025-07-22,34754.19,13255.95,1546786.66,1568284.9,21498.24,1,0,25,-0.005986,20212.41
C001,2025-07-23,32751.26,18939.92,1568284.9,1582096.24,13811.34,2,0,26,-0.00913,13959.86
C001,2025-07-24,32384.46,13471.16,1582096.24,1601009.54,18913.3,3,0,27,-0.013388,3463.2
C001,2025-07-25,13393.15,7431.76,1601009.54,1606970.93,5961.39,4,1,28,-0.019223,18768.48
C001,2025-07-26,16736.28,9996.78,1606970.93,1613710.43,6739.5,5,1,29,-0.027278,27693.1
C001,2025-07-27,40475.17,262729.12,1613710.43,1391456.48,-222253.95,6,0,0,0.129999,271647.28
C001,2025-07-28,38536.5,19888.35,1391456.48,1410104.63,18648.15,0,0,1,0.108386,21578.35
C001,2025-07-29,38033.78,15026.23,1410104.63,1433112.18,23007.55,1,0,2,0.090366,23959.99
C001,2025-07-30,34294.15,17003.0,1433112.18,1450403.33,17291.15,2,0,3,0.075342,15949.23
C001,2025-07-31,35677.49,14738.52,1450403.33,1471342.3,20938.97,3,0,4,0.062814,6524.47
C001,2025-08-01,15172.71,63217.83,1471342.3,1423297.18,-48045.12,4,1,5,0.052369,76461.2
C001,2025-08-02,19981.4,10680.61,1423297.18,1432597.97,9300.79,5,1,6,0.043659,20821.93
C001,2025-08-03,35944.55,21488.6,1432597.97,1447053.92,14455.95,6,0,7,0.036396,25436.72
C001,2025-08-04,36208.92,20725.03,1447053.92,1462537.81,15483.89,0,0,8,0.030338,29591.86
C001,2025-08-05,34854.34,113730.43,1462537.81,1383661.72,-78876.09,1,0,9,0.025284,134272.17
C001,2025-08-06,34889.55,22133.85,1383661.72,1396417.42,12755.7,2,0,10,0.021066,33219.03
C001,2025-08-07,38059.92,16406.72,1396417.42,1418070.62,21653.2,3,0,11,0.017544,21561.39
C001,2025-08-08,16152.69,7303.08,1418070.62,1426920.23,8849.61,4,1,12,0.014599,34136.64
C001,2025-08-09,19683.97,10194.92,1426920.23,1436409.28,9489.05,5,1,13,0.012133,45673.07
C001,2025-08-10,40818.73,50696.66,1436409.28,1426531.35,-9877.93,6,0,14,0.010062,80628.08
C001,2025-08-11,39043.16,24147.43,1426531.35,1441427.08,14895.73,0,0,15,0.008313,59752.25
C001,2025-08-12,36819.86,18861.37,1441427.08,1459385.57,17958.49,1,0,16,0.006826,61504.4
C001,2025-08-13,34216.45,25218.19,1459385.57,1468383.83,8998.26,2,0,17,0.005543,60885.31
C001,2025-08-14,36116.9,18499.26,1468383.83,1486001.47,17617.64,3,0,18,0.004416,54232.62
C001,2025-08-15,15668.93,8405.42,1486001.47,1493264.98,7263.51,4,1,19,0.003394,61188.47
C001,2025-08-16,17777.55,11204.8,1493264.98,1499837.73,6572.75,5,1,20,0.002428,69631.52
C001,2025-08-17,41118.31,20531.54,1499837.73,1520424.5,20586.77,6,0,21,0.001465,68836.19
C001,2025-08-18,38003.36,26546.06,1520424.5,1531881.8,11457.3,0,0,22,0.000439,74567.83
C001,2025-08-19,37127.89,16113.45,1531881.8,1552896.24,21014.44,1,0,23,-0.000725,78154.24
C001,2025-08-20,37693.61,22749.14,1552896.24,1567840.71,14944.47,2,0,24,-0.002127,73555.52
C001,2025-08-21,37712.05,17055.45,1567840.71,1588497.31,20656.6,3,0,25,-0.003898,64286.54
C001,2025-08-22,15175.57,7616.78,1588497.31,1596056.1,7558.79,4,1,26,-0.006216,81487.94
C001,2025-08-23,18935.71,10519.07,1596056.1,1604472.74,8416.64,5,1,27,-0.009321,89862.15
C001,2025-08-24,39956.14,18689.47,1604472.74,1625739.41,21266.67,6,0,28,-0.013547,93016.67
C001,2025-08-25,39083.12,23419.0,1625739.41,1641403.53,15664.12,0,0,29,-0.019356,88000.41
C001,2025-08-26,38029.37,16329.14,1641403.53,1663103.76,21700.23,1,0,30,-0.027389,91307.02
C001,2025-08-27,44201.69,275622.47,1663103.76,1431682.98,-231420.78,2,0,0,0.129999,331762.3
C001,2025-08-28,41523.68,16134.49,1431682.98,1457072.17,25389.19,3,0,1,0.108386,69703.53
C001,2025-08-29,16971.08,7690.69,1457072.17,1466352.56,9280.39,4,1,2,0.090366,85889.33
C001,2025-08-30,21352.15,9837.94,1466352.56,1477866.77,11514.21,5,1,3,0.075342,97353.51
C001,2025-08-31,42483.14,20591.53,1477866.77,1499758.38,21891.61,6,0,4,0.062814,104559.48
C001,2025-09-01,35298.5,81636.98,1499758.38,1453419.9,-46338.48,0,0,5,0.052369,115210.45
C001,2025-09-02,36498.15,17427.41,1453419.9,1472490.64,19070.74,1,0,6,0.043659,126196.42
C001,2025-09-03,40568.29,20929.26,1472490.64,1492129.67,19639.03,2,0,7,0.036396,116886.71
C001,2025-09-04,40502.87,14698.65,1492129.67,1517933.89,25804.22,3,0,8,0.030338,100871.91
C001,2025-09-05,16763.2,105060.64,1517933.89,1429636.45,-88297.44,4,1,9,0.025284,111663.81
C001,2025-09-06,20038.77,10043.21,1429636.45,1439632.01,9995.56,5,1,10,0.021066,115140.45
C001,2025-09-07,42225.23,20800.37,1439632.01,1461056.87,21424.86,6,0,11,0.017544,119810.74
C001,2025-09-08,43640.1,22614.62,1461056.87,1482082.35,21025.48,0,0,12,0.014599,115795.22
C001,2025-09-09,40855.84,15778.76,1482082.35,1507159.43,25077.08,1,0,13,0.012133,116861.36
C001,2025-09-10,39974.64,45954.74,1507159.43,1501179.33,-5980.1,2,0,14,0.010062,114577.58
C001,2025-09-11,39176.17,19465.53,1501179.33,1520889.97,19710.64,3,0,15,0.008313,107908.88
C001,2025-09-12,17025.37,8646.2,1520889.97,1529269.14,8379.17,4,1,16,0.006826,124309.31
C001,2025-09-13,21333.62,10368.67,1529269.14,1540234.09,10964.95,5,1,17,0.005543,132122.95
C001,2025-09-14,40438.63,26219.27,1540234.09,1554453.45,14219.36,6,0,18,0.004416,143310.57
C001,2025-09-15,39009.62,23993.82,1554453.45,1569469.25,15015.8,0,0,19,0.003394,96007.92
C001,2025-09-16,38705.34,18913.9,1569469.25,1589260.69,19791.44,1,0,20,0.002428,104996.76
C001,2025-09-17,42343.33,25154.39,1589260.69,1606449.63,17188.94,2,0,21,0.001465,96795.64
C001,2025-09-18,41586.45,16985.6,1606449.63,1631050.48,24600.85,3,0,22,0.000439,84874.56
C001,2025-09-19,18329.97,7984.22,1631050.48,1641396.23,10345.75,4,1,23,-0.000725,97008.37
C001,2025-09-20,21985.5,10597.88,1641396.23,1652783.85,11387.62,5,1,24,-0.002127,70469.17
C001,2025-09-21,43194.12,18433.93,1652783.85,1677544.04,24760.19,6,0,25,-0.003898,70570.17
C001,2025-09-22,41111.53,24320.68,1677544.04,1694334.89,16790.85,0,0,26,-0.006216,70543.27
C001,2025-09-23,41503.57,17082.38,1694334.89,1718756.08,24421.19,1,0,27,-0.009321,77143.89
C001,2025-09-24,36289.54,25641.68,1718756.08,1729403.94,10647.86,2,0,28,-0.013547,77719.11
C001,2025-09-25,40192.11,15185.27,1729403.94,1754410.78,25006.84,3,0,29,-0.019356,64184.04
C001,2025-09-26,16022.3,6987.8,1754410.78,1763445.28,9034.5,4,1,30,-0.027389,78578.98
C001,2025-09-27,23345.62,260015.2,1763445.28,1526775.7,-236669.58,5,1,0,0.129998,94612.07
C001,2025-09-28,47092.83,21626.64,1526775.7,1552241.89,25466.19,6,0,1,0.108385,100437.46
C001,2025-09-29,46520.27,23541.88,1552241.89,1575220.28,22978.39,0,0,2,0.090365,96130.47
C001,2025-09-30,46127.07,17029.49,1575220.28,1604317.86,29097.58,1,0,3,0.07534,101105.58
C001,2025-10-01,44567.99,80255.5,1604317.86,1568630.35,-35687.51,2,0,4,0.062813,149273.11
C001,2025-10-02,47327.91,17271.2,1568630.35,1598687.06,30056.71,3,0,5,0.052366,79175.55
C001,2025-10-03,18414.75,8085.43,1598687.06,1609016.38,10329.32,4,1,6,0.043655,95586.97
C001,2025-10-04,20869.25,11079.83,1609016.38,1618805.8,9789.42,5,1,7,0.03639,110011.24
C001,2025-10-05,42269.8,119775.34,1618805.8,1541300.26,-77505.54,6,0,8,0.03033,212803.87
C001,2025-10-06,39675.16,26202.96,1541300.26,1554772.46,13472.2,0,0,9,0.025274,121063.27
C001,2025-10-07,43338.03,17242.88,1554772.46,1580867.61,26095.15,1,0,10,0.021052,123188.57
C001,2025-10-08,41535.37,24525.41,1580867.61,1597877.57,17009.96,2,0,11,0.017524,117298.91
C001,2025-10-09,42985.7,16842.48,1597877.57,1624020.79,26143.22,3,0,12,0.014572,103006.97
C001,2025-10-10,18063.41,26327.29,1624020.79,1615756.91,-8263.88,4,1,13,0.012095,134189.79
C001,2025-10-11,23039.63,9997.69,1615756.91,1628798.85,13041.94,5,1,14,0.010009,120176.14
C001,2025-10-12,44787.1,20007.5,1628798.85,1653578.45,24779.6,6,0,15,0.008239,124056.95
C001,2025-10-13,43146.72,24368.13,1653578.45,1672357.04,18778.59,0,0,16,0.006722,122273.24
C001,2025-10-14,41961.95,16554.97,1672357.04,1697764.02,25406.98,1,0,17,0.005398,123796.07
C001,2025-10-15,41497.65,73784.5,1697764.02,1665477.17,-32286.85,2,0,18,0.004213,166125.42
C001,2025-10-16,45851.51,17071.23,1665477.17,1694257.45,28780.28,3,0,19,0.003111,148842.35
C001,2025-10-17,17218.7,8230.88,1694257.45,1703245.27,8987.82,4,1,20,0.002034,157798.15
C001,2025-10-18,23298.6,10618.83,1703245.27,1715925.04,12679.77,5,1,21,0.000914,161366.2
C001,2025-10-19,45185.25,22705.69,1715925.04,1738404.6,22479.56,6,0,22,-0.000329,164460.9
C001,2025-10-20,42548.13,57699.71,1738404.6,1723253.02,-15151.58,0,0,23,-0.001797,195250.34
C001,2025-10-21,43291.81,18430.62,1723253.02,1748114.21,24861.19,1,0,24,-0.003623,200754.13
C001,2025-10-22,43238.9,26474.95,1748114.21,1764878.16,16763.95,2,0,25,-0.005986,196331.25
C001,2025-10-23,46472.72,15450.91,1764878.16,1795899.97,31021.81,3,0,26,-0.00913,178344.96
C001,2025-10-24,18920.32,7697.24,1795899.97,1807123.05,11223.08,4,1,27,-0.013388,188629.11
C001,2025-10-25,22051.58,10579.81,1807123.05,1818594.82,11471.77,5,1,28,-0.019223,197506.18
C001,2025-10-26,43420.94,19991.5,1818594.82,1842024.26,23429.44,6,0,29,-0.027278,200131.5
C001,2025-10-27,47909.88,268546.37,1842024.26,1621387.77,-220636.49,0,0,0,0.129999,439378.87
C001,2025-10-28,49502.24,18210.66,1621387.77,1652679.35,31291.58,1,0,1,0.108386,196383.8
C001,2025-10-29,43404.82,24733.42,1652679.35,1671350.75,18671.4,2,0,2,0.090366,189889.65
C001,2025-10-30,49083.53,15010.84,1671350.75,1705423.44,34072.69,3,0,3,0.075342,170239.62
C001,2025-10-31,20739.67,8259.65,1705423.44,1717903.46,12480.02,4,1,4,0.062814,185662.42
C001,2025-11-01,25685.49,65726.34,1717903.46,1677862.61,-40040.85,5,1,5,0.052369,190785.96
C001,2025-11-02,47796.82,21056.08,1677862.61,1704603.35,26740.74,6,0,6,0.043659,193048.48
C001,2025-11-03,48869.12,24655.43,1704603.35,1728817.04,24213.69,0,0,7,0.036396,186949.63
C001,2025-11-04,44859.07,19571.98,1728817.04,1754104.13,25287.09,1,0,8,0.030338,188244.38
C001,2025-11-05,43902.62,122171.02,1754104.13,1675835.73,-78268.4,2,0,9,0.025284,180012.74
C001,2025-11-06,46861.48,18641.03,1675835.73,1704056.18,28220.45,3,0,10,0.021066,166092.93
C001,2025-11-07,19336.15,8215.85,1704056.18,1715176.48,11120.3,4,1,11,0.017544,180038.52
C001,2025-11-08,23026.26,11174.98,1715176.48,1727027.76,11851.28,5,1,12,0.014599,191011.16
C001,2025-11-09,44461.88,21542.94,1727027.76,1749946.7,22918.94,6,0,13,0.012133,192988.44
C001,2025-11-10,43919.08,44890.79,1749946.7,1748974.99,-971.71,0,0,14,0.010062,191387.77
C001,2025-11-11,44114.5,15454.09,1748974.99,1777635.4,28660.41,1,0,15,0.008313,193045.7
C001,2025-11-12,41917.93,24923.05,1777635.4,1794630.28,16994.88,2,0,16,0.006826,188880.8
C001,2025-11-13,44311.48,17381.67,1794630.28,1821560.09,26929.81,3,0,17,0.005543,174902.57
C001,2025-11-14,18250.7,8208.2,1821560.09,1831602.59,10042.5,4,1,18,0.004416,193897.02
C001,2025-11-15,21803.76,10306.55,1831602.59,1843099.8,11497.21,5,1,19,0.003394,202255.01
C001,2025-11-16,40535.29,22591.67,1843099.8,1861043.42,17943.62,6,0,20,0.002428,208216.76
C001,2025-11-17,39320.39,23072.57,1861043.42,1877291.24,16247.82,0,0,21,0.001465,207992.88
C001,2025-11-18,41253.71,15679.45,1877291.24,1902865.5,25574.26,1,0,22,0.000439,209802.08
C001,2025-11-19,41453.64,25815.78,1902865.5,1918503.36,15637.86,2,0,23,-0.000725,203965.26
C001,2025-11-20,46927.23,16562.25,1918503.36,1948868.34,30364.98,3,0,24,-0.002127,186003.93
C001,2025-11-21,19528.88,7187.81,1948868.34,1961209.41,12341.07,4,1,25,-0.003898,195244.89
C001,2025-11-22,23000.08,9964.56,1961209.41,1974244.93,13035.52,5,1,26,-0.006216,195163.7
C001,2025-11-23,42842.82,21335.59,1974244.93,1995752.16,21507.23,6,0,27,-0.009321,197656.8
C001,2025-11-24,43917.59,23568.75,1995752.16,2016101.0,20348.84,0,0,28,-0.013547,198432.07
C001,2025-11-25,43623.93,17569.17,2016101.0,2042155.76,26054.76,1,0,29,-0.019356,200688.76
C001,2025-11-26,44310.45,25699.57,2042155.76,2060766.64,18610.88,2,0,30,-0.027389,192408.75
C001,2025-11-27,52788.85,264492.34,2060766.64,1849063.15,-211703.49,3,0,0,0.129998,169583.55
C001,2025-11-28,20684.75,8507.5,1849063.15,1861240.4,12177.25,4,1,1,0.108385,190237.81
C001,2025-11-29,25714.32,11291.66,1861240.4,1875663.06,14422.66,5,1,2,0.090365,201344.99
C001,2025-11-30,50413.01,22510.19,1875663.06,1903565.88,27902.82,6,0,3,0.07534,206351.56
C001,2025-12-01,44877.8,79795.11,1903565.88,1868648.57,-34917.31,0,0,4,0.062813,262013.76
C001,2025-12-02,47624.76,18621.5,1868648.57,1897651.83,29003.26,1,0,5,0.052366,
C001,2025-12-03,42717.89,24603.05,1897651.83,1915766.67,18114.84,2,0,6,0.043655,
C001,2025-12-04,43306.31,16724.47,1915766.67,1942348.51,26581.84,3,0,7,0.03639,
C001,2025-12-05,19230.59,105730.63,1942348.51,1855848.47,-86500.04,4,1,8,0.03033,
C001,2025-12-06,25695.37,11394.73,1855848.47,1870149.11,14300.64,5,1,9,0.025274,
C001,2025-12-07,47731.11,22665.22,1870149.11,1895215.0,25065.89,6,0,10,0.021052,
C001,2025-12-08,44912.86,22088.94,1895215.0,1918038.92,22823.92,0,0,11,0.017524,
C001,2025-12-09,41994.21,17097.99,1918038.92,1942935.14,24896.22,1,0,12,0.014572,
C001,2025-12-10,41301.69,43874.07,1942935.14,1940362.76,-2572.38,2,0,13,0.012095,
C001,2025-12-11,46279.59,15961.25,1940362.76,1970681.1,30318.34,3,0,14,0.010009,
C001,2025-12-12,20700.99,7871.01,1970681.1,1983511.08,12829.98,4,1,15,0.008239,
C001,2025-12-13,24386.14,11434.56,1983511.08,1996462.66,12951.58,5,1,16,0.006722,
C001,2025-12-14,50495.95,21459.0,1996462.66,2025499.61,29036.95,6,0,17,0.005398,
C001,2025-12-15,46161.57,26306.37,2025499.61,2045354.81,19855.2,0,0,18,0.004213,
C001,2025-12-16,41423.89,17518.52,2045354.81,2069260.18,23905.37,1,0,19,0.003111,
C001,2025-12-17,40901.56,24877.62,2069260.18,2085284.12,16023.94,2,0,20,0.002034,
C001,2025-12-18,43101.69,15718.23,2085284.12,2112667.58,27383.46,3,0,21,0.000914,
C001,2025-12-19,18270.86,8469.82,2112667.58,2122468.62,9801.04,4,1,22,-0.000329,
C001,2025-12-20,23050.9,10647.25,2122468.62,2134872.27,12403.65,5,1,23,-0.001797,
C001,2025-12-21,42764.37,21182.34,2134872.27,2156454.3,21582.03,6,0,24,-0.003623,
C001,2025-12-22,38609.61,25655.28,2156454.3,2169408.63,12954.33,0,0,25,-0.005986,
C001,2025-12-23,41060.22,17059.89,2169408.63,2193408.96,24000.33,1,0,26,-0.00913,
C001,2025-12-24,44968.84,23844.73,2193408.96,2214533.07,21124.11,2,0,27,-0.013388,
C001,2025-12-25,44244.71,15933.26,2214533.07,2242844.52,28311.45,3,0,28,-0.019223,
C001,2025-12-26,17814.85,7483.98,2242844.52,2253175.39,10330.87,4,1,29,-0.027278,
C001,2025-12-27,27492.61,262021.3,2253175.39,2018646.7,-234528.69,5,1,0,0.129999,
C001,2025-12-28,53072.74,20241.23,2018646.7,2051478.21,32831.51,6,0,1,0.108386,
C001,2025-12-29,49211.35,23681.51,2051478.21,2077008.05,25529.84,0,0,2,0.090366,
C001,2025-12-30,49206.79,16297.4,2077008.05,2109917.44,32909.39,1,0,3,0.075342,
C001,2025-12-31,45353.59,24608.7,2109917.44,2130662.33,20744.89,2,0,4,0.062814,
C002,2021-01-01,51289.08,89061.12,1520000.0,1482227.96,-37772.04,4,1,5,0.112795,185651.59
C002,2021-01-02,45034.37,16346.96,1482227.96,1510915.37,28687.41,5,1,6,0.094035,80395.76
C002,2021-01-03,36077.83,30833.15,1510915.37,1516160.05,5244.68,6,0,7,0.078391,83889.03
C002,2021-01-04,30620.79,33864.07,1516160.05,1512916.77,-3243.28,0,0,8,0.065342,89034.0
C002,2021-01-05,32626.92,131407.6,1512916.77,1414136.09,-98780.68,1,0,9,0.054457,205342.11
C002,2021-01-06,30648.95,30703.46,1414136.09,1414081.58,-54.51,2,0,10,0.045373,94757.83
C002,2021-01-07,37808.93,19010.34,1414081.58,1432880.17,18798.59,3,0,11,0.037787,102661.3
C002,2021-01-08,45338.9,8795.04,1432880.17,1469424.03,36543.86,4,1,12,0.031445,74712.41
C002,2021-01-09,48127.17,13898.69,1469424.03,1503652.51,34228.48,5,1,13,0.026133,42814.52
C002,2021-01-10,33581.72,44406.37,1503652.51,1492827.86,-10824.65,6,0,14,0.021672,65715.97
C002,2021-01-11,35150.14,23839.14,1492827.86,1504138.86,11311.0,0,0,15,0.017906,37079.88
C002,2021-01-12,31774.6,21082.01,1504138.86,1514831.45,10692.59,1,0,16,0.014701,41852.93
C002,2021-01-13,33572.35,27152.78,1514831.45,1521251.02,6419.57,2,0,17,0.011939,64672.49
C002,2021-01-14,38860.0,20601.3,1521251.02,1539509.72,18258.7,3,0,18,0.00951,44273.63
C002,2021-01-15,42833.25,43491.03,1539509.72,1538851.94,-657.78,4,1,19,0.00731,47481.97
C002,2021-01-16,38570.63,13469.09,1538851.94,1563953.48,25101.54,5,1,20,0.00523,26647.01
C002,2021-01-17,30615.4,24761.62,1563953.48,1569807.26,5853.78,6,0,21,0.003154,32662.39
C002,2021-01-18,29535.71,25848.79,1569807.26,1573494.18,3686.92,0,0,22,0.000946,34069.76
C002,2021-01-19,29575.01,20802.09,1573494.18,1582267.1,8772.92,1,0,23,-0.001561,40867.12
C002,2021-01-20,30819.42,27924.36,1582267.1,1585162.16,2895.06,2,0,24,-0.004581,75785.07
C002,2021-01-21,34888.93,18209.04,1585162.16,1601842.05,16679.89,3,0,25,-0.008396,87646.56
C002,2021-01-22,47642.55,8575.92,1601842.05,1640908.68,39066.63,4,1,26,-0.013387,50569.49
C002,2021-01-23,45890.69,11598.02,1640908.68,1675201.35,34292.67,5,1,27,-0.020076,17158.03
C002,2021-01-24,28293.48,26331.53,1675201.35,1677163.3,1961.95,6,0,28,-0.029179,23169.7
C002,2021-01-25,27495.72,30506.6,1677163.3,1674152.42,-3010.88,0,0,29,-0.041691,26156.55
C002,2021-01-26,25749.59,18184.32,1674152.42,1681717.69,7565.27,1,0,30,-0.058991,30690.19
C002,2021-01-27,41141.9,157089.56,1681717.69,1565770.03,-115947.66,2,0,0,0.279997,179309.73
C002,2021-01-28,40171.4,16801.33,1565770.03,1589140.1,23370.07,3,0,1,0.233447,58848.34
C002,2021-01-29,48676.3,8910.09,1589140.1,1628906.31,39766.21,4,1,2,0.194635,27534.59
C002,2021-01-30,49143.51,12257.25,1628906.31,1665792.57,36886.26,5,1,3,0.162274,-77507.57
C002,2021-01-31,28495.99,26409.01,1665792.57,1667879.55,2086.98,6,0,4,0.135293,-66944.48
C002,2021-02-01,30465.38,107033.8,1667879.55,1591311.13,-76568.42,0,0,5,0.112795,18300.15
C002,2021-02-02,27683.44,18945.49,1591311.13,1600049.08,8737.95,1,0,6,0.094035,24323.49
C002,2021-02-03,31125.81,29224.12,1600049.08,1601950.77,1901.69,2,0,7,0.078391,-46602.12
C002,2021-02-04,36011.05,18483.62,1601950.77,1619478.2,17527.43,3,0,8,0.065342,-32295.57
C002,2021-02-05,44355.36,154994.15,1619478.2,1508839.41,-110638.79,4,1,9,0.054457,80750.18
C002,2021-02-06,39760.85,13058.79,1508839.41,1535541.47,26702.06,5,1,10,0.045373,49719.93
C002,2021-02-07,32123.63,23528.66,1535541.47,1544136.44,8594.97,6,0,11,0.037787,50001.43
C002,2021-02-08,30656.34,28325.75,1544136.44,1546467.03,2330.59,0,0,12,0.031445,33405.67
C002,2021-02-09,30154.83,18078.03,1546467.03,1558543.83,12076.8,1,0,13,0.026133,33551.73
C002,2021-02-10,30406.11,47731.2,1558543.83,1541218.74,-17325.09,2,0,14,0.021672,80507.27
C002,2021-02-11,34230.23,18764.59,1541218.74,1556684.38,15465.64,3,0,15,0.017906,91046.17
C002,2021-02-12,36551.06,7311.93,1556684.38,1585923.51,29239.13,4,1,16,0.014701,66022.15
C002,2021-02-13,34401.19,36541.35,1585923.51,1583783.35,-2140.16,5,1,17,0.011939,72801.76
C002,2021-02-14,25011.88,22461.32,1583783.35,1586333.91,2550.56,6,0,18,0.00951,79485.64
C002,2021-02-15,31127.17,26860.59,1586333.91,1590600.49,4266.58,0,0,19,0.00731,78887.94
C002,2021-02-16,28518.81,16649.65,1590600.49,1602469.65,11869.16,1,0,20,0.00523,85466.0
C002,2021-02-17,32090.72,26996.43,1602469.65,1607563.94,5094.29,2,0,21,0.003154,111412.63
C002,2021-02-18,32600.76,17030.48,1607563.94,1623134.22,15570.28,3,0,22,0.000946,121312.5
C002,2021-02-19,45763.08,7950.07,1623134.22,1660947.23,37813.01,4,1,23,-0.001561,87088.89
C002,2021-02-20,39491.64,10950.26,1660947.23,1689488.61,28541.38,5,1,24,-0.004581,50501.56
C002,2021-02-21,26534.67,24545.11,1689488.61,1691478.17,1989.56,6,0,25,-0.008396,53653.23
C002,2021-02-22,28891.24,28010.03,1691478.17,1692359.38,881.21,0,0,26,-0.013387,52165.79
C002,2021-02-23,28049.22,20075.6,1692359.38,1700333.0,7973.62,1,0,27,-0.020076,52304.78
C002,2021-02-24,28197.1,28221.13,1700333.0,1700308.97,-24.03,2,0,28,-0.029179,77746.64
C002,2021-02-25,28841.61,16742.7,1700308.97,1712407.88,12098.91,3,0,29,-0.041691,-28515.98
C002,2021-02-26,40204.01,7532.13,1712407.88,1745079.76,32671.88,4,1,30,-0.058991,-55824.41
C002,2021-02-27,45055.35,142146.67,1745079.76,1647988.44,-97091.32,5,1,0,0.279993,35114.11
C002,2021-02-28,31262.87,22810.41,1647988.44,1656440.9,8452.46,6,0,1,0.23344,33584.59
C002,2021-03-01,35973.92,104129.82,1656440.9,1588285.0,-68155.9,0,0,2,0.194626,100926.85
C002,2021-03-02,32349.23,19699.16,1588285.0,1600935.07,12650.07,1,0,3,0.162262,18650.01
C002,2021-03-03,33203.55,24527.34,1600935.07,1609611.28,8676.21,2,0,4,0.135275,36144.53
C002,2021-03-04,34799.03,20037.74,1609611.28,1624372.57,14761.29,3,0,5,0.11277,40746.07
C002,2021-03-05,48262.22,117286.14,1624372.57,1555348.65,-69023.92,4,1,6,0.094,105974.16
C002,2021-03-06,44610.88,12776.9,1555348.65,1587182.63,31833.98,5,1,7,0.078342,-37399.55
C002,2021-03-07,27244.48,24837.52,1587182.63,1589589.59,2406.96,6,0,8,0.065275,-36886.71
C002,2021-03-08,27377.43,31705.62,1589589.59,1585261.4,-4328.19,0,0,9,0.054363,-37463.88
C002,2021-03-09,27517.2,18640.73,1585261.4,1594137.87,8876.47,1,0,10,0.045242,-35746.16
C002,2021-03-10,29475.61,43740.78,1594137.87,1579872.7,-14265.17,2,0,11,0.037603,10540.66
C002,2021-03-11,32595.71,20372.85,1579872.7,1592095.56,12222.86,3,0,12,0.031189,4116.54
C002,2021-03-12,37810.77,8180.32,1592095.56,1621726.01,29630.45,4,1,13,0.025776,-27315.26
C002,2021-03-13,37921.46,11916.92,1621726.01,1647730.55,26004.54,5,1,14,0.021173,-50677.43
C002,2021-03-14,27710.61,23495.5,1647730.55,1651945.66,4215.11,6,0,15,0.017209,-48334.6
C002,2021-03-15,30527.6,25888.15,1651945.66,1656585.11,4639.45,0,0,16,0.013729,-47687.0
C002,2021-03-16,26612.86,17378.42,1656585.11,1665819.55,9234.44,1,0,17,0.010582,-78807.11
C002,2021-03-17,29469.99,25801.11,1665819.55,1669488.43,3668.88,2,0,18,0.007616,-56232.93
C002,2021-03-18,36361.48,17914.26,1669488.43,1687935.65,18447.22,3,0,19,0.004666,-54583.84
C002,2021-03-19,39047.51,8006.59,1687935.65,1718976.57,31040.92,4,1,20,0.001541,-84503.83
C002,2021-03-20,36807.58,11337.43,1718976.57,1744446.72,25470.15,5,1,21,-0.001995,-112933.6
C002,2021-03-21,27316.41,23727.01,1744446.72,1748036.12,3589.4,6,0,22,-0.00624,-119424.87
C002,2021-03-22,23658.6,31704.55,1748036.12,1739990.17,-8045.95,0,0,23,-0.01159,-105972.5
C002,2021-03-23,22849.74,17708.51,1739990.17,1745131.4,5141.23,1,0,24,-0.018577,-96568.75
C002,2021-03-24,25987.7,26593.93,1745131.4,1744525.17,-606.23,2,0,25,-0.02793,-66442.37
C002,2021-03-25,27343.75,19231.14,1744525.17,1752637.78,8112.61,3,0,26,-0.040649,-51077.68
C002,2021-03-26,34382.86,8965.03,1752637.78,1778055.61,25417.83,4,1,27,-0.058122,-72172.39
C002,2021-03-27,46287.95,140451.66,1778055.61,1683891.9,-94163.71,5,1,0,0.279997,22575.35
C002,2021-03-28,28542.16,23178.71,1683891.9,1689255.35,5363.45,6,0,1,0.233447,-97394.02
C002,2021-03-29,27923.44,34076.24,1689255.35,1683102.55,-6152.8,0,0,2,0.194635,-72630.32
C002,2021-03-30,29173.07,22250.13,1683102.55,1690025.49,6922.94,1,0,3,0.162274,-53938.23
C002,2021-03-31,31337.86,32151.5,1690025.49,1689211.85,-813.64,2,0,4,0.135293,-12018.83
C002,2021-04-01,32396.28,102023.05,1689211.85,1619585.08,-69626.77,3,0,5,0.112795,14553.83
C002,2021-04-02,35355.64,9184.91,1619585.08,1645755.81,26170.73,4,1,6,0.094035,-6762.58
C002,2021-04-03,33471.38,14108.55,1645755.81,1665118.64,19362.83,5,1,7,0.078391,-28846.66
C002,2021-04-04,25346.07,29141.9,1665118.64,1661322.81,-3795.83,6,0,8,0.065342,-18844.8
C002,2021-04-05,25594.4,137134.13,1661322.81,1549783.08,-111539.73,0,0,9,0.054457,-13809.23
C002,2021-04-06,24302.56,21382.76,1549783.08,1552702.88,2919.8,1,0,10,0.045373,1591.12
C002,2021-04-07,23735.07,28640.43,1552702.88,1547797.52,-4905.36,2,0,11,0.037787,39371.52
C002,2021-04-08,29219.19,18625.0,1547797.52,1558391.71,10594.19,3,0,12,0.031445,60500.76
C002,2021-04-09,39048.76,7027.11,1558391.71,1590413.36,32021.65,4,1,13,0.026133,40474.89
C002,2021-04-10,34981.11,29182.37,1590413.36,1596212.1,5798.74,5,1,14,0.021672,25209.4
C002,2021-04-11,21484.33,23285.68,1596212.1,1594410.75,-1801.35,6,0,15,0.017906,50824.88
C002,2021-04-12,28445.27,25802.9,1594410.75,1597053.12,2642.37,0,0,16,0.014701,53030.55
C002,2021-04-13,24149.8,17591.86,1597053.12,1603611.06,6557.94,1,0,17,0.011939,48246.77
C002,2021-04-14,30129.27,24842.22,1603611.06,1608898.11,5287.05,2,0,18,0.00951,58966.54
C002,2021-04-15,29476.93,51362.6,1608898.11,1587012.44,-21885.67,3,0,19,0.00731,89336.09
C002,2021-04-16,33965.19,7722.13,1587012.44,1613255.5,26243.06,4,1,20,0.00523,56256.14
C002,2021-04-17,30156.1,10059.79,1613255.5,1633351.81,20096.31,5,1,21,0.003154,30351.7
C002,2021-04-18,21297.51,20176.58,1633351.81,1634472.74,1120.93,6,0,22,0.000946,34316.46
C002,2021-04-19,21380.02,24339.64,1634472.74,1631513.12,-2959.62,0,0,23,-0.001561,40465.56
C002,2021-04-20,24352.64,27254.51,1631513.12,1628611.25,-2901.87,1,0,24,-0.004581,53607.1
C002,2021-04-21,27521.7,22115.28,1628611.25,1634017.67,5406.42,2,0,25,-0.008396,70612.45
C002,2021-04-22,29855.6,15310.62,1634017.67,1648562.65,14544.98,3,0,26,-0.013387,76071.8
C002,2021-04-23,36325.96,6805.81,1648562.65,1678082.8,29520.15,4,1,27,-0.020076,47410.9
C002,2021-04-24,33984.18,10506.88,1678082.8,1701560.1,23477.3,5,1,28,-0.029179,26437.36
C002,2021-04-25,26157.47,21834.35,1701560.1,1705883.22,4323.12,6,0,29,-0.041691,28438.98
C002,2021-04-26,25329.5,24745.47,1705883.22,1706467.25,584.03,0,0,30,-0.058991,28897.43
C002,2021-04-27,33134.54,147740.46,1706467.25,1591861.33,-114605.92,1,0,0,0.279996,30064.21
C002,2021-04-28,39478.21,20867.31,1591861.33,1610472.23,18610.9,2,0,1,0.233445,41319.02
C002,2021-04-29,44411.23,18796.2,1610472.23,1636087.26,25615.03,3,0,2,0.194633,35866.98
C002,2021-04-30,50246.56,9140.8,1636087.26,1677193.02,41105.76,4,1,3,0.162272,-3360.43
C002,2021-05-01,47986.68,91040.79,1677193.02,1634138.91,-43054.11,5,1,4,0.135289,42765.67
C002,2021-05-02,29198.69,24344.37,1634138.91,1638993.23,4854.32,6,0,5,0.112789,-30876.0
C002,2021-05-03,30978.11,33699.36,1638993.23,1636271.98,-2721.25,0,0,6,0.094027,-26230.54
C002,2021-05-04,29058.14,22852.11,1636271.98,1642478.01,6206.03,1,0,7,0.078379,-24323.07
C002,2021-05-05,32778.47,139282.63,1642478.01,1535973.85,-106504.16,2,0,8,0.065327,105725.86
C002,2021-05-06,37552.9,19232.75,1535973.85,1554294.0,18320.15,3,0,9,0.054436,-5620.86
C002,2021-05-07,41402.21,8527.17,1554294.0,1587169.04,32875.04,4,1,10,0.045343,-38846.84
C002,2021-05-08,44461.64,12738.21,1587169.04,1618892.47,31723.43,5,1,11,0.037745,-76001.22
C002,2021-05-09,37926.35,25930.57,1618892.47,1630888.25,11995.78,6,0,12,0.031386,-81727.75
C002,2021-05-10,41713.5,51180.25,1630888.25,1621421.5,-9466.75,0,0,13,0.026051,-70950.69
C002,2021-05-11,41769.23,17955.1,1621421.5,1645235.63,23814.13,1,0,14,0.021557,-107513.71
C002,2021-05-12,35317.5,30469.46,1645235.63,1650083.67,4848.04,2,0,15,0.017745,-91031.26
C002,2021-05-13,24445.17,22671.01,1650083.67,1651857.83,1774.16,3,0,16,0.014477,-78060.27
C002,2021-05-14,24843.43,8836.61,1651857.83,1667864.65,16006.82,4,1,17,0.011627,-94307.16
C002,2021-05-15,20543.56,12059.68,1667864.65,1676348.53,8483.88,5,1,18,0.009074,-101527.67
C002,2021-05-16,16715.22,23552.11,1676348.53,1669511.64,-6836.89,6,0,19,0.006701,-89207.44
C002,2021-05-17,18824.93,24633.06,1669511.64,1663703.51,-5808.13,0,0,20,0.004381,-81856.05
C002,2021-05-18,20099.15,15013.46,1663703.51,1668789.2,5085.69,1,0,21,0.001969,-78338.34
C002,2021-05-19,21966.16,18776.68,1668789.2,1671978.68,3189.48,2,0,22,-0.000708,-62773.29
C002,2021-05-20,22238.4,11998.73,1671978.68,1682218.35,10239.67,3,0,23,-0.00387,-57518.87
C002,2021-05-21,28668.83,6257.06,1682218.35,1704630.12,22411.77,4,1,24,-0.007803,-77049.57
C002,2021-05-22,27591.89,7587.56,1704630.12,1724634.45,20004.33,5,1,25,-0.012893,-99908.11
C002,2021-05-23,17242.66,16383.41,1724634.45,1725493.7,859.25,6,0,26,-0.019664,-97361.72
C002,2021-05-24,19881.76,17378.0,1725493.7,1727997.46,2503.76,0,0,27,-0.028836,-99507.18
C002,2021-05-25,20038.23,13713.49,1727997.46,1734322.2,6324.74,1,0,28,-0.041404,-95639.9
C002,2021-05-26,19920.13,18877.65,1734322.2,1735364.68,1042.48,2,0,29,-0.058752,-78714.7
C002,2021-05-27,31934.83,145373.97,1735364.68,1621925.54,-113439.14,3,0,0,0.279997,48489.69
C002,2021-05-28,36618.89,6753.18,1621925.54,1651791.25,29865.71,4,1,1,0.233447,-108953.94
C002,2021-05-29,29254.59,9091.6,1651791.25,1671954.24,20162.99,5,1,2,0.194635,-128379.04
C002,2021-05-30,21309.65,19431.3,1671954.24,1673832.59,1878.35,6,0,3,0.162274,-125315.99
C002,2021-05-31,25531.69,22459.7,1673832.59,1676904.58,3071.99,0,0,4,0.135293,-129844.31
C002,2021-06-01,24540.26,93327.61,1676904.58,1608117.23,-68787.35,1,0,5,0.112795,-128238.45
C002,2021-06-02,24923.01,22998.8,1608117.23,1610041.44,1924.21,2,0,6,0.094035,-109142.84
C002,2021-06-03,23258.77,15145.27,1610041.44,1618154.94,8113.5,3,0,7,0.078391,-96756.41
C002,2021-06-04,30546.73,7001.96,1618154.94,1641699.71,23544.77,4,1,8,0.065342,-120708.95
C002,2021-06-05,25869.46,118896.03,1641699.71,1548673.14,-93026.57,5,1,9,0.054457,-139160.13
C002,2021-06-06,18675.76,19026.7,1548673.14,1548322.2,-350.94,6,0,10,0.045373,-136674.39
C002,2021-06-07,17485.43,22916.38,1548322.2,1542891.25,-5430.95,0,0,11,0.037787,-131557.61
C002,2021-06-08,20143.81,13874.56,1542891.25,1549160.5,6269.25,1,0,12,0.031445,-128802.73
C002,2021-06-09,21078.55,19768.24,1549160.5,1550470.81,1310.31,2,0,13,0.026133,-110226.59
C002,2021-06-10,25197.81,37946.7,1550470.81,1537721.92,-12748.89,3,0,14,0.021672,-113813.41
C002,2021-06-11,27764.26,6433.77,1537721.92,1559052.41,21330.49,4,1,15,0.017906,-136784.49
C002,2021-06-12,22915.0,8169.85,1559052.41,1573797.56,14745.15,5,1,16,0.014701,-152946.46
C002,2021-06-13,18054.9,18294.97,1573797.56,1573557.49,-240.07,6,0,17,0.011939,-146661.69
C002,2021-06-14,21046.87,19783.5,1573557.49,1574820.86,1263.37,0,0,18,0.00951,-144665.25
C002,2021-06-15,18601.53,13118.19,1574820.86,1580304.2,5483.34,1,0,19,0.00731,-177159.06
C002,2021-06-16,21308.93,19765.67,1580304.2,1581847.46,1543.26,2,0,20,0.00523,-154051.74
C002,2021-06-17,22353.52,13750.12,1581847.46,1590450.86,8603.4,3,0,21,0.003154,-143428.08
C002,2021-06-18,25657.93,6903.4,1590450.86,1609205.39,18754.53,4,1,22,0.000946,-158038.65
C002,2021-06-19,24468.83,8974.74,1609205.39,1624699.48,15494.09,5,1,23,-0.001561,-176584.72
C002,2021-06-20,18806.34,15925.27,1624699.48,1627580.55,2881.07,6,0,24,-0.004581,-254082.34
C002,2021-06-21,17293.27,20147.48,1627580.55,1624726.34,-2854.21,0,0,25,-0.008396,-253448.37
C002,2021-06-22,17136.47,13730.83,1624726.34,1628131.98,3405.64,1,0,26,-0.013387,-253098.74
C002,2021-06-23,19567.81,19209.51,1628131.98,1628490.28,358.3,2,0,27,-0.020076,-239774.68
C002,2021-06-24,21996.85,11804.83,1628490.28,1638682.3,10192.02,3,0,28,-0.029179,-235336.16
C002,2021-06-25,24811.98,6844.3,1638682.3,1656649.98,17967.68,4,1,29,-0.041691,-255050.83
C002,2021-06-26,21715.51,7950.26,1656649.98,1670415.23,13765.25,5,1,30,-0.058991,-267392.38
C002,2021-06-27,19788.24,147366.16,1670415.23,1542837.31,-127577.92,6,0,0,0.279996,-258197.48
C002,2021-06-28,20242.78,19504.89,1542837.31,1543575.2,737.89,0,0,1,0.233445,-255554.49
C002,2021-06-29,18786.6,13845.2,1543575.2,1548516.6,4941.4,1,0,2,0.194633,-250743.54
C002,2021-06-30,19550.03,21006.36,1548516.6,1547060.27,-1456.33,2,0,3,0.162272,-227209.58
C002,2021-07-01,23972.89,91154.38,1547060.27,1479878.78,-67181.49,3,0,4,0.135289,-139603.78
C002,2021-07-02,27123.53,6103.71,1479878.78,1500898.6,21019.82,4,1,5,0.112789,-234226.67
C002,2021-07-03,29841.98,9342.05,1500898.6,1521398.53,20499.93,5,1,6,0.094027,-255404.46
C002,2021-07-04,16584.93,16992.7,1521398.53,1520990.76,-407.77,6,0,7,0.078379,-246669.72
C002,2021-07-05,17803.03,129280.78,1520990.76,1409513.01,-111477.75,0,0,8,0.065327,-135708.4
C002,2021-07-06,15702.12,13567.32,1409513.01,1411647.81,2134.8,1,0,9,0.054436,-237731.61
C002,2021-07-07,17971.67,18285.84,1411647.81,1411333.64,-314.17,2,0,10,0.045343,-215113.91
C002,2021-07-08,22069.44,13045.31,1411333.64,1420357.77,9024.13,3,0,11,0.037745,-207802.61
C002,2021-07-09,25897.94,6011.49,1420357.77,1440244.22,19886.45,4,1,12,0.031386,-229724.4
C002,2021-07-10,20841.75,37177.46,1440244.22,1423908.51,-16335.71,5,1,13,0.026051,-213801.15
C002,2021-07-11,14336.38,15976.97,1423908.51,1422267.92,-1640.59,6,0,14,0.021557,-233577.68
C002,2021-07-12,16651.47,18068.29,1422267.92,1420851.1,-1416.82,0,0,15,0.017745,-233670.73
C002,2021-07-13,18268.2,12223.5,1420851.1,1426895.8,6044.7,1,0,16,0.014477,-232850.17
C002,2021-07-14,21212.0,17952.19,1426895.8,1430155.61,3259.81,2,0,17,0.011627,-212847.79
C002,2021-07-15,21758.23,48768.7,1430155.61,1403145.14,-27010.47,3,0,18,0.009074,-170456.22
C002,2021-07-16,30183.82,5533.24,1403145.14,1427795.72,24650.58,4,1,19,0.006701,-194401.4
C002,2021-07-17,26678.84,7451.78,1427795.72,1447022.78,19227.06,5,1,20,0.004381,-216971.14
C002,2021-07-18,21563.7,17419.74,1447022.78,1451166.74,4143.96,6,0,21,0.001969,-217632.66
C002,2021-07-19,19413.86,22465.84,1451166.74,1448114.76,-3051.98,0,0,22,-0.000708,-215422.95
C002,2021-07-20,17492.02,92108.57,1448114.76,1373498.21,-74616.55,1,0,23,-0.00387,-128083.44
C002,2021-07-21,16787.75,19007.99,1373498.21,1371277.97,-2220.24,2,0,24,-0.007803,-101630.62
C002,2021-07-22,17073.52,13318.25,1371277.97,1375033.24,3755.27,3,0,25,-0.012893,-83903.24
C002,2021-07-23,19713.28,6030.92,1375033.24,1388715.6,13682.36,4,1,26,-0.019664,-96069.67
C002,2021-07-24,22109.68,7479.14,1388715.6,1403346.14,14630.54,5,1,27,-0.028836,-110392.29
C002,2021-07-25,14856.02,16603.01,1403346.14,1401599.15,-1746.99,6,0,28,-0.041404,-99631.02
C002,2021-07-26,19467.26,18043.56,1401599.15,1403022.85,1423.7,0,0,29,-0.058752,-100446.48
C002,2021-07-27,26713.23,145096.25,1403022.85,1284639.83,-118383.02,1,0,0,0.279997,29772.61
C002,2021-07-28,20419.01,17038.13,1284639.83,1288020.71,3380.88,2,0,1,0.233447,-69630.48
C002,2021-07-29,22487.93,12735.58,1288020.71,1297773.06,9752.35,3,0,2,0.194635,-46838.68
C002,2021-07-30,28185.94,6108.31,1297773.06,1319850.69,22077.63,4,1,3,0.162274,-60797.31
C002,2021-07-31,29676.51,9252.2,1319850.69,1340275.0,20424.31,5,1,4,0.135293,-69675.42
C002,2021-08-01,22605.91,96208.98,1340275.0,1266671.93,-73603.07,6,0,5,0.112795,15054.43
C002,2021-08-02,20961.24,21639.1,1266671.93,1265994.07,-677.86,0,0,6,0.094035,-63930.73
C002,2021-08-03,24007.13,15680.16,1265994.07,1274321.04,8326.97,1,0,7,0.078391,-59248.85
C002,2021-08-04,20292.27,20808.7,1274321.04,1273804.61,-516.43,2,0,8,0.065342,-29091.05
C002,2021-08-05,22685.22,122573.63,1273804.61,1173916.2,-99888.41,3,0,9,0.054457,94435.78
C002,2021-08-06,29100.66,6797.13,1173916.2,1196219.73,22303.53,4,1,10,0.045373,-36234.96
C002,2021-08-07,26403.52,10068.09,1196219.73,1212555.16,16335.43,5,1,11,0.037787,-55321.97
C002,2021-08-08,21017.66,23053.0,1212555.16,1210519.82,-2035.34,6,0,12,0.031445,-48513.74
C002,2021-08-09,22517.75,22930.21,1210519.82,1210107.36,-412.46,0,0,13,0.026133,-44990.63
C002,2021-08-10,22024.82,43441.94,1210107.36,1188690.24,-21417.12,1,0,14,0.021672,-8560.24
C002,2021-08-11,21833.21,23343.08,1188690.24,1187180.37,-1509.87,2,0,15,0.017906,992.62
C002,2021-08-12,23618.85,16753.59,1187180.37,1194045.63,6865.26,3,0,16,0.014701,16237.05
C002,2021-08-13,30735.34,7473.15,1194045.63,1217307.82,23262.19,4,1,17,0.011939,-11724.01
C002,2021-08-14,27064.77,11683.67,1217307.82,1232688.92,15381.1,5,1,18,0.00951,-35844.68
C002,2021-08-15,21974.4,21269.0,1232688.92,1233394.32,705.4,6,0,19,0.00731,-31748.01
C002,2021-08-16,23779.42,27122.1,1233394.32,1230051.64,-3342.68,0,0,20,0.00523,-29452.91
C002,2021-08-17,20012.23,16529.79,1230051.64,1233534.08,3482.44,1,0,21,0.003154,-18294.1
C002,2021-08-18,23118.32,23960.59,1233534.08,1232691.81,-842.27,2,0,22,0.000946,9386.66
C002,2021-08-19,29419.39,16696.43,1232691.81,1245414.77,12722.96,3,0,23,-0.001561,25511.65
C002,2021-08-20,32504.37,8271.79,1245414.77,1269647.35,24232.58,4,1,24,-0.004581,2737.75
C002,2021-08-21,32197.53,10714.88,1269647.35,1291130.0,21482.65,5,1,25,-0.008396,-17056.43
C002,2021-08-22,25010.42,23494.49,1291130.0,1292645.93,1515.93,6,0,26,-0.013387,-6834.6
C002,2021-08-23,23840.66,23532.74,1292645.93,1292953.85,307.92,0,0,27,-0.020076,-6386.34
C002,2021-08-24,26373.55,17359.27,1292953.85,1301968.13,9014.28,1,0,28,-0.029179,867.12
C002,2021-08-25,25154.38,24546.14,1301968.13,1302576.37,608.24,2,0,29,-0.041691,31229.29
C002,2021-08-26,28257.9,16421.83,1302576.37,1314412.44,11836.07,3,0,30,-0.058991,46537.99
C002,2021-08-27,46142.3,142164.51,1314412.44,1218390.23,-96022.21,4,1,0,0.279997,145082.25
C002,2021-08-28,43783.22,11239.07,1218390.23,1250934.38,32544.15,5,1,1,0.233447,-10046.15
C002,2021-08-29,32296.43,24177.43,1250934.38,1259053.38,8119.0,6,0,2,0.194635,-7066.54
C002,2021-08-30,38466.82,26920.62,1259053.38,1270599.58,11546.2,0,0,3,0.162274,-10821.52
C002,2021-08-31,32664.28,21537.5,1270599.58,1281726.36,11126.78,1,0,4,0.135293,-6840.56
C002,2021-09-01,29483.64,109146.66,1281726.36,1202063.34,-79663.02,2,0,5,0.112795,24655.69
C002,2021-09-02,33160.77,20151.92,1202063.34,1215072.19,13008.85,3,0,6,0.094035,41226.87
C002,2021-09-03,38256.66,8615.29,1215072.19,1244713.56,29641.37,4,1,7,0.078391,15745.17
C002,2021-09-04,36185.92,12547.5,1244713.56,1268351.98,23638.42,5,1,8,0.065342,-8027.29
C002,2021-09-05,25633.31,134000.52,1268351.98,1159984.77,-108367.21,6,0,9,0.054457,2105.75
C002,2021-09-06,28090.34,30841.92,1159984.77,1157233.19,-2751.58,0,0,10,0.045373,11184.16
C002,2021-09-07,25756.25,20983.36,1157233.19,1162006.08,4772.89,1,0,11,0.037787,23559.33
C002,2021-09-08,31282.35,28171.7,1162006.08,1165116.73,3110.65,2,0,12,0.031445,55203.47
C002,2021-09-09,32271.87,17258.6,1165116.73,1180130.0,15013.27,3,0,13,0.026133,68801.3
C002,2021-09-10,38618.69,30575.7,1180130.0,1188172.99,8042.99,4,1,14,0.021672,47653.87
C002,2021-09-11,35682.36,13572.67,1188172.99,1210282.68,22109.69,5,1,15,0.017906,29340.73
C002,2021-09-12,23253.45,27952.32,1210282.68,1205583.81,-4698.87,6,0,16,0.014701,45839.52
C002,2021-09-13,24250.57,32990.14,1205583.81,1196844.24,-8739.57,0,0,17,0.011939,56485.28
C002,2021-09-14,24982.01,20179.94,1196844.24,1201646.31,4802.07,1,0,18,0.00951,69154.22
C002,2021-09-15,28446.79,29494.37,1201646.31,1200598.73,-1047.58,2,0,19,0.00731,67536.76
C002,2021-09-16,33910.93,19269.68,1200598.73,1215239.98,14641.25,3,0,20,0.00523,83602.53
C002,2021-09-17,35201.29,8362.8,1215239.98,1242078.47,26838.49,4,1,21,0.003154,57840.96
C002,2021-09-18,40172.37,11324.42,1242078.47,1270926.42,28847.95,5,1,22,0.000946,27954.9
C002,2021-09-19,27726.62,26267.94,1270926.42,1272385.1,1458.68,6,0,23,-0.001561,33664.07
C002,2021-09-20,30504.93,28816.46,1272385.1,1274073.57,1688.47,0,0,24,-0.004581,30207.01
C002,2021-09-21,27945.93,16208.17,1274073.57,1285811.33,11737.76,1,0,25,-0.008396,34221.08
C002,2021-09-22,28734.13,27977.95,1285811.33,1286567.51,756.18,2,0,26,-0.013387,69346.3
C002,2021-09-23,33433.62,17165.88,1286567.51,1302835.25,16267.74,3,0,27,-0.020076,81618.2
C002,2021-09-24,39578.39,8607.98,1302835.25,1333805.66,30970.41,4,1,28,-0.029179,52513.74
C002,2021-09-25,38698.23,11553.46,1333805.66,1360950.43,27144.77,5,1,29,-0.041691,23541.16
C002,2021-09-26,27826.7,25304.65,1360950.43,1363472.48,2522.05,6,0,30,-0.058991,25834.04
C002,2021-09-27,35466.69,158050.94,1363472.48,1240888.23,-122584.25,0,0,0,0.279996,33702.37
C002,2021-09-28,31250.44,20151.83,1240888.23,1251986.84,11098.61,1,0,1,0.233445,43675.67
C002,2021-09-29,33080.43,25289.21,1251986.84,1259778.06,7791.22,2,0,2,0.194633,80803.95
C002,2021-09-30,33937.44,18829.7,1259778.06,1274885.8,15107.74,3,0,3,0.162272,108378.44
C002,2021-10-01,38522.16,86688.93,1274885.8,1226719.03,-48166.77,4,1,4,0.135289,159921.52
C002,2021-10-02,41141.53,11561.5,1226719.03,1256299.06,29580.03,5,1,5,0.112789,55648.03
C002,2021-10-03,29101.93,24942.26,1256299.06,1260458.73,4159.67,6,0,6,0.094027,64532.62
C002,2021-10-04,28942.98,29077.02,1260458.73,1260324.69,-134.04,0,0,7,0.078379,64078.46
C002,2021-10-05,30689.53,128923.7,1260324.69,1162090.52,-98234.17,1,0,8,0.065327,175152.29
C002,2021-10-06,32337.75,26010.92,1162090.52,1168417.35,6326.83,2,0,9,0.054436,92290.3
C002,2021-10-07,35717.36,18569.3,1168417.35,1185565.41,17148.06,3,0,10,0.045343,104018.8
C002,2021-10-08,42513.83,7759.04,1185565.41,1220320.2,34754.79,4,1,11,0.037745,69996.06
C002,2021-10-09,40530.75,11919.65,1220320.2,1248931.3,28611.1,5,1,12,0.031386,42695.45
C002,2021-10-10,31042.89,44147.33,1248931.3,1235826.86,-13104.44,6,0,13,0.026051,67525.06
C002,2021-10-11,29650.52,25853.97,1235826.86,1239623.41,3796.55,0,0,14,0.021557,44311.24
C002,2021-10-12,30175.85,18375.93,1239623.41,1251423.33,11799.92,1,0,15,0.017745,46048.28
C002,2021-10-13,31037.64,29131.45,1251423.33,1253329.52,1906.19,2,0,16,0.014477,76662.29
C002,2021-10-14,35833.34,18362.33,1253329.52,1270800.53,17471.01,3,0,17,0.011627,87509.62
C002,2021-10-15,41650.18,44315.22,1270800.53,1268135.49,-2665.04,4,1,18,0.009074,96662.07
C002,2021-10-16,43188.33,12481.31,1268135.49,1298842.51,30707.02,5,1,19,0.006701,68283.64
C002,2021-10-17,24472.45,23395.53,1298842.51,1299919.43,1076.92,6,0,20,0.004381,76051.9
C002,2021-10-18,28949.38,29987.49,1299919.43,1298881.32,-1038.11,0,0,21,0.001969,81358.35
C002,2021-10-19,27626.67,20458.82,1298881.32,1306049.17,7167.85,1,0,22,-0.000708,93248.43
C002,2021-10-20,27161.08,28929.67,1306049.17,1304280.58,-1768.59,2,0,23,-0.00387,128558.6
C002,2021-10-21,34307.82,18555.99,1304280.58,1320032.41,15751.83,3,0,24,-0.007803,145439.03
C002,2021-10-22,44505.23,8623.83,1320032.41,1355913.81,35881.4,4,1,25,-0.012893,110829.21
C002,2021-10-23,40701.03,12161.39,1355913.81,1384453.45,28539.64,5,1,26,-0.019664,83711.45
C002,2021-10-24,27545.76,25679.81,1384453.45,1386319.4,1865.95,6,0,27,-0.028836,89449.01
C002,2021-10-25,26559.84,28387.65,1386319.4,1384491.59,-1827.81,0,0,28,-0.041404,91416.75
C002,2021-10-26,26461.04,21646.11,1384491.59,1389306.52,4814.93,1,0,29,-0.058752,107189.7
C002,2021-10-27,40640.06,155355.98,1389306.52,1274590.6,-114715.92,2,0,0,0.279997,257030.51
C002,2021-10-28,39565.13,18493.22,1274590.6,1295662.51,21071.91,3,0,1,0.233447,145316.8
C002,2021-10-29,54213.44,9293.94,1295662.51,1340582.01,44919.5,4,1,2,0.194635,114159.18
C002,2021-10-30,55024.89,12342.66,1340582.01,1383264.24,42682.23,5,1,3,0.162274,75397.66
C002,2021-10-31,30978.81,27602.5,1383264.24,1386640.55,3376.31,6,0,4,0.135293,86733.42
C002,2021-11-01,33992.15,108685.61,1386640.55,1311947.09,-74693.46,0,0,5,0.112795,91594.77
C002,2021-11-02,34247.14,21202.88,1311947.09,1324991.35,13044.26,1,0,6,0.094035,102340.01
C002,2021-11-03,31080.71,31668.91,1324991.35,1324403.15,-588.2,2,0,7,0.078391,145719.62
C002,2021-11-04,32791.97,19952.31,1324403.15,1337242.81,12839.66,3,0,8,0.065342,169257.03
C002,2021-11-05,41233.62,117768.78,1337242.81,1260707.65,-76535.16,4,1,9,0.054457,142699.94
C002,2021-11-06,42310.01,13433.45,1260707.65,1289584.21,28876.56,5,1,10,0.045373,112114.21
C002,2021-11-07,27680.3,26948.25,1289584.21,1290316.26,732.05,6,0,11,0.037787,118327.61
C002,2021-11-08,28594.83,27284.34,1290316.26,1291626.75,1310.49,0,0,12,0.031445,119360.38
C002,2021-11-09,31508.65,19783.48,1291626.75,1303351.92,11725.17,1,0,13,0.026133,124726.35
C002,2021-11-10,28061.8,47479.07,1303351.92,1283934.65,-19417.27,2,0,14,0.021672,156524.0
C002,2021-11-11,31664.58,18127.62,1283934.65,1297471.61,13536.96,3,0,15,0.017906,178129.8
C002,2021-11-12,41259.18,8738.98,1297471.61,1329991.81,32520.2,4,1,16,0.014701,147874.19
C002,2021-11-13,40128.91,11810.57,1329991.81,1358310.15,28318.34,5,1,17,0.011939,120107.69
C002,2021-11-14,32693.42,26206.01,1358310.15,1364797.56,6487.41,6,0,18,0.00951,120565.55
C002,2021-11-15,30437.08,28108.49,1364797.56,1367126.15,2328.59,0,0,19,0.00731,126949.34
C002,2021-11-16,27637.19,18792.01,1367126.15,1375971.33,8845.18,1,0,20,0.00523,139464.02
C002,2021-11-17,28562.28,24293.94,1375971.33,1380239.67,4268.34,2,0,21,0.003154,171988.51
C002,2021-11-18,37374.89,18316.96,1380239.67,1399297.6,19057.93,3,0,22,0.000946,185302.01
C002,2021-11-19,42436.36,8894.78,1399297.6,1432839.18,33541.58,4,1,23,-0.001561,155696.09
C002,2021-11-20,45563.67,12931.41,1432839.18,1465471.44,32632.26,5,1,24,-0.004581,126891.19
C002,2021-11-21,28508.75,27237.17,1465471.44,1466743.02,1271.58,6,0,25,-0.008396,133118.94
C002,2021-11-22,28465.35,27043.47,1466743.02,1468164.9,1421.88,0,0,26,-0.013387,130303.73
C002,2021-11-23,27122.8,19519.29,1468164.9,1475768.41,7603.51,1,0,27,-0.020076,137824.71
C002,2021-11-24,31638.88,31498.95,1475768.41,1475908.34,139.93,2,0,28,-0.029179,175905.12
C002,2021-11-25,39606.94,19019.06,1475908.34,1496496.22,20587.88,3,0,29,-0.041691,183293.81
C002,2021-11-26,43746.79,8621.9,1496496.22,1531621.11,35124.89,4,1,30,-0.058991,152195.03
C002,2021-11-27,54151.31,144793.11,1531621.11,1440979.31,-90641.8,5,1,0,0.279996,122589.15
C002,2021-11-28,41676.63,27914.75,1440979.31,1454741.19,13761.88,6,0,1,0.233445,123329.73
C002,2021-11-29,34657.5,30736.79,1454741.19,1458661.9,3920.71,0,0,2,0.194633,127634.81
C002,2021-11-30,35087.35,20375.28,1458661.9,1473373.97,14712.07,1,0,3,0.162272,134813.65
C002,2021-12-01,38194.74,108026.85,1473373.97,1403541.86,-69832.11,2,0,4,0.135289,249092.35
C002,2021-12-02,43540.6,19751.1,1403541.86,1427331.36,23789.5,3,0,5,0.112789,180349.12
C002,2021-12-03,53632.13,10840.72,1427331.36,1470122.77,42791.41,4,1,6,0.094027,144128.65
C002,2021-12-04,50498.78,14121.71,1470122.77,1506499.84,36377.07,5,1,7,0.078379,107636.86
C002,2021-12-05,35570.86,138663.11,1506499.84,1403407.59,-103092.25,6,0,8,0.065327,220135.02
C002,2021-12-06,31914.19,33623.36,1403407.59,1401698.42,-1709.17,0,0,9,0.054436,123159.31
C002,2021-12-07,29045.76,22100.31,1401698.42,1408643.87,6945.45,1,0,10,0.045343,127214.43
C002,2021-12-08,33732.48,31389.22,1408643.87,1410987.13,2343.26,2,0,11,0.037745,159902.94
C002,2021-12-09,37372.0,20280.86,1410987.13,1428078.27,17091.14,3,0,12,0.031386,171671.82
C002,2021-12-10,41656.41,29276.03,1428078.27,1440458.65,12380.38,4,1,13,0.026051,162831.06
C002,2021-12-11,47511.02,12368.26,1440458.65,1475601.41,35142.76,5,1,14,0.021557,109756.84
C002,2021-12-12,27440.65,25176.06,1475601.41,1477866.0,2264.59,6,0,15,0.017745,115534.17
C002,2021-12-13,30601.25,30049.41,1477866.0,1478417.84,551.84,0,0,16,0.014477,114076.0
C002,2021-12-14,29588.71,22643.44,1478417.84,1485363.11,6945.27,1,0,17,0.011627,119032.15
C002,2021-12-15,37605.87,28893.49,1485363.11,1494075.49,8712.38,2,0,18,0.009074,145820.89
C002,2021-12-16,39241.66,17881.8,1494075.49,1515435.35,21359.86,3,0,19,0.006701,117349.63
C002,2021-12-17,46082.02,9289.19,1515435.35,1552228.18,36792.83,4,1,20,0.004381,86780.4
C002,2021-12-18,45599.03,13227.6,1552228.18,1584599.61,32371.43,5,1,21,0.001969,53773.88
C002,2021-12-19,29629.15,25693.49,1584599.61,1588535.27,3935.66,6,0,22,-0.000708,56754.78
C002,2021-12-20,34724.1,30896.74,1588535.27,1592362.63,3827.36,0,0,23,-0.00387,59012.28
C002,2021-12-21,29548.78,22049.45,1592362.63,1599861.96,7499.33,1,0,24,-0.007803,66691.69
C002,2021-12-22,26964.56,28357.89,1599861.96,1598468.63,-1393.33,2,0,25,-0.012893,99165.64
C002,2021-12-23,33749.8,18625.31,1598468.63,1613593.12,15124.49,3,0,26,-0.019664,103343.62
C002,2021-12-24,46689.65,8469.31,1613593.12,1651813.46,38220.34,4,1,27,-0.028836,69490.35
C002,2021-12-25,40264.98,12288.41,1651813.46,1679790.03,27976.57,5,1,28,-0.041404,46198.08
C002,2021-12-26,30674.17,26648.06,1679790.03,1683816.14,4026.11,6,0,29,-0.058752,56211.39
C002,2021-12-27,41177.5,161425.18,1683816.14,1563568.46,-120247.68,0,0,0,0.279997,176183.77
C002,2021-12-28,36010.29,21507.83,1563568.46,1578070.92,14502.46,1,0,1,0.233447,56389.78
C002,2021-12-29,38669.75,30443.96,1578070.92,1586296.71,8225.79,2,0,2,0.194635,86907.48
C002,2021-12-30,44369.0,22478.09,1586296.71,1608187.62,21890.91,3,0,3,0.162274,94796.42
C002,2021-12-31,54179.81,9733.22,1608187.62,1652634.21,44446.59,4,1,4,0.135293,56366.88
C002,2022-01-01,46841.07,91794.8,1652634.21,1607680.48,-44953.73,5,1,5,0.112795,106284.03
C002,2022-01-02,34244.34,27673.4,1607680.48,1614251.42,6570.94,6,0,6,0.094035,28343.44
C002,2022-01-03,30841.27,30955.99,1614251.42,1614136.7,-114.72,0,0,7,0.078391,32934.3
C002,2022-01-04,31470.68,22064.77,1614136.7,1623542.61,9405.91,1,0,8,0.065342,45257.18
C002,2022-01-05,34531.48,133216.36,1623542.61,1524857.73,-98684.88,2,0,9,0.054457,185482.94
C002,2022-01-06,34148.45,23147.88,1524857.73,1535858.3,11000.57,3,0,10,0.045373,70442.25
C002,2022-01-07,45511.85,10480.08,1535858.3,1570890.07,35031.77,4,1,11,0.037787,37969.18
C002,2022-01-08,41545.38,12685.36,1570890.07,1599750.09,28860.02,5,1,12,0.031445,10295.69
C002,2022-01-09,30316.09,26776.47,1599750.09,1603289.71,3539.62,6,0,13,0.026133,15141.7
C002,2022-01-10,33608.89,51540.35,1603289.71,1585358.25,-17931.46,0,0,14,0.021672,32376.87
C002,2022-01-11,28309.69,20267.77,1585358.25,1593400.17,8041.92,1,0,15,0.017906,18726.6
C002,2022-01-12,30735.8,31642.13,1593400.17,1592493.84,-906.33,2,0,16,0.014701,51668.46
C002,2022-01-13,31894.32,19992.9,1592493.84,1604395.26,11901.42,3,0,17,0.011939,62494.24
C002,2022-01-14,44859.3,9358.18,1604395.26,1639896.38,35501.12,4,1,18,0.00951,27771.19
C002,2022-01-15,42309.75,49421.15,1639896.38,1632784.98,-7111.4,5,1,19,0.00731,31378.89
C002,2022-01-16,30195.25,23971.65,1632784.98,1639008.58,6223.6,6,0,20,0.00523,33674.97
C002,2022-01-17,27807.72,28442.81,1639008.58,1638373.49,-635.09,0,0,21,0.003154,43267.71
C002,2022-01-18,26424.66,19508.1,1638373.49,1645290.05,6916.56,1,0,22,0.000946,53480.16
C002,2022-01-19,32136.2,26051.34,1645290.05,1651374.91,6084.86,2,0,23,-0.001561,78541.63
C002,2022-01-20,34144.11,18965.37,1651374.91,1666553.65,15178.74,3,0,24,-0.004581,86255.78
C002,2022-01-21,39517.59,8436.97,1666553.65,1697634.27,31080.62,4,1,25,-0.008396,58052.71
C002,2022-01-22,31872.93,12570.46,1697634.27,1716936.74,19302.47,5,1,26,-0.013387,41298.02
C002,2022-01-23,27853.54,23486.47,1716936.74,1721303.81,4367.07,6,0,27,-0.020076,45309.17
C002,2022-01-24,31043.75,26359.45,1721303.81,1725988.11,4684.3,0,0,28,-0.029179,39538.88
C002,2022-01-25,31338.96,17299.54,1725988.11,1740027.53,14039.42,1,0,29,-0.041691,39056.94
C002,2022-01-26,29125.88,29401.18,1740027.53,1739752.23,-275.3,2,0,30,-0.058991,68565.8
C002,2022-01-27,51132.25,156423.78,1739752.23,1634460.7,-105291.53,3,0,0,0.279997,196508.93
C002,2022-01-28,47040.78,8297.29,1634460.7,1673204.19,38743.49,4,1,1,0.233447,34669.67
C002,2022-01-29,41502.42,11722.57,1673204.19,1702984.04,29779.85,5,1,2,0.194635,17082.72
C002,2022-01-30,33269.32,27252.27,1702984.04,1709001.09,6017.05,6,0,3,0.162274,-57590.9
C002,2022-01-31,35626.3,30662.88,1709001.09,1713964.51,4963.42,0,0,4,0.135293,-58298.57
C002,2022-02-01,30643.45,102013.1,1713964.51,1642594.86,-71369.65,1,0,5,0.112795,32736.2
C002,2022-02-02,35358.54,30882.4,1642594.86,1647071.0,4476.14,2,0,6,0.094035,56500.93
C002,2022-02-03,40628.5,18899.71,1647071.0,1668799.79,21728.79,3,0,7,0.078391,-42149.82
C002,2022-02-04,50761.34,9220.46,1668799.79,1710340.67,41540.88,4,1,8,0.065342,-85026.16
C002,2022-02-05,48181.09,152221.21,1710340.67,1606300.55,-104040.12,5,1,9,0.054457,21513.9
C002,2022-02-06,27961.71,25403.01,1606300.55,1608859.25,2558.7,6,0,10,0.045373,27204.49
C002,2022-02-07,33134.28,31947.75,1608859.25,1610045.78,1186.53,0,0,11,0.037787,27682.72
C002,2022-02-08,29929.54,21543.91,1610045.78,1618431.41,8385.63,1,0,12,0.031445,14118.94
C002,2022-02-09,28356.9,29053.19,1618431.41,1617735.12,-696.29,2,0,13,0.026133,44934.34
C002,2022-02-10,33029.23,38637.58,1617735.12,1612126.77,-5608.35,3,0,14,0.021672,72587.14
C002,2022-02-11,39963.11,7927.58,1612126.77,1644162.3,32035.53,4,1,15,0.017906,40740.99
C002,2022-02-12,35265.14,12537.94,1644162.3,1666889.5,22727.2,5,1,16,0.014701,9749.79
C002,2022-02-13,25043.11,24265.04,1666889.5,1667667.57,778.07,6,0,17,0.011939,12578.8
C002,2022-02-14,23777.2,27280.9,1667667.57,1664163.87,-3503.7,0,0,18,0.00951,9022.25
C002,2022-02-15,26733.67,18213.99,1664163.87,1672683.55,8519.68,1,0,19,0.00731,9862.76
C002,2022-02-16,33069.75,24112.1,1672683.55,1681641.2,8957.65,2,0,20,0.00523,27057.83
C002,2022-02-17,34647.83,17518.82,1681641.2,1698770.21,17129.01,3,0,21,0.003154,29316.97
C002,2022-02-18,39194.67,8048.34,1698770.21,1729916.54,31146.33,4,1,22,0.000946,-4608.82
C002,2022-02-19,35323.7,12430.81,1729916.54,1752809.43,22892.89,5,1,23,-0.001561,-31642.77
C002,2022-02-20,26143.19,23265.64,1752809.43,1755686.98,2877.55,6,0,24,-0.004581,-30825.76
C002,2022-02-21,27847.3,25299.52,1755686.98,1758234.76,2547.78,0,0,25,-0.008396,-37811.27
C002,2022-02-22,25780.7,17402.48,1758234.76,1766612.98,8378.22,1,0,26,-0.013387,-41602.76
C002,2022-02-23,27916.55,29002.54,1766612.98,1765526.99,-1085.99,2,0,27,-0.020076,-16793.6
C002,2022-02-24,29191.38,15633.9,1765526.99,1779084.47,13557.48,3,0,28,-0.029179,-10143.37
C002,2022-02-25,37344.48,8110.92,1779084.47,1808318.03,29233.56,4,1,29,-0.041691,-169208.85
C002,2022-02-26,34073.5,11421.9,1808318.03,1830969.63,22651.6,5,1,30,-0.058991,-192939.68
C002,2022-02-27,37259.69,160355.46,1830969.63,1707873.86,-123095.77,6,0,0,0.279993,-58096.09
C002,2022-02-28,38518.53,26325.63,1707873.86,1720066.76,12192.9,0,0,1,0.23344,-72202.71
C002,2022-03-01,31231.41,99887.98,1720066.76,1651410.19,-68656.57,1,0,2,0.194626,6016.17
C002,2022-03-02,32331.73,28075.98,1651410.19,1655665.94,4255.75,2,0,3,0.162262,-51538.9
C002,2022-03-03,37070.46,17405.34,1655665.94,1675331.06,19665.12,3,0,4,0.135275,-43262.96
C002,2022-03-04,36453.5,8212.63,1675331.06,1703571.93,28240.87,4,1,5,0.11277,-71442.3
C002,2022-03-05,37288.59,114210.55,1703571.93,1626649.97,-76921.96,5,1,6,0.094,6414.45
C002,2022-03-06,25581.72,26917.18,1626649.97,1625314.51,-1335.46,6,0,7,0.078342,-86576.12
C002,2022-03-07,30015.59,27515.65,1625314.51,1627814.45,2499.94,0,0,8,0.065275,-89442.23
C002,2022-03-08,26229.82,17980.53,1627814.45,1636063.74,8249.29,1,0,9,0.054363,-79548.32
C002,2022-03-09,32969.45,31304.69,1636063.74,1637728.5,1664.76,2,0,10,0.045242,-51213.93
C002,2022-03-10,34716.82,39894.97,1637728.5,1632550.35,-5178.15,3,0,11,0.037603,-20088.46
C002,2022-03-11,38910.49,8791.38,1632550.35,1662669.46,30119.11,4,1,12,0.031189,-66409.12
C002,2022-03-12,33892.51,11848.06,1662669.46,1684713.91,22044.45,5,1,13,0.025776,-89325.08
C002,2022-03-13,25293.84,25104.46,1684713.91,1684903.29,189.38,6,0,14,0.021173,-78563.2
C002,2022-03-14,25851.71,34115.71,1684903.29,1676639.29,-8264.0,0,0,15,0.017209,-68999.79
C002,2022-03-15,22377.24,18770.16,1676639.29,1680246.37,3607.08,1,0,16,0.013729,-57896.11
C002,2022-03-16,24726.14,31786.39,1680246.37,1673186.12,-7060.25,2,0,17,0.010582,-57940.79
C002,2022-03-17,28295.21,18935.02,1673186.12,1682546.31,9360.19,3,0,18,0.007616,-44113.11
C002,2022-03-18,34883.87,8731.15,1682546.31,1708699.03,26152.72,4,1,19,0.004666,-70164.07
C002,2022-03-19,33720.41,14332.26,1708699.03,1728087.18,19388.15,5,1,20,0.001541,-91707.8
C002,2022-03-20,23225.13,26004.59,1728087.18,1725307.72,-2779.46,6,0,21,-0.001995,-78901.33
C002,2022-03-21,26210.63,30351.69,1725307.72,1721166.66,-4141.06,0,0,22,-0.00624,-70055.53
C002,2022-03-22,24038.12,20343.56,1721166.66,1724861.22,3694.56,1,0,23,-0.01159,-59112.85
C002,2022-03-23,24692.4,29130.13,1724861.22,1720423.49,-4437.73,2,0,24,-0.018577,-23703.65
C002,2022-03-24,25537.89,20951.16,1720423.49,1725010.22,4586.73,3,0,25,-0.02793,2755.87
C002,2022-03-25,32268.41,8545.24,1725010.22,1748733.39,23723.17,4,1,26,-0.040649,-14683.38
C002,2022-03-26,32243.36,12035.65,1748733.39,1768941.1,20207.71,5,1,27,-0.058122,-33156.87
C002,2022-03-27,30914.51,160746.43,1768941.1,1639109.18,-129831.92,6,0,0,0.279997,106088.92
C002,2022-03-28,27099.65,28178.88,1639109.18,1638029.95,-1079.23,0,0,1,0.233447,-16433.19
C002,2022-03-29,27705.6,15957.78,1638029.95,1649777.77,11747.82,1,0,2,0.194635,-269.7
C002,2022-03-30,26191.51,28105.23,1649777.77,1647864.05,-1913.72,2,0,3,0.162274,49505.13
C002,2022-03-31,27592.54,18030.23,1647864.05,1657426.36,9562.31,3,0,4,0.135293,78451.56
C002,2022-04-01,36209.43,89508.75,1657426.36,1604127.04,-53299.32,4,1,5,0.112795,58164.6
C002,2022-04-02,39087.84,11146.78,1604127.04,1632068.1,27941.06,5,1,6,0.094035,21295.52
C002,2022-04-03,27203.46,27141.93,1632068.1,1632129.63,61.53,6,0,7,0.078391,24828.78
C002,2022-04-04,27619.24,26684.45,1632129.63,1633064.42,934.79,0,0,8,0.065342,14042.38
C002,2022-04-05,24562.45,118888.48,1633064.42,1538738.39,-94326.03,1,0,9,0.054457,9105.98
C002,2022-04-06,24778.55,25144.72,1538738.39,1538372.22,-366.17,2,0,10,0.045373,32828.5
C002,2022-04-07,34350.34,16207.14,1538372.22,1556515.42,18143.2,3,0,11,0.037787,29775.83
C002,2022-04-08,38348.9,8349.75,1556515.42,1586514.57,29999.15,4,1,12,0.031445,689.17
C002,2022-04-09,37053.26,11105.94,1586514.57,1612461.89,25947.32,5,1,13,0.026133,-25746.07
C002,2022-04-10,26487.23,42688.78,1612461.89,1596260.34,-16201.55,6,0,14,0.021672,-22822.15
C002,2022-04-11,25220.92,26092.43,1596260.34,1595388.83,-871.51,0,0,15,0.017906,-21353.04
C002,2022-04-12,26209.57,15258.31,1595388.83,1606340.09,10951.26,1,0,16,0.014701,-22573.89
C002,2022-04-13,29142.23,27842.82,1606340.09,1607639.5,1299.41,2,0,17,0.011939,2652.05
C002,2022-04-14,32200.95,17490.19,1607639.5,1622350.26,14710.76,3,0,18,0.00951,5981.52
C002,2022-04-15,38591.17,45696.1,1622350.26,1615245.33,-7104.93,4,1,19,0.00731,15248.97
C002,2022-04-16,34136.61,10948.74,1615245.33,1638433.2,23187.87,5,1,20,0.00523,-8011.83
C002,2022-04-17,22766.61,22664.85,1638433.2,1638534.96,101.76,6,0,21,0.003154,-3335.99
C002,2022-04-18,23647.61,25803.19,1638534.96,1636379.38,-2155.58,0,0,22,0.000946,-900.66
C002,2022-04-19,28519.95,18492.94,1636379.38,1646406.39,10027.01,1,0,23,-0.001561,-4017.02
C002,2022-04-20,29268.13,24563.39,1646406.39,1651111.13,4704.74,2,0,24,-0.004581,8798.51
C002,2022-04-21,30046.87,15409.63,1651111.13,1665748.37,14637.24,3,0,25,-0.008396,10102.22
C002,2022-04-22,38696.76,7725.29,1665748.37,1696719.84,30971.47,4,1,26,-0.013387,-19814.41
C002,2022-04-23,40943.36,9897.11,1696719.84,1727766.09,31046.25,5,1,27,-0.020076,-47951.06
C002,2022-04-24,27971.49,21687.57,1727766.09,1734050.01,6283.92,6,0,28,-0.029179,-47943.58
C002,2022-04-25,29973.41,28239.19,1734050.01,1735784.23,1734.22,0,0,29,-0.041691,-48888.19
C002,2022-04-26,28968.48,19554.61,1735784.23,1745198.1,9413.87,1,0,30,-0.058991,-46948.64
C002,2022-04-27,40923.32,164524.66,1745198.1,1621596.76,-123601.34,2,0,0,0.279996,-32455.52
C002,2022-04-28,45676.82,17765.51,1621596.76,1649508.07,27911.31,3,0,1,0.233445,-33973.74
C002,2022-04-29,57345.73,9484.62,1649508.07,1697369.18,47861.11,4,1,2,0.194633,-78851.89
C002,2022-04-30,50886.9,12378.16,1697369.18,1735877.92,38508.74,5,1,3,0.162272,-116783.39
C002,2022-05-01,35944.76,109531.04,1735877.92,1662291.64,-73586.28,6,0,4,0.135289,-35730.02
C002,2022-05-02,27805.33,36733.35,1662291.64,1653363.62,-8928.02,0,0,5,0.112789,-105652.8
C002,2022-05-03,25425.69,21830.9,1653363.62,1656958.41,3594.79,1,0,6,0.094027,-94719.2
C002,2022-05-04,23067.43,32919.04,1656958.41,1647106.8,-9851.61,2,0,7,0.078379,-64225.16
C002,2022-05-05,22284.03,121546.46,1647106.8,1547844.37,-99262.43,3,0,8,0.065327,50672.55
C002,2022-05-06,31725.88,8369.53,1547844.37,1571200.72,23356.35,4,1,9,0.054436,-73813.81
C002,2022-05-07,26965.38,11874.85,1571200.72,1586291.25,15090.53,5,1,10,0.045343,-91764.95
C002,2022-05-08,21145.88,20233.39,1586291.25,1587203.74,912.49,6,0,11,0.037745,-87029.14
C002,2022-05-09,19618.69,20106.61,1587203.74,1586715.82,-487.92,0,0,12,0.031386,-87002.86
C002,2022-05-10,20956.51,34234.14,1586715.82,1573438.19,-13277.63,1,0,13,0.026051,-64962.26
C002,2022-05-11,21054.17,20456.57,1573438.19,1574035.79,597.6,2,0,14,0.021557,-65672.64
C002,2022-05-12,24666.51,14936.1,1574035.79,1583766.2,9730.41,3,0,15,0.017745,-57043.6
C002,2022-05-13,33218.58,6693.23,1583766.2,1610291.55,26525.35,4,1,16,0.014477,-80916.53
C002,2022-05-14,27614.37,9574.14,1610291.55,1628331.78,18040.23,5,1,17,0.011627,-100204.74
C002,2022-05-15,20069.68,17907.16,1628331.78,1630494.3,2162.52,6,0,18,0.009074,-98385.33
C002,2022-05-16,20525.51,20598.44,1630494.3,1630421.37,-72.93,0,0,19,0.006701,-97516.29
C002,2022-05-17,19349.46,14571.86,1630421.37,1635198.97,4777.6,1,0,20,0.004381,-93465.94
C002,2022-05-18,21288.16,21008.41,1635198.97,1635478.72,279.75,2,0,21,0.001969,-74552.02
C002,2022-05-19,21301.58,14390.93,1635478.72,1642389.37,6910.65,3,0,22,-0.000708,-67496.94
C002,2022-05-20,24427.68,6907.41,1642389.37,1659909.64,17520.27,4,1,23,-0.00387,-86479.56
C002,2022-05-21,25399.29,9458.34,1659909.64,1675850.59,15940.95,5,1,24,-0.007803,-105144.11
C002,2022-05-22,18775.86,17721.02,1675850.59,1676905.43,1054.84,6,0,25,-0.012893,-100859.57
C002,2022-05-23,22404.19,19494.59,1676905.43,1679815.03,2909.6,0,0,26,-0.019664,-105899.81
C002,2022-05-24,19467.49,13176.09,1679815.03,1686106.43,6291.4,1,0,27,-0.028836,-105698.69
C002,2022-05-25,17950.61,17161.0,1686106.43,1686896.04,789.61,2,0,28,-0.041404,-89711.27
C002,2022-05-26,24879.02,13525.6,1686896.04,1698249.46,11353.42,3,0,29,-0.058752,-85907.84
C002,2022-05-27,37306.48,146414.7,1698249.46,1589141.24,-109108.22,4,1,0,0.279997,23520.1
C002,2022-05-28,36127.4,9734.31,1589141.24,1615534.33,26393.09,5,1,1,0.233447,-135047.48
C002,2022-05-29,22985.82,20002.86,1615534.33,1618517.29,2982.96,6,0,2,0.194635,-129762.59
C002,2022-05-30,22448.64,21871.4,1618517.29,1619094.53,577.24,0,0,3,0.162274,-129349.32
C002,2022-05-31,24030.58,16563.49,1619094.53,1626561.62,7467.09,1,0,4,0.135293,-128840.64
C002,2022-06-01,26302.77,105153.57,1626561.62,1547710.82,-78850.8,2,0,5,0.112795,-110101.96
C002,2022-06-02,29951.6,15423.21,1547710.82,1562239.21,14528.39,3,0,6,0.094035,-106146.95
C002,2022-06-03,27895.9,7253.47,1562239.21,1582881.64,20642.43,4,1,7,0.078391,-124779.46
C002,2022-06-04,27005.71,11370.43,1582881.64,1598516.92,15635.28,5,1,8,0.065342,-138558.86
C002,2022-06-05,19829.17,120959.18,1598516.92,1497386.91,-101130.01,6,0,9,0.054457,-135356.61
C002,2022-06-06,18196.76,21057.37,1497386.91,1494526.3,-2860.61,0,0,10,0.045373,-132176.25
C002,2022-06-07,20010.62,14362.32,1494526.3,1500174.6,5648.3,1,0,11,0.037787,-128461.64
C002,2022-06-08,19509.05,19970.69,1500174.6,1499712.96,-461.64,2,0,12,0.031445,-109287.96
C002,2022-06-09,22123.77,13360.8,1499712.96,1508475.93,8762.97,3,0,13,0.026133,-103151.07
C002,2022-06-10,30561.85,30674.63,1508475.93,1508363.15,-112.78,4,1,14,0.021672,-134121.35
C002,2022-06-11,27664.52,9305.07,1508363.15,1526722.6,18359.45,5,1,15,0.017906,-156418.2
C002,2022-06-12,19389.3,16736.88,1526722.6,1529375.02,2652.42,6,0,16,0.014701,-157907.49
C002,2022-06-13,18568.9,19816.88,1529375.02,1528127.04,-1247.98,0,0,17,0.011939,-157976.26
C002,2022-06-14,19198.71,15216.78,1528127.04,1532108.97,3981.93,1,0,18,0.00951,-153966.07
C002,2022-06-15,20548.77,19752.66,1532108.97,1532905.08,796.11,2,0,19,0.00731,-172277.45
C002,2022-06-16,22349.26,13521.31,1532905.08,1541733.03,8827.95,3,0,20,0.00523,-164429.86
C002,2022-06-17,25919.78,6726.11,1541733.03,1560926.7,19193.67,4,1,21,0.003154,-181624.55
C002,2022-06-18,22598.9,8633.17,1560926.7,1574892.43,13965.73,5,1,22,0.000946,-194897.09
C002,2022-06-19,15786.25,17248.6,1574892.43,1573430.08,-1462.35,6,0,23,-0.001561,-189781.68
C002,2022-06-20,17132.91,19856.51,1573430.08,1570706.48,-2723.6,0,0,24,-0.004581,-205751.88
C002,2022-06-21,18463.42,13124.04,1570706.48,1576045.86,5339.38,1,0,25,-0.008396,-204220.78
C002,2022-06-22,18373.62,20504.26,1576045.86,1573915.22,-2130.64,2,0,26,-0.013387,-182683.41
C002,2022-06-23,19759.14,13266.62,1573915.22,1580407.74,6492.52,3,0,27,-0.020076,-172439.86
C002,2022-06-24,22672.65,5895.62,1580407.74,1597184.77,16777.03,4,1,28,-0.029179,-187753.94
C002,2022-06-25,23520.59,8363.74,1597184.77,1612341.62,15156.85,5,1,29,-0.041691,-205124.06
C002,2022-06-26,16819.03,16499.31,1612341.62,1612661.34,319.72,6,0,30,-0.058991,-202433.59
C002,2022-06-27,22248.76,154423.25,1612661.34,1480486.85,-132174.49,0,0,0,0.279996,-202923.84
C002,2022-06-28,21599.54,13331.69,1480486.85,1488754.7,8267.85,1,0,1,0.233445,-193300.29
C002,2022-06-29,20342.44,19351.93,1488754.7,1489745.21,990.51,2,0,2,0.194633,-172182.43
C002,2022-06-30,20104.09,12128.32,1489745.21,1497720.98,7975.77,3,0,3,0.162272,-158046.87
C002,2022-07-01,28741.63,88853.75,1497720.98,1437608.86,-60112.12,4,1,4,0.135289,-95859.85
C002,2022-07-02,26964.36,8480.96,1437608.86,1456092.26,18483.4,5,1,5,0.112789,-198173.52
C002,2022-07-03,19042.91,17032.99,1456092.26,1458102.18,2009.92,6,0,6,0.094027,-196989.91
C002,2022-07-04,21030.57,19174.69,1458102.18,1459958.06,1855.88,0,0,7,0.078379,-202947.64
C002,2022-07-05,19508.87,117436.63,1459958.06,1362030.3,-97927.76,1,0,8,0.065327,-97586.99
C002,2022-07-06,18616.21,18296.46,1362030.3,1362350.05,319.75,2,0,9,0.054436,-179138.3
C002,2022-07-07,21242.16,11879.25,1362350.05,1371712.96,9362.91,3,0,10,0.045343,-168776.25
C002,2022-07-08,25231.62,6519.58,1371712.96,1390425.0,18712.04,4,1,11,0.037745,-183758.68
C002,2022-07-09,22851.26,7951.4,1390425.0,1405324.86,14899.86,5,1,12,0.031386,-201182.14
C002,2022-07-10,13418.86,44501.92,1405324.86,1374241.8,-31083.06,6,0,13,0.026051,-164912.15
C002,2022-07-11,15237.65,19175.05,1374241.8,1370304.4,-3937.4,0,0,14,0.021557,-186972.39
C002,2022-07-12,14153.31,12990.18,1370304.4,1371467.53,1163.13,1,0,15,0.017745,-176552.81
C002,2022-07-13,15098.46,16415.21,1371467.53,1370150.78,-1316.75,2,0,16,0.014477,-153796.83
C002,2022-07-14,20283.26,12291.14,1370150.78,1378142.9,7992.12,3,0,17,0.011627,-140618.64
C002,2022-07-15,26390.66,43905.93,1378142.9,1360627.63,-17515.27,4,1,18,0.009074,-123486.51
C002,2022-07-16,24551.86,7876.32,1360627.63,1377303.17,16675.54,5,1,19,0.006701,-144387.58
C002,2022-07-17,18675.11,16676.13,1377303.17,1379302.15,1998.98,6,0,20,0.004381,-141720.47
C002,2022-07-18,20977.91,20284.72,1379302.15,1379995.34,693.19,0,0,21,0.001969,-141192.77
C002,2022-07-19,17191.71,13538.65,1379995.34,1383648.4,3653.06,1,0,22,-0.000708,-135060.09
C002,2022-07-20,19307.2,38001.0,1383648.4,1364954.6,-18693.8,2,0,23,-0.00387,-90561.97
C002,2022-07-21,19648.5,12778.02,1364954.6,1371825.08,6870.48,3,0,24,-0.007803,-78173.64
C002,2022-07-22,25106.17,5699.44,1371825.08,1391231.81,19406.73,4,1,25,-0.012893,-93523.92
C002,2022-07-23,24909.87,8173.8,1391231.81,1407967.88,16736.07,5,1,26,-0.019664,-107907.97
C002,2022-07-24,17600.73,16137.78,1407967.88,1409430.83,1462.95,6,0,27,-0.028836,-105555.61
C002,2022-07-25,17076.14,19289.41,1409430.83,1407217.56,-2213.27,0,0,28,-0.041404,-102535.48
C002,2022-07-26,15713.95,12703.76,1407217.56,1410227.75,3010.19,1,0,29,-0.058752,-94042.01
C002,2022-07-27,23581.08,156245.82,1410227.75,1277563.01,-132664.74,2,0,0,0.279997,63063.77
C002,2022-07-28,30208.81,12317.41,1277563.01,1295454.41,17891.4,3,0,1,0.233447,-60548.01
C002,2022-07-29,28880.67,6772.3,1295454.41,1317562.78,22108.37,4,1,2,0.194635,-75213.81
C002,2022-07-30,29735.31,7623.98,1317562.78,1339674.11,22111.33,5,1,3,0.162274,-93169.67
C002,2022-07-31,19389.87,17314.97,1339674.11,1341749.01,2074.9,6,0,4,0.135293,-82009.92
C002,2022-08-01,20182.29,104012.56,1341749.01,1257918.74,-83830.27,0,0,5,0.112795,5865.13
C002,2022-08-02,18643.38,15449.85,1257918.74,1261112.27,3193.53,1,0,6,0.094035,-58939.74
C002,2022-08-03,19354.32,23456.17,1261112.27,1257010.42,-4101.85,2,0,7,0.078391,-20250.4
C002,2022-08-04,22915.4,15482.51,1257010.42,1264443.31,7432.89,3,0,8,0.065342,-705.25
C002,2022-08-05,27088.84,108320.4,1264443.31,1183211.75,-81231.56,4,1,9,0.054457,83918.88
C002,2022-08-06,29571.37,9846.41,1183211.75,1202936.71,19724.96,5,1,10,0.045373,-40282.56
C002,2022-08-07,22893.76,19164.15,1202936.71,1206666.32,3729.61,6,0,11,0.037787,-38501.88
C002,2022-08-08,20705.87,23229.47,1206666.32,1204142.72,-2523.6,0,0,12,0.031445,-34832.04
C002,2022-08-09,21985.32,16798.39,1204142.72,1209329.65,5186.93,1,0,13,0.026133,-29179.68
C002,2022-08-10,24002.87,50000.51,1209329.65,1183332.01,-25997.64,2,0,14,0.021672,25549.73
C002,2022-08-11,27835.97,16253.26,1183332.01,1194914.72,11582.71,3,0,15,0.017906,12991.95
C002,2022-08-12,29285.46,7846.23,1194914.72,1216353.95,21439.23,4,1,16,0.014701,-11045.53
C002,2022-08-13,32066.98,10896.67,1216353.95,1237524.26,21170.31,5,1,17,0.011939,-34202.37
C002,2022-08-14,22080.69,22463.83,1237524.26,1237141.12,-383.14,6,0,18,0.00951,-26027.65
C002,2022-08-15,21422.86,25648.39,1237141.12,1232915.59,-4225.53,0,0,19,0.00731,-20900.82
C002,2022-08-16,22893.99,18227.9,1232915.59,1237581.68,4666.09,1,0,20,0.00523,-11748.26
C002,2022-08-17,25381.15,24160.26,1237581.68,1238802.57,1220.89,2,0,21,0.003154,17754.11
C002,2022-08-18,28410.26,18624.52,1238802.57,1248588.31,9785.74,3,0,22,0.000946,32181.06
C002,2022-08-19,33903.69,8099.37,1248588.31,1274392.63,25804.32,4,1,23,-0.001561,7483.29
C002,2022-08-20,30617.3,11358.49,1274392.63,1293651.44,19258.81,5,1,24,-0.004581,-15709.29
C002,2022-08-21,25919.09,21862.64,1293651.44,1297707.89,4056.45,6,0,25,-0.008396,-15511.59
C002,2022-08-22,27831.89,25479.87,1297707.89,1300059.91,2352.02,0,0,26,-0.013387,-18105.39
C002,2022-08-23,23812.36,19997.05,1300059.91,1303875.22,3815.31,1,0,27,-0.020076,-4471.64
C002,2022-08-24,25999.9,25193.04,1303875.22,1304682.08,806.86,2,0,28,-0.029179,28335.43
C002,2022-08-25,28360.02,16856.36,1304682.08,1316185.74,11503.66,3,0,29,-0.041691,43849.27
C002,2022-08-26,32573.7,8132.66,1316185.74,1340626.78,24441.04,4,1,30,-0.058991,23745.94
C002,2022-08-27,43891.38,149611.76,1340626.78,1234906.4,-105720.38,5,1,0,0.279997,129636.85
C002,2022-08-28,32232.61,24790.04,1234906.4,1242348.97,7442.57,6,0,1,0.233447,7042.35
C002,2022-08-29,32587.98,28432.51,1242348.97,1246504.44,4155.47,0,0,2,0.194635,9428.23
C002,2022-08-30,31216.01,17981.36,1246504.44,1259739.09,13234.65,1,0,3,0.162274,13320.64
C002,2022-08-31,32951.04,28906.26,1259739.09,1263783.87,4044.78,2,0,4,0.135293,49621.28
C002,2022-09-01,38293.21,99904.55,1263783.87,1202172.53,-61611.34,3,0,5,0.112795,58425.99
C002,2022-09-02,43835.91,9248.42,1202172.53,1236760.02,34587.49,4,1,6,0.094035,29498.9
C002,2022-09-03,39823.26,12845.22,1236760.02,1263738.06,26978.04,5,1,7,0.078391,-193.13
C002,2022-09-04,29044.06,25651.49,1263738.06,1267130.63,3392.57,6,0,8,0.065342,4199.72
C002,2022-09-05,29581.8,134058.28,1267130.63,1162654.15,-104476.48,0,0,9,0.054457,12359.26
C002,2022-09-06,25087.12,19576.83,1162654.15,1168164.44,5510.29,1,0,10,0.045373,22105.4
C002,2022-09-07,29954.5,28808.26,1168164.44,1169310.68,1146.24,2,0,11,0.037787,62252.68
C002,2022-09-08,31232.75,20393.46,1169310.68,1180149.97,10839.29,3,0,12,0.031445,82026.33
C002,2022-09-09,37707.74,8975.97,1180149.97,1208881.74,28731.77,4,1,13,0.026133,56455.78
C002,2022-09-10,33572.14,34547.21,1208881.74,1207906.67,-975.07,5,1,14,0.021672,37128.87
C002,2022-09-11,26535.68,29133.93,1207906.67,1205308.42,-2598.25,6,0,15,0.017906,46222.71
C002,2022-09-12,30355.42,32341.95,1205308.42,1203321.89,-1986.53,0,0,16,0.014701,49657.62
C002,2022-09-13,26971.65,19180.07,1203321.89,1211113.47,7791.58,1,0,17,0.011939,53675.26
C002,2022-09-14,28413.85,27512.55,1211113.47,1212014.77,901.3,2,0,18,0.00951,84749.44
C002,2022-09-15,33153.61,19334.96,1212014.77,1225833.42,13818.65,3,0,19,0.00731,63341.32
C002,2022-09-16,40545.55,9822.29,1225833.42,1256556.68,30723.26,4,1,20,0.00523,41379.68
C002,2022-09-17,37556.14,13343.45,1256556.68,1280769.37,24212.69,5,1,21,0.003154,21632.3
C002,2022-09-18,27846.81,26740.26,1280769.37,1281875.92,1106.55,6,0,22,0.000946,27864.18
C002,2022-09-19,28871.59,32805.36,1281875.92,1277942.15,-3933.77,0,0,23,-0.001561,34621.71
C002,2022-09-20,25058.83,20804.68,1277942.15,1282196.3,4254.15,1,0,24,-0.004581,43641.07
C002,2022-09-21,28553.97,28795.75,1282196.3,1281954.52,-241.78,2,0,25,-0.008396,75418.44
C002,2022-09-22,36587.36,19138.3,1281954.52,1299403.58,17449.06,3,0,26,-0.013387,86882.71
C002,2022-09-23,42222.21,8608.28,1299403.58,1333017.51,33613.93,4,1,27,-0.020076,57785.43
C002,2022-09-24,38175.37,11157.87,1333017.51,1360035.01,27017.5,5,1,28,-0.029179,35677.89
C002,2022-09-25,27907.08,23569.37,1360035.01,1364372.72,4337.71,6,0,29,-0.041691,45583.23
C002,2022-09-26,25833.29,25662.76,1364372.72,1364543.25,170.53,0,0,30,-0.058991,48517.69
C002,2022-09-27,38737.84,153889.77,1364543.25,1249391.32,-115151.93,1,0,0,0.279996,55560.09
C002,2022-09-28,34372.36,27831.01,1249391.32,1255932.67,6541.35,2,0,1,0.233445,91397.5
C002,2022-09-29,36741.12,19614.06,1255932.67,1273059.73,17127.06,3,0,2,0.194633,110406.61
C002,2022-09-30,49710.0,9364.58,1273059.73,1313405.15,40345.42,4,1,3,0.162272,76259.79
C002,2022-10-01,42125.2,94931.83,1313405.15,1260598.52,-52806.63,5,1,4,0.135289,126053.42
C002,2022-10-02,32613.39,26952.99,1260598.52,1266258.92,5660.4,6,0,5,0.112789,48977.08
C002,2022-10-03,32568.16,35282.15,1266258.92,1263544.93,-2713.99,0,0,6,0.094027,55347.11
C002,2022-10-04,29857.51,22072.09,1263544.93,1271330.35,7785.42,1,0,7,0.078379,65666.46
C002,2022-10-05,33489.91,129806.85,1271330.35,1175013.41,-96316.94,2,0,8,0.065327,204533.74
C002,2022-10-06,35317.01,20060.58,1175013.41,1190269.84,15256.43,3,0,9,0.054436,120341.52
C002,2022-10-07,49596.4,8302.88,1190269.84,1231563.36,41293.52,4,1,10,0.045343,84170.67
C002,2022-10-08,42712.41,12099.47,1231563.36,1262176.3,30612.94,5,1,11,0.037745,55458.66
C002,2022-10-09,28824.97,25663.75,1262176.3,1265337.52,3161.22,6,0,12,0.031386,63226.23
C002,2022-10-10,29324.07,49626.05,1265337.52,1245035.54,-20301.98,0,0,13,0.026051,89632.57
C002,2022-10-11,26986.81,20491.22,1245035.54,1251531.13,6495.59,1,0,14,0.021557,80702.29
C002,2022-10-12,27062.26,25613.88,1251531.13,1252979.51,1448.38,2,0,15,0.017745,111564.18
C002,2022-10-13,33082.74,21273.52,1252979.51,1264788.73,11809.22,3,0,16,0.014477,132535.46
C002,2022-10-14,40572.55,8597.07,1264788.73,1296764.21,31975.48,4,1,17,0.011627,107830.16
C002,2022-10-15,44013.84,51603.31,1296764.21,1289174.74,-7589.47,5,1,18,0.009074,120343.81
C002,2022-10-16,31409.21,22647.59,1289174.74,1297936.36,8761.62,6,0,19,0.006701,128503.57
C002,2022-10-17,33078.67,28613.36,1297936.36,1302401.67,4465.31,0,0,20,0.004381,127302.72
C002,2022-10-18,28063.74,20725.31,1302401.67,1309740.1,7338.43,1,0,21,0.001969,136657.35
C002,2022-10-19,31003.34,28179.58,1309740.1,1312563.86,2823.76,2,0,22,-0.000708,169060.67
C002,2022-10-20,31970.15,18696.64,1312563.86,1325837.37,13273.51,3,0,23,-0.00387,188819.36
C002,2022-10-21,39886.3,8350.71,1325837.37,1357372.96,31535.59,4,1,24,-0.007803,160336.71
C002,2022-10-22,39530.36,10617.03,1357372.96,1386286.29,28913.33,5,1,25,-0.012893,131101.86
C002,2022-10-23,30666.05,26149.4,1386286.29,1390802.94,4516.65,6,0,26,-0.019664,137046.08
C002,2022-10-24,33168.55,28258.59,1390802.94,1395712.9,4909.96,0,0,27,-0.028836,132325.97
C002,2022-10-25,32529.89,18286.84,1395712.9,1409955.95,14243.05,1,0,28,-0.041404,136786.29
C002,2022-10-26,29783.61,26678.62,1409955.95,1413060.94,3104.99,2,0,29,-0.058752,164947.41
C002,2022-10-27,44486.76,152596.29,1413060.94,1304951.41,-108109.53,3,0,0,0.279997,297678.08
C002,2022-10-28,50668.85,8290.09,1304951.41,1347330.17,42378.76,4,1,1,0.233447,131074.98
C002,2022-10-29,48018.49,11882.32,1347330.17,1383466.34,36136.17,5,1,2,0.194635,114247.53
C002,2022-10-30,35525.23,29326.63,1383466.34,1389664.94,6198.6,6,0,3,0.162274,130908.0
C002,2022-10-31,33183.68,36196.68,1389664.94,1386651.94,-3013.0,0,0,4,0.135293,141854.58
C002,2022-11-01,31718.91,103134.85,1386651.94,1315236.0,-71415.94,1,0,5,0.112795,156805.1
C002,2022-11-02,35992.87,32336.83,1315236.0,1318892.04,3656.04,2,0,6,0.094035,204562.68
C002,2022-11-03,37358.49,19253.72,1318892.04,1336996.81,18104.77,3,0,7,0.078391,222810.02
C002,2022-11-04,52399.21,9848.87,1336996.81,1379547.15,42550.34,4,1,8,0.065342,179964.07
C002,2022-11-05,47051.7,115987.49,1379547.15,1310611.36,-68935.79,5,1,9,0.054457,147210.51
C002,2022-11-06,33811.78,28689.11,1310611.36,1315734.03,5122.67,6,0,10,0.045373,150876.07
C002,2022-11-07,36388.56,34487.63,1315734.03,1317634.96,1900.93,0,0,11,0.037787,148696.06
C002,2022-11-08,32570.16,21641.37,1317634.96,1328563.75,10928.79,1,0,12,0.031445,158159.88
C002,2022-11-09,33964.15,27859.79,1328563.75,1334668.11,6104.36,2,0,13,0.026133,190893.85
C002,2022-11-10,38800.62,41235.31,1334668.11,1332233.42,-2434.69,3,0,14,0.021672,206999.19
C002,2022-11-11,42888.89,10578.62,1332233.42,1364543.69,32310.27,4,1,15,0.017906,180431.06
C002,2022-11-12,45526.54,12746.04,1364543.69,1397324.19,32780.5,5,1,16,0.014701,146693.42
C002,2022-11-13,33410.13,26139.95,1397324.19,1404594.37,7270.18,6,0,17,0.011939,148843.82
C002,2022-11-14,34950.22,30026.04,1404594.37,1409518.55,4924.18,0,0,18,0.00951,150865.58
C002,2022-11-15,36262.61,19341.23,1409518.55,1426439.93,16921.38,1,0,19,0.00731,152302.16
C002,2022-11-16,34175.94,30911.48,1426439.93,1429704.39,3264.46,2,0,20,0.00523,193656.01
C002,2022-11-17,37230.41,20537.35,1429704.39,1446397.45,16693.06,3,0,21,0.003154,214401.98
C002,2022-11-18,44760.28,9533.2,1446397.45,1481624.53,35227.08,4,1,22,0.000946,191261.71
C002,2022-11-19,46069.49,13037.29,1481624.53,1514656.73,33032.2,5,1,23,-0.001561,161653.53
C002,2022-11-20,32925.75,29872.81,1514656.73,1517709.67,3052.94,6,0,24,-0.004581,165786.19
C002,2022-11-21,31292.45,31613.97,1517709.67,1517388.15,-321.52,0,0,25,-0.008396,164777.68
C002,2022-11-22,30542.95,20082.08,1517388.15,1527849.02,10460.87,1,0,26,-0.013387,168002.33
C002,2022-11-23,31220.42,31030.57,1527849.02,1528038.87,189.85,2,0,27,-0.020076,204823.51
C002,2022-11-24,36842.41,18139.04,1528038.87,1546742.24,18703.37,3,0,28,-0.029179,221966.13
C002,2022-11-25,40185.93,8919.82,1546742.24,1578008.35,31266.11,4,1,29,-0.041691,197429.12
C002,2022-11-26,38284.1,13662.96,1578008.35,1602629.49,24621.14,5,1,30,-0.058991,175785.67
C002,2022-11-27,40204.0,164428.34,1602629.49,1478405.15,-124224.34,6,0,0,0.279996,185521.96
C002,2022-11-28,45724.69,26415.97,1478405.15,1497713.87,19308.72,0,0,1,0.233445,178619.84
C002,2022-11-29,42863.97,20004.9,1497713.87,1520572.94,22859.07,1,0,2,0.194633,182755.42
C002,2022-11-30,39406.06,31472.48,1520572.94,1528506.52,7933.58,2,0,3,0.162272,222610.71
C002,2022-12-01,46347.63,102813.05,1528506.52,1472041.1,-56465.42,3,0,4,0.135289,308127.6
C002,2022-12-02,60534.04,9120.42,1472041.1,1523454.72,51413.62,4,1,5,0.112789,179820.17
C002,2022-12-03,50478.0,14125.89,1523454.72,1559806.83,36352.11,5,1,6,0.094027,147771.89
C002,2022-12-04,29786.03,30081.64,1559806.83,1559511.22,-295.61,6,0,7,0.078379,158084.15
C002,2022-12-05,34465.5,136154.85,1559511.22,1457821.87,-101689.35,0,0,8,0.065327,262190.86
C002,2022-12-06,32466.01,23677.78,1457821.87,1466610.1,8788.23,1,0,9,0.054436,186865.16
C002,2022-12-07,34051.03,34330.11,1466610.1,1466331.02,-279.08,2,0,10,0.045343,227221.67
C002,2022-12-08,41933.66,21541.05,1466331.02,1486723.63,20392.61,3,0,11,0.037745,242506.8
C002,2022-12-09,48954.66,10116.33,1486723.63,1525561.96,38838.33,4,1,12,0.031386,211006.55
C002,2022-12-10,46599.8,32929.15,1525561.96,1539232.61,13670.65,5,1,13,0.026051,200494.66
C002,2022-12-11,30420.78,24678.64,1539232.61,1544974.75,5742.14,6,0,14,0.021557,195705.9
C002,2022-12-12,32848.2,33805.34,1544974.75,1544017.61,-957.14,0,0,15,0.017745,203295.49
C002,2022-12-13,31424.78,22004.2,1544017.61,1553438.19,9420.58,1,0,16,0.014477,211886.47
C002,2022-12-14,36154.33,29208.39,1553438.19,1560384.13,6945.94,2,0,17,0.011627,242729.27
C002,2022-12-15,39445.97,21088.01,1560384.13,1578742.09,18357.96,3,0,18,0.009074,255545.54
C002,2022-12-16,54496.17,9877.86,1578742.09,1623360.4,44618.31,4,1,19,0.006701,171454.76
C002,2022-12-17,51857.71,14418.68,1623360.4,1660799.43,37439.03,5,1,20,0.004381,132327.81
C002,2022-12-18,37094.15,25007.34,1660799.43,1672886.24,12086.81,6,0,21,0.001969,128719.97
C002,2022-12-19,34449.7,31025.68,1672886.24,1676310.26,3424.02,0,0,22,-0.000708,135845.89
C002,2022-12-20,31170.95,23985.35,1676310.26,1683495.86,7185.6,1,0,23,-0.00387,145882.1
C002,2022-12-21,31623.15,32953.18,1683495.86,1682165.83,-1330.03,2,0,24,-0.007803,169020.69
C002,2022-12-22,36276.84,22591.32,1682165.83,1695851.35,13685.52,3,0,25,-0.012893,185713.41
C002,2022-12-23,46307.85,9296.82,1695851.35,1732862.38,37011.03,4,1,26,-0.019664,152433.72
C002,2022-12-24,48577.9,12731.91,1732862.38,1768708.37,35845.99,5,1,27,-0.028836,115726.84
C002,2022-12-25,35276.07,28546.97,1768708.37,1775437.47,6729.1,6,0,28,-0.041404,116037.95
C002,2022-12-26,34349.65,31371.96,1775437.47,1778415.16,2977.69,0,0,29,-0.058752,117497.99
C002,2022-12-27,42946.85,157434.9,1778415.16,1663927.11,-114488.05,1,0,0,0.279997,251001.23
C002,2022-12-28,44110.77,31704.17,1663927.11,1676333.71,12406.6,2,0,1,0.233447,146658.72
C002,2022-12-29,47803.87,20809.22,1676333.71,1703328.36,26994.65,3,0,2,0.194635,171034.29
C002,2022-12-30,57906.99,10118.12,1703328.36,1751117.23,47788.87,4,1,3,0.162274,135272.45
C002,2022-12-31,43930.99,14879.52,1751117.23,1780168.7,29051.47,5,1,4,0.135293,109759.07
C002,2023-01-01,34900.32,111794.13,1780168.7,1703274.89,-76893.81,6,0,5,0.112795,196385.84
C002,2023-01-02,38427.25,34123.42,1703274.89,1707578.72,4303.83,0,0,6,0.094035,107266.78
C002,2023-01-03,35363.29,25346.64,1707578.72,1717595.37,10016.65,1,0,7,0.078391,113035.51
C002,2023-01-04,36138.39,33721.03,1717595.37,1720012.73,2417.36,2,0,8,0.065342,149429.94
C002,2023-01-05,45005.01,111542.48,1720012.73,1653475.26,-66537.47,3,0,9,0.054457,254014.26
C002,2023-01-06,49764.41,9686.98,1653475.26,1693552.69,40077.43,4,1,10,0.045373,89570.94
C002,2023-01-07,50237.79,14560.05,1693552.69,1729230.43,35677.74,5,1,11,0.037787,57724.19
C002,2023-01-08,34084.08,26746.0,1729230.43,1736568.51,7338.08,6,0,12,0.031445,62169.25
C002,2023-01-09,37229.93,34071.17,1736568.51,1739727.27,3158.76,0,0,13,0.026133,69378.58
C002,2023-01-10,42398.17,41444.79,1739727.27,1740680.65,953.38,1,0,14,0.021672,84680.92
C002,2023-01-11,40341.88,33709.43,1740680.65,1747313.1,6632.45,2,0,15,0.017906,89232.34
C002,2023-01-12,39786.33,21774.77,1747313.1,1765324.66,18011.56,3,0,16,0.014701,97442.58
C002,2023-01-13,47809.4,10020.66,1765324.66,1803113.4,37788.74,4,1,17,0.011939,61968.33
C002,2023-01-14,46191.87,15017.64,1803113.4,1834287.63,31174.23,5,1,18,0.00951,34041.75
C002,2023-01-15,30044.32,69516.79,1834287.63,1794815.16,-39472.47,6,0,19,0.00731,83336.84
C002,2023-01-16,31180.11,32868.03,1794815.16,1793127.24,-1687.92,0,0,20,0.00523,81716.27
C002,2023-01-17,32046.81,23567.84,1793127.24,1801606.21,8478.97,1,0,21,0.003154,87036.83
C002,2023-01-18,39105.26,28555.32,1801606.21,1812156.15,10549.94,2,0,22,0.000946,107581.45
C002,2023-01-19,37299.96,20078.15,1812156.15,1829377.96,17221.81,3,0,23,-0.001561,125947.7
C002,2023-01-20,43611.84,21803.28,1829377.96,1851186.52,21808.56,4,1,24,-0.004581,111171.03
C002,2023-01-21,43934.88,13556.64,1851186.52,1881564.76,30378.24,5,1,25,-0.008396,77897.68
C002,2023-01-22,29574.86,25843.52,1881564.76,1885296.1,3731.34,6,0,26,-0.013387,78275.4
C002,2023-01-23,29971.97,30832.86,1885296.1,1884435.21,-860.89,0,0,27,-0.020076,84223.28
C002,2023-01-24,29314.62,22274.41,1884435.21,1891475.42,7040.21,1,0,28,-0.029179,95004.5
C002,2023-01-25,33014.76,28577.03,1891475.42,1895913.15,4437.73,2,0,29,-0.041691,131164.53
C002,2023-01-26,37948.61,18933.42,1895913.15,1914928.34,19015.19,3,0,30,-0.058991,144495.21
C002,2023-01-27,60679.86,152615.77,1914928.34,1822992.43,-91935.91,4,1,0,0.279997,239268.38
C002,2023-01-28,65405.49,14035.27,1822992.43,1874362.65,51370.22,5,1,1,0.233447,63413.86
C002,2023-01-29,41203.97,29176.94,1874362.65,1886389.68,12027.03,6,0,2,0.194635,61588.96
C002,2023-01-30,37496.72,33958.63,1886389.68,1889927.77,3538.09,0,0,3,0.162274,-22049.57
C002,2023-01-31,34082.57,24349.61,1889927.77,1899660.73,9732.96,1,0,4,0.135293,-18554.96
C002,2023-02-01,38494.26,123309.49,1899660.73,1814845.5,-84815.23,2,0,5,0.112795,105337.85
C002,2023-02-02,40866.98,25081.6,1814845.5,1830630.88,15785.38,3,0,6,0.094035,116936.04
C002,2023-02-03,49126.42,10314.63,1830630.88,1869442.67,38811.79,4,1,7,0.078391,-10120.38
C002,2023-02-04,51833.92,13787.07,1869442.67,1907489.52,38046.85,5,1,8,0.065342,-53526.38
C002,2023-02-05,31454.67,155820.56,1907489.52,1783123.63,-124365.89,6,0,9,0.054457,74618.27
C002,2023-02-06,34219.73,30388.74,1783123.63,1786954.62,3830.99,0,0,10,0.045373,61354.87
C002,2023-02-07,34418.35,22635.21,1786954.62,1798737.76,11783.14,1,0,11,0.037787,58864.44
C002,2023-02-08,38829.93,28461.84,1798737.76,1809105.85,10368.09,2,0,12,0.031445,64135.69
C002,2023-02-09,38497.58,22241.86,1809105.85,1825361.57,16255.72,3,0,13,0.026133,68953.39
C002,2023-02-10,43134.22,31950.35,1825361.57,1836545.44,11183.87,4,1,14,0.021672,50792.71
C002,2023-02-11,39970.77,13748.97,1836545.44,1862767.24,26221.8,5,1,15,0.017906,15873.85
C002,2023-02-12,29139.16,26824.67,1862767.24,1865081.73,2314.49,6,0,16,0.014701,17574.01
C002,2023-02-13,31697.91,28450.26,1865081.73,1868329.38,3247.65,0,0,17,0.011939,15366.85
C002,2023-02-14,30492.83,20670.21,1868329.38,1878152.0,9822.62,1,0,18,0.00951,19310.98
C002,2023-02-15,27790.97,31099.46,1878152.0,1874843.51,-3308.49,2,0,19,0.00731,54262.07
C002,2023-02-16,32931.27,19131.74,1874843.51,1888643.04,13799.53,3,0,20,0.00523,65819.98
C002,2023-02-17,40810.65,9716.09,1888643.04,1919737.6,31094.56,4,1,21,0.003154,28650.48
C002,2023-02-18,47016.8,11428.74,1919737.6,1955325.66,35588.06,5,1,22,0.000946,-13011.8
C002,2023-02-19,32326.35,25294.46,1955325.66,1962357.55,7031.89,6,0,23,-0.001561,-14699.29
C002,2023-02-20,27900.25,30795.36,1962357.55,1959462.44,-2895.11,0,0,24,-0.004581,-14826.15
C002,2023-02-21,26773.37,22664.31,1959462.44,1963571.5,4109.06,1,0,25,-0.008396,-1434.21
C002,2023-02-22,30708.15,25621.16,1963571.5,1968658.49,5086.99,2,0,26,-0.013387,30512.3
C002,2023-02-23,37397.07,19575.64,1968658.49,1986479.92,17821.43,3,0,27,-0.020076,41196.89
C002,2023-02-24,49669.23,9071.47,1986479.92,2027077.68,40597.76,4,1,28,-0.029179,2888.19
C002,2023-02-25,44789.41,12443.54,2027077.68,2059423.55,32345.87,5,1,29,-0.041691,-161463.69
C002,2023-02-26,31202.56,28365.3,2059423.55,2062260.81,2837.26,6,0,30,-0.058991,-148968.56
C002,2023-02-27,44462.43,168946.73,2062260.81,1937776.51,-124484.3,0,0,0,0.279993,-15186.42
C002,2023-02-28,35550.18,25348.05,1937776.51,1947978.64,10202.13,1,0,1,0.23344,-2974.78
C002,2023-03-01,39333.32,119433.76,1947978.64,1867878.2,-80100.44,2,0,2,0.194626,115014.13
C002,2023-03-02,38548.63,25321.06,1867878.2,1881105.77,13227.57,3,0,3,0.162262,43215.03
C002,2023-03-03,48887.26,9809.68,1881105.77,1920183.35,39077.58,4,1,4,0.135275,6839.65
C002,2023-03-04,43784.88,16401.31,1920183.35,1947566.92,27383.57,5,1,5,0.11277,-19342.9
C002,2023-03-05,35066.84,123311.47,1947566.92,1859322.29,-88244.63,6,0,6,0.094,85127.1
C002,2023-03-06,33643.45,39002.6,1859322.29,1853963.14,-5359.15,0,0,7,0.078342,8558.54
C002,2023-03-07,33183.9,29405.14,1853963.14,1857741.9,3778.76,1,0,8,0.065275,20977.21
C002,2023-03-08,34523.51,43955.92,1857741.9,1848309.49,-9432.41,2,0,9,0.054363,62046.76
C002,2023-03-09,35059.35,25766.64,1848309.49,1857602.2,9292.71,3,0,10,0.045242,85984.15
C002,2023-03-10,47909.3,32269.96,1857602.2,1873241.54,15639.34,4,1,11,0.037603,81357.99
C002,2023-03-11,39974.38,18900.96,1873241.54,1894314.96,21073.42,5,1,12,0.031189,38796.21
C002,2023-03-12,29805.33,36782.14,1894314.96,1887338.15,-6976.81,6,0,13,0.025776,58422.51
C002,2023-03-13,33391.06,42088.12,1887338.15,1878641.09,-8697.06,0,0,14,0.021173,74682.36
C002,2023-03-14,29285.88,25271.23,1878641.09,1882655.74,4014.65,1,0,15,0.017209,96159.32
C002,2023-03-15,32266.24,31225.75,1882655.74,1883696.23,1040.49,2,0,16,0.013729,143522.38
C002,2023-03-16,38519.77,24753.02,1883696.23,1897462.98,13766.75,3,0,17,0.010582,119973.93
C002,2023-03-17,41699.25,10056.65,1897462.98,1929105.58,31642.6,4,1,18,0.007616,97032.36
C002,2023-03-18,39380.58,14023.14,1929105.58,1954463.02,25357.44,5,1,19,0.004666,81976.4
C002,2023-03-19,26204.8,32279.74,1954463.02,1948388.08,-6074.94,6,0,20,0.001541,106480.76
C002,2023-03-20,27873.28,33947.5,1948388.08,1942313.86,-6074.22,0,0,21,-0.001995,121681.21
C002,2023-03-21,24040.98,18696.58,1942313.86,1947658.26,5344.4,1,0,22,-0.00624,46291.37
C002,2023-03-22,24673.64,27695.61,1947658.26,1944636.29,-3021.97,2,0,23,-0.01159,90910.14
C002,2023-03-23,36684.9,19183.9,1944636.29,1962137.29,17501.0,3,0,24,-0.018577,89013.97
C002,2023-03-24,45897.07,8863.57,1962137.29,1999170.79,37033.5,4,1,25,-0.02793,42795.04
C002,2023-03-25,40688.02,12182.0,1999170.79,2027676.81,28506.02,5,1,26,-0.040649,9640.18
C002,2023-03-26,26681.01,24391.95,2027676.81,2029965.87,2289.06,6,0,27,-0.058122,9580.86
C002,2023-03-27,37256.4,169262.41,2029965.87,1897959.86,-132006.01,0,0,0,0.279997,137562.54
C002,2023-03-28,36525.32,21192.93,1897959.86,1913292.25,15332.39,1,0,1,0.233447,4141.18
C002,2023-03-29,37274.52,27976.68,1913292.25,1922590.09,9297.84,2,0,2,0.194635,30215.3
C002,2023-03-30,43063.53,20649.76,1922590.09,1945003.86,22413.77,3,0,3,0.162274,39636.21
C002,2023-03-31,48376.84,10488.37,1945003.86,1982892.33,37888.47,4,1,4,0.135293,5959.27
C002,2023-04-01,41745.2,100316.73,1982892.33,1924320.8,-58571.53,5,1,5,0.112795,-21752.14
C002,2023-04-02,28754.19,26051.99,1924320.8,1927023.0,2702.2,6,0,6,0.094035,-16695.03
C002,2023-04-03,34425.88,33224.86,1927023.0,1928224.02,1201.02,0,0,7,0.078391,-20803.13
C002,2023-04-04,37366.62,21141.25,1928224.02,1944449.39,16225.37,1,0,8,0.065342,-24449.69
C002,2023-04-05,37508.15,119435.86,1944449.39,1862521.68,-81927.71,2,0,9,0.054457,-8042.65
C002,2023-04-06,37837.46,21640.03,1862521.68,1878719.11,16197.43,3,0,10,0.045373,2695.51
C002,2023-04-07,41293.82,9656.68,1878719.11,1910356.25,31637.14,4,1,11,0.037787,-26032.91
C002,2023-04-08,47040.28,13810.18,1910356.25,1943586.35,33230.1,5,1,12,0.031445,-55991.54
C002,2023-04-09,38150.37,27137.19,1943586.35,1954599.53,11013.18,6,0,13,0.026133,-56479.5
C002,2023-04-10,33208.61,54696.97,1954599.53,1933111.17,-21488.36,0,0,14,0.021672,-57493.14
C002,2023-04-11,34260.9,21611.41,1933111.17,1945760.66,12649.49,1,0,15,0.017906,-61672.31
C002,2023-04-12,37731.52,30168.73,1945760.66,1953323.45,7562.79,2,0,16,0.014701,-46460.65
C002,2023-04-13,47001.98,21510.37,1953323.45,1978815.06,25491.61,3,0,17,0.011939,-49226.68
C002,2023-04-14,57771.91,9368.36,1978815.06,2027218.61,48403.55,4,1,18,0.00951,-92269.28
C002,2023-04-15,44651.49,54433.19,2027218.61,2017436.91,-9781.7,5,1,19,0.00731,-81909.35
C002,2023-04-16,39853.13,31152.1,2017436.91,2026137.94,8701.03,6,0,20,0.00523,-82982.87
C002,2023-04-17,44927.66,34626.18,2026137.94,2036439.42,10301.48,0,0,21,0.003154,-92905.9
C002,2023-04-18,42289.62,23860.2,2036439.42,2054868.84,18429.42,1,0,22,0.000946,-100181.42
C002,2023-04-19,45265.65,36139.42,2054868.84,2063995.07,9126.23,2,0,23,-0.001561,-82976.21
C002,2023-04-20,49132.22,119177.66,2063995.07,1993949.63,-70045.44,3,0,24,-0.004581,8668.71
C002,2023-04-21,52458.08,10861.28,1993949.63,2035546.43,41596.8,4,1,25,-0.008396,-34673.49
C002,2023-04-22,30691.16,15086.33,2035546.43,2051151.26,15604.83,5,1,26,-0.013387,-54813.06
C002,2023-04-23,20714.26,29899.69,2051151.26,2041965.83,-9185.43,6,0,27,-0.020076,-37671.89
C002,2023-04-24,22691.71,27340.55,2041965.83,2037316.99,-4648.84,0,0,28,-0.029179,-28814.95
C002,2023-04-25,22775.18,20545.44,2037316.99,2039546.73,2229.74,1,0,29,-0.041691,-17420.21
C002,2023-04-26,25607.91,29632.24,2039546.73,2035522.4,-4024.33,2,0,30,-0.058991,8702.77
C002,2023-04-27,37660.09,155749.06,2035522.4,1917433.43,-118088.97,3,0,0,0.279996,13047.65
C002,2023-04-28,43578.53,8206.57,1917433.43,1952805.39,35371.96,4,1,1,0.233445,-12303.29
C002,2023-04-29,43056.21,11221.53,1952805.39,1984640.07,31834.68,5,1,2,0.194633,-41101.56
C002,2023-04-30,26525.28,22313.75,1984640.07,1988851.6,4211.53,6,0,3,0.162272,-36641.11
C002,2023-05-01,30149.68,116432.62,1988851.6,1902568.66,-86282.94,0,0,4,0.135289,48220.9
C002,2023-05-02,27018.98,19259.67,1902568.66,1910327.97,7759.31,1,0,5,0.112789,-33277.51
C002,2023-05-03,25063.91,27970.99,1910327.97,1907420.89,-2907.08,2,0,6,0.094027,-3765.77
C002,2023-05-04,30538.41,17959.6,1907420.89,1919999.7,12578.81,3,0,7,0.078379,4833.54
C002,2023-05-05,33703.17,99223.84,1919999.7,1854479.03,-65520.67,4,1,8,0.065327,71956.63
C002,2023-05-06,38767.95,11832.36,1854479.03,1881414.62,26935.59,5,1,9,0.054436,-47498.64
C002,2023-05-07,24307.89,21399.17,1881414.62,1884323.34,2908.72,6,0,10,0.045343,-43659.69
C002,2023-05-08,29541.66,26270.19,1884323.34,1887594.81,3271.47,0,0,11,0.037745,-48915.86
C002,2023-05-09,27496.53,16971.31,1887594.81,1898120.03,10525.22,1,0,12,0.031386,-47946.77
C002,2023-05-10,26653.85,49155.85,1898120.03,1875618.03,-22502.0,2,0,13,0.026051,-524.96
C002,2023-05-11,26450.21,17979.89,1875618.03,1884088.35,8470.32,3,0,14,0.021557,-15538.79
C002,2023-05-12,30510.53,7736.08,1884088.35,1906862.8,22774.45,4,1,15,0.017745,-35006.6
C002,2023-05-13,33089.19,10363.61,1906862.8,1929588.38,22725.58,5,1,16,0.014477,-57997.92
C002,2023-05-14,24778.79,19417.84,1929588.38,1934949.33,5360.95,6,0,17,0.011627,-58622.86
C002,2023-05-15,27141.08,26562.85,1934949.33,1935527.56,578.23,0,0,18,0.009074,-55897.38
C002,2023-05-16,25270.13,17642.62,1935527.56,1943155.07,7627.51,1,0,19,0.006701,-53050.54
C002,2023-05-17,24588.33,24209.88,1943155.07,1943533.52,378.45,2,0,20,0.004381,-26020.13
C002,2023-05-18,27783.21,16629.31,1943533.52,1954687.42,11153.9,3,0,21,0.001969,-18090.85
C002,2023-05-19,33790.26,7458.82,1954687.42,1981018.86,26331.44,4,1,22,-0.000708,-43669.0
C002,2023-05-20,31507.14,9907.66,1981018.86,2002618.34,21599.48,5,1,23,-0.00387,-66934.39
C002,2023-05-21,21392.93,23138.33,2002618.34,2000872.94,-1745.4,6,0,24,-0.007803,-58702.49
C002,2023-05-22,23035.65,27570.39,2000872.94,1996338.2,-4534.74,0,0,25,-0.012893,-53234.7
C002,2023-05-23,25492.82,17537.08,1996338.2,2004293.94,7955.74,1,0,26,-0.019664,-50701.88
C002,2023-05-24,26254.87,22046.77,2004293.94,2008502.04,4208.1,2,0,27,-0.028836,-28443.2
C002,2023-05-25,30277.06,16652.58,2008502.04,2022126.52,13624.48,3,0,28,-0.041404,-17781.3
C002,2023-05-26,29960.65,7862.0,2022126.52,2044225.17,22098.65,4,1,29,-0.058752,-39109.96
C002,2023-05-27,36884.45,150628.54,2044225.17,1930481.08,-113744.09,5,1,0,0.279997,77759.7
C002,2023-05-28,29999.42,19978.4,1930481.08,1940502.1,10021.02,6,0,1,0.233447,-58679.03
C002,2023-05-29,27796.5,24760.09,1940502.1,1943538.51,3036.41,0,0,2,0.194635,-54155.84
C002,2023-05-30,25838.56,17166.58,1943538.51,1952210.49,8671.98,1,0,3,0.162274,-49713.65
C002,2023-05-31,23814.96,25235.89,1952210.49,1950789.56,-1420.93,2,0,4,0.135293,-28138.96
C002,2023-06-01,30539.6,104278.7,1950789.56,1877050.46,-73739.1,3,0,5,0.112795,-24271.84
C002,2023-06-02,34317.58,7712.92,1877050.46,1903655.12,26604.66,4,1,6,0.094035,-52823.01
C002,2023-06-03,32524.47,11346.35,1903655.12,1924833.24,21178.12,5,1,7,0.078391,-78082.11
C002,2023-06-04,21637.77,20035.35,1924833.24,1926435.66,1602.42,6,0,8,0.065342,-77200.16
C002,2023-06-05,24849.51,117369.19,1926435.66,1833915.98,-92519.68,0,0,9,0.054457,-73539.05
C002,2023-06-06,24168.93,17421.26,1833915.98,1840663.65,6747.67,1,0,10,0.045373,-69380.73
C002,2023-06-07,23000.99,24985.69,1840663.65,1838678.95,-1984.7,2,0,11,0.037787,-43222.12
C002,2023-06-08,26383.38,14889.07,1838678.95,1850173.26,11494.31,3,0,12,0.031445,-35582.1
C002,2023-06-09,31999.0,7079.19,1850173.26,1875093.07,24919.81,4,1,13,0.026133,-58419.79
C002,2023-06-10,28873.01,35416.52,1875093.07,1868549.56,-6543.51,5,1,14,0.021672,-87211.28
C002,2023-06-11,22799.36,19492.72,1868549.56,1871856.2,3306.64,6,0,15,0.017906,-88880.36
C002,2023-06-12,20744.75,21010.49,1871856.2,1871590.46,-265.74,0,0,16,0.014701,-87833.7
C002,2023-06-13,19845.58,15109.57,1871590.46,1876326.47,4736.01,1,0,17,0.011939,-81637.21
C002,2023-06-14,22736.23,19432.52,1876326.47,1879630.18,3303.71,2,0,18,0.00951,-63417.97
C002,2023-06-15,25537.37,15063.02,1879630.18,1890104.53,10474.35,3,0,19,0.00731,-94564.63
C002,2023-06-16,34338.65,6929.79,1890104.53,1917513.39,27408.86,4,1,20,0.00523,-118331.96
C002,2023-06-17,29374.6,10291.42,1917513.39,1936596.57,19083.18,5,1,21,0.003154,-140663.83
C002,2023-06-18,20399.62,19646.33,1936596.57,1937349.86,753.29,6,0,22,0.000946,-136582.62
C002,2023-06-19,20635.76,22301.67,1937349.86,1935683.95,-1665.91,0,0,23,-0.001561,-133327.48
C002,2023-06-20,22824.29,16337.79,1935683.95,1942170.45,6486.5,1,0,24,-0.004581,-318276.93
C002,2023-06-21,23277.67,22344.62,1942170.45,1943103.5,933.05,2,0,25,-0.008396,-293528.68
C002,2023-06-22,26413.44,15924.88,1943103.5,1953592.06,10488.56,3,0,26,-0.013387,-285754.97
C002,2023-06-23,33842.61,7375.83,1953592.06,1980058.84,26466.78,4,1,27,-0.020076,-309460.52
C002,2023-06-24,34174.0,9887.62,1980058.84,2004345.22,24286.38,5,1,28,-0.029179,-332825.23
C002,2023-06-25,21137.19,20367.2,2004345.22,2005115.21,769.99,6,0,29,-0.041691,-330402.46
C002,2023-06-26,24478.14,21352.57,2005115.21,2008240.78,3125.57,0,0,30,-0.058991,-333292.68
C002,2023-06-27,30215.7,156633.41,2008240.78,1881823.07,-126417.71,1,0,0,0.279996,-330658.48
C002,2023-06-28,30612.63,23053.03,1881823.07,1889382.67,7559.6,2,0,1,0.233445,-305988.91
C002,2023-06-29,29437.55,16323.38,1889382.67,1902496.84,13114.17,3,0,2,0.194633,-298922.24
C002,2023-06-30,27838.29,7684.53,1902496.84,1922650.6,20153.76,4,1,3,0.162272,-311274.82
C002,2023-07-01,26792.5,96664.48,1922650.6,1852778.62,-69871.98,5,1,4,0.135289,-234084.36
C002,2023-07-02,18920.4,20866.91,1852778.62,1850832.11,-1946.51,6,0,5,0.112789,-310986.03
C002,2023-07-03,19523.78,23604.76,1850832.11,1846751.13,-4080.98,0,0,6,0.094027,-306636.65
C002,2023-07-04,19978.71,17494.34,1846751.13,1849235.5,2484.37,1,0,7,0.078379,-303206.89
C002,2023-07-05,21904.19,110762.76,1849235.5,1760376.93,-88858.57,2,0,8,0.065327,-187025.15
C002,2023-07-06,26447.97,15541.98,1760376.93,1771282.92,10905.99,3,0,9,0.054436,-264761.67
C002,2023-07-07,30681.79,6507.88,1771282.92,1795456.83,24173.91,4,1,10,0.045343,-283845.23
C002,2023-07-08,28301.51,9167.18,1795456.83,1814591.16,19134.33,5,1,11,0.037745,-300590.55
C002,2023-07-09,19987.96,17905.84,1814591.16,1816673.28,2082.12,6,0,12,0.031386,-297544.68
C002,2023-07-10,18570.81,53905.81,1816673.28,1781338.28,-35335.0,0,0,13,0.026051,-266449.96
C002,2023-07-11,18303.54,16665.98,1781338.28,1782975.84,1637.56,1,0,14,0.021557,-289854.56
C002,2023-07-12,20594.48,19813.56,1782975.84,1783756.76,780.92,2,0,15,0.017745,-260519.18
C002,2023-07-13,25018.92,14086.42,1783756.76,1794689.26,10932.5,3,0,16,0.014477,-250178.26
C002,2023-07-14,28261.97,6739.02,1794689.26,1816212.21,21522.95,4,1,17,0.011627,-268863.28
C002,2023-07-15,29169.46,49841.77,1816212.21,1795539.9,-20672.31,5,1,18,0.009074,-249728.02
C002,2023-07-16,20147.96,16506.43,1795539.9,1799181.43,3641.53,6,0,19,0.006701,-244979.71
C002,2023-07-17,19160.3,22408.99,1799181.43,1795932.74,-3248.69,0,0,20,0.004381,-243773.45
C002,2023-07-18,19166.43,14331.93,1795932.74,1800767.24,4834.5,1,0,21,0.001969,-233880.53
C002,2023-07-19,21148.09,19558.86,1800767.24,1802356.47,1589.23,2,0,22,-0.000708,-201934.35
C002,2023-07-20,24107.87,202570.82,1802356.47,1623893.52,-178462.95,3,0,23,-0.00387,8681.54
C002,2023-07-21,32687.29,7005.99,1623893.52,1649574.82,25681.3,4,1,24,-0.007803,-14138.82
C002,2023-07-22,27808.82,9546.55,1649574.82,1667837.09,18262.27,5,1,25,-0.012893,-34684.41
C002,2023-07-23,18855.27,16094.04,1667837.09,1670598.32,2761.23,6,0,26,-0.019664,-22125.09
C002,2023-07-24,21579.35,20657.68,1670598.32,1671519.99,921.67,0,0,27,-0.028836,-18343.37
C002,2023-07-25,18737.15,15544.39,1671519.99,1674712.75,3192.76,1,0,28,-0.041404,-4594.4
C002,2023-07-26,20487.83,20252.48,1674712.75,1674948.1,235.35,2,0,29,-0.058752,28209.29
C002,2023-07-27,32447.47,156230.98,1674948.1,1551164.59,-123783.51,3,0,0,0.279997,182024.07
C002,2023-07-28,39068.92,6839.75,1551164.59,1583393.76,32229.17,4,1,1,0.233447,20254.89
C002,2023-07-29,31034.58,10853.74,1583393.76,1603574.6,20180.84,5,1,2,0.194635,10125.35
C002,2023-07-30,26681.39,18880.21,1603574.6,1611375.78,7801.18,6,0,3,0.162274,18236.41
C002,2023-07-31,27868.29,20549.81,1611375.78,1618694.26,7318.48,0,0,4,0.135293,22516.09
C002,2023-08-01,26752.42,105600.6,1618694.26,1539846.08,-78848.18,1,0,5,0.112795,123963.68
C002,2023-08-02,24814.33,24545.93,1539846.08,1540114.48,268.4,2,0,6,0.094035,69982.01
C002,2023-08-03,23946.61,18032.48,1540114.48,1546028.61,5914.13,3,0,7,0.078391,92826.26
C002,2023-08-04,35414.41,8091.24,1546028.61,1573351.78,27323.17,4,1,8,0.065342,68403.18
C002,2023-08-05,34842.24,101672.77,1573351.78,1506521.25,-66830.53,5,1,9,0.054457,131688.63
C002,2023-08-06,26325.41,21235.06,1506521.25,1511611.6,5090.35,6,0,10,0.045373,43653.03
C002,2023-08-07,28180.32,25791.31,1511611.6,1514000.61,2389.01,0,0,11,0.037787,43757.49
C002,2023-08-08,24751.39,19623.4,1514000.61,1519128.6,5127.99,1,0,12,0.031445,56576.31
C002,2023-08-09,22760.22,27000.5,1519128.6,1514888.32,-4240.28,2,0,13,0.026133,94984.52
C002,2023-08-10,27706.45,49473.49,1514888.32,1493121.28,-21767.04,3,0,14,0.021672,145784.88
C002,2023-08-11,38764.15,8647.85,1493121.28,1523237.58,30116.3,4,1,15,0.017906,93907.43
C002,2023-08-12,33074.12,11800.7,1523237.58,1544511.0,21273.42,5,1,16,0.014701,72187.63
C002,2023-08-13,26238.14,23400.21,1544511.0,1547348.93,2837.93,6,0,17,0.011939,80327.27
C002,2023-08-14,28432.63,29969.68,1547348.93,1545811.88,-1537.05,0,0,18,0.00951,78325.21
C002,2023-08-15,27692.88,19303.04,1545811.88,1554201.72,8389.84,1,0,19,0.00731,84047.62
C002,2023-08-16,26568.46,28610.89,1554201.72,1552159.29,-2042.43,2,0,20,0.00523,126852.23
C002,2023-08-17,32339.73,17612.31,1552159.29,1566886.71,14727.42,3,0,21,0.003154,142158.71
C002,2023-08-18,42755.48,9220.07,1566886.71,1600422.12,33535.41,4,1,22,0.000946,108023.24
C002,2023-08-19,44678.65,12525.71,1600422.12,1632575.06,32152.94,5,1,23,-0.001561,74873.66
C002,2023-08-20,27182.56,24321.62,1632575.06,1635436.0,2860.94,6,0,24,-0.004581,86510.68
C002,2023-08-21,30016.59,32299.91,1635436.0,1633152.68,-2283.32,0,0,25,-0.008396,91684.31
C002,2023-08-22,34812.18,19491.63,1633152.68,1648473.23,15320.55,1,0,26,-0.013387,98401.47
C002,2023-08-23,33711.66,29008.27,1648473.23,1653176.62,4703.39,2,0,27,-0.020076,132835.57
C002,2023-08-24,38166.83,21225.1,1653176.62,1670118.35,16941.73,3,0,28,-0.029179,151294.74
C002,2023-08-25,42592.31,9553.27,1670118.35,1703157.39,33039.04,4,1,29,-0.041691,127202.61
C002,2023-08-26,43501.0,13469.73,1703157.39,1733188.66,30031.27,5,1,30,-0.058991,107317.02
C002,2023-08-27,41567.58,171107.59,1733188.66,1603648.65,-129540.01,6,0,0,0.279997,244674.19
C002,2023-08-28,44447.83,34396.53,1603648.65,1613699.95,10051.3,0,0,1,0.233447,101523.54
C002,2023-08-29,40084.11,24171.87,1613699.95,1629612.19,15912.24,1,0,2,0.194635,112271.32
C002,2023-08-30,46508.65,34910.49,1629612.19,1641210.35,11598.16,2,0,3,0.162274,144113.87
C002,2023-08-31,44726.8,22127.39,1641210.35,1663809.76,22599.41,3,0,4,0.135293,157442.05
C002,2023-09-01,44027.41,97740.68,1663809.76,1610096.49,-53713.27,4,1,5,0.112795,131520.09
C002,2023-09-02,43958.26,15199.88,1610096.49,1638854.87,28758.38,5,1,6,0.094035,108118.95
C002,2023-09-03,35678.46,32778.37,1638854.87,1641754.96,2900.09,6,0,7,0.078391,121794.78
C002,2023-09-04,34011.4,37556.48,1641754.96,1638209.88,-3545.08,0,0,8,0.065342,129362.66
C002,2023-09-05,34110.72,117055.97,1638209.88,1555264.63,-82945.25,1,0,9,0.054457,142417.19
C002,2023-09-06,37440.77,34947.3,1555264.63,1557758.1,2493.47,2,0,10,0.045373,187612.33
C002,2023-09-07,38931.27,20984.46,1557758.1,1575704.91,17946.81,3,0,11,0.037787,199602.93
C002,2023-09-08,44225.38,10057.45,1575704.91,1609872.84,34167.93,4,1,12,0.031445,171570.95
C002,2023-09-09,44416.02,15382.7,1609872.84,1638906.16,29033.32,5,1,13,0.026133,149458.78
C002,2023-09-10,34539.1,56300.25,1638906.16,1617145.01,-21761.15,6,0,14,0.021672,164100.24
C002,2023-09-11,36958.55,37404.93,1617145.01,1616698.63,-446.38,0,0,15,0.017906,175067.0
C002,2023-09-12,36246.97,25269.4,1616698.63,1627676.2,10977.57,1,0,16,0.014701,180132.13
C002,2023-09-13,34570.04,38109.15,1627676.2,1624137.09,-3539.11,2,0,17,0.011939,219528.6
C002,2023-09-14,36773.52,22661.27,1624137.09,1638249.34,14112.25,3,0,18,0.00951,235044.21
C002,2023-09-15,51600.47,10838.29,1638249.34,1679011.52,40762.18,4,1,19,0.00731,160047.06
C002,2023-09-16,45743.14,15709.24,1679011.52,1709045.42,30033.9,5,1,20,0.00523,127550.86
C002,2023-09-17,31188.0,31788.06,1709045.42,1708445.36,-600.06,6,0,21,0.003154,141716.52
C002,2023-09-18,36682.69,37679.33,1708445.36,1707448.72,-996.64,0,0,22,0.000946,144283.77
C002,2023-09-19,35833.14,21335.18,1707448.72,1721946.68,14497.96,1,0,23,-0.001561,143678.94
C002,2023-09-20,35297.61,32407.3,1721946.68,1724836.99,2890.31,2,0,24,-0.004581,178152.56
C002,2023-09-21,43843.68,21805.97,1724836.99,1746874.7,22037.71,3,0,25,-0.008396,188953.6
C002,2023-09-22,48768.42,9630.93,1746874.7,1786012.19,39137.49,4,1,26,-0.013387,157497.1
C002,2023-09-23,49117.68,13716.78,1786012.19,1821413.09,35400.9,5,1,27,-0.020076,127794.91
C002,2023-09-24,37068.16,28121.25,1821413.09,1830360.0,8946.91,6,0,28,-0.029179,130005.73
C002,2023-09-25,36122.03,25976.35,1830360.0,1840505.68,10145.68,0,0,29,-0.041691,129761.4
C002,2023-09-26,33279.61,25462.45,1840505.68,1848322.84,7817.16,1,0,30,-0.058991,137579.16
C002,2023-09-27,41342.17,174441.52,1848322.84,1715223.49,-133099.35,2,0,0,0.279996,196309.31
C002,2023-09-28,46882.51,20222.49,1715223.49,1741883.51,26660.02,3,0,1,0.233445,219990.19
C002,2023-09-29,52582.9,9142.19,1741883.51,1785324.22,43440.71,4,1,2,0.194633,187382.31
C002,2023-09-30,51408.82,15481.23,1785324.22,1821251.81,35927.59,5,1,3,0.162272,154447.38
C002,2023-10-01,39394.6,119029.83,1821251.81,1741616.58,-79635.23,6,0,4,0.135289,246659.1
C002,2023-10-02,39534.61,34177.37,1741616.58,1746973.82,5357.24,0,0,5,0.112789,161006.84
C002,2023-10-03,42984.24,26408.32,1746973.82,1763549.74,16575.92,1,0,6,0.094027,168706.54
C002,2023-10-04,41111.38,37088.58,1763549.74,1767572.54,4022.8,2,0,7,0.078379,209347.53
C002,2023-10-05,43634.91,113525.63,1767572.54,1697681.82,-69890.72,3,0,8,0.065327,318526.13
C002,2023-10-06,57853.64,10165.03,1697681.82,1745370.43,47688.61,4,1,9,0.054436,190469.88
C002,2023-10-07,46981.67,17044.26,1745370.43,1775307.84,29937.41,5,1,10,0.045343,164786.95
C002,2023-10-08,34132.58,27996.63,1775307.84,1781443.79,6135.95,6,0,11,0.037745,177761.02
C002,2023-10-09,39317.21,32396.06,1781443.79,1788364.94,6921.15,0,0,12,0.031386,169836.22
C002,2023-10-10,36989.02,44108.71,1788364.94,1781245.25,-7119.69,1,0,13,0.026051,204022.99
C002,2023-10-11,42330.51,31810.13,1781245.25,1791765.63,10520.38,2,0,14,0.021557,226053.66
C002,2023-10-12,39658.33,23615.63,1791765.63,1807808.33,16042.7,3,0,15,0.017745,245572.69
C002,2023-10-13,46439.33,10581.97,1807808.33,1843665.69,35857.36,4,1,16,0.014477,217121.74
C002,2023-10-14,43756.32,14128.46,1843665.69,1873293.55,29627.86,5,1,17,0.011627,193957.36
C002,2023-10-15,34270.61,68505.58,1873293.55,1839058.58,-34234.97,6,0,18,0.009074,248498.14
C002,2023-10-16,30170.63,32632.93,1839058.58,1836596.28,-2462.3,0,0,19,0.006701,258501.88
C002,2023-10-17,34252.93,20687.33,1836596.28,1850161.88,13565.6,1,0,20,0.004381,264961.1
C002,2023-10-18,32624.17,31053.56,1850161.88,1851732.49,1570.61,2,0,21,0.001969,301494.2
C002,2023-10-19,34643.23,20750.1,1851732.49,1865625.62,13893.13,3,0,22,-0.000708,316012.03
C002,2023-10-20,46561.44,9197.51,1865625.62,1902989.55,37363.93,4,1,23,-0.00387,281979.22
C002,2023-10-21,45197.42,12358.67,1902989.55,1935828.3,32838.75,5,1,24,-0.007803,251400.07
C002,2023-10-22,33045.09,25364.1,1935828.3,1943509.29,7680.99,6,0,25,-0.012893,264061.84
C002,2023-10-23,36457.41,30758.7,1943509.29,1949208.0,5698.71,0,0,26,-0.019664,265591.81
C002,2023-10-24,34044.22,22886.49,1949208.0,1960365.73,11157.73,1,0,27,-0.028836,274512.13
C002,2023-10-25,39888.64,29987.29,1960365.73,1970267.08,9901.35,2,0,28,-0.041404,305641.35
C002,2023-10-26,38335.32,22700.4,1970267.08,1985902.0,15634.92,3,0,29,-0.058752,325804.82
C002,2023-10-27,77423.31,151792.51,1985902.0,1911532.8,-74369.2,4,1,0,0.279997,403689.97
C002,2023-10-28,66036.98,15696.08,1911532.8,1961873.7,50340.9,5,1,1,0.233447,217968.82
C002,2023-10-29,44666.68,33833.85,1961873.7,1972706.53,10832.83,6,0,2,0.194635,221224.62
C002,2023-10-30,44587.28,41594.62,1972706.53,1975699.19,2992.66,0,0,3,0.162274,231235.33
C002,2023-10-31,39332.53,26756.04,1975699.19,1988275.68,12576.49,1,0,4,0.135293,251086.98
C002,2023-11-01,43719.67,124014.69,1988275.68,1907980.66,-80295.02,2,0,5,0.112795,296214.43
C002,2023-11-02,51566.01,27290.39,1907980.66,1932256.28,24275.62,3,0,6,0.094035,316229.35
C002,2023-11-03,56458.5,11794.71,1932256.28,1976920.07,44663.79,4,1,7,0.078391,282319.43
C002,2023-11-04,57461.13,18173.25,1976920.07,2016207.95,39287.88,5,1,8,0.065342,239942.08
C002,2023-11-05,46427.01,126794.65,2016207.95,1935840.31,-80367.64,6,0,9,0.054457,247505.13
C002,2023-11-06,44424.46,40169.98,1935840.31,1940094.79,4254.48,0,0,10,0.045373,242729.8
C002,2023-11-07,44362.2,25252.18,1940094.79,1959204.81,19110.02,1,0,11,0.037787,235595.46
C002,2023-11-08,40802.23,41805.88,1959204.81,1958201.16,-1003.65,2,0,12,0.031445,279176.63
C002,2023-11-09,52792.11,25725.03,1958201.16,1985268.24,27067.08,3,0,13,0.026133,280475.46
C002,2023-11-10,63132.63,30581.58,1985268.24,2017819.29,32551.05,4,1,14,0.021672,231934.09
C002,2023-11-11,52202.51,16640.78,2017819.29,2053381.02,35561.73,5,1,15,0.017906,193770.73
C002,2023-11-12,39617.8,32211.39,2053381.02,2060787.43,7406.41,6,0,16,0.014701,202248.27
C002,2023-11-13,45782.84,39319.36,2060787.43,2067250.91,6463.48,0,0,17,0.011939,198743.53
C002,2023-11-14,44926.27,24620.46,2067250.91,2087556.72,20305.81,1,0,18,0.00951,194875.71
C002,2023-11-15,45384.79,37843.35,2087556.72,2095098.16,7541.44,2,0,19,0.00731,231670.46
C002,2023-11-16,46090.66,26065.84,2095098.16,2115122.98,20024.82,3,0,20,0.00523,253674.41
C002,2023-11-17,49206.91,11103.2,2115122.98,2153226.69,38103.71,4,1,21,0.003154,220276.34
C002,2023-11-18,46031.39,17620.43,2153226.69,2181637.65,28410.96,5,1,22,0.000946,197794.98
C002,2023-11-19,37203.45,33872.33,2181637.65,2184968.77,3331.12,6,0,23,-0.001561,206624.19
C002,2023-11-20,36253.65,33994.05,2184968.77,2187228.37,2259.6,0,0,24,-0.004581,205464.2
C002,2023-11-21,39884.07,19541.31,2187228.37,2207571.13,20342.76,1,0,25,-0.008396,201923.89
C002,2023-11-22,39148.72,31920.04,2207571.13,2214799.81,7228.68,2,0,26,-0.013387,232551.48
C002,2023-11-23,42686.29,22608.24,2214799.81,2234877.86,20078.05,3,0,27,-0.020076,243034.84
C002,2023-11-24,50485.19,9454.62,2234877.86,2275908.43,41030.57,4,1,28,-0.029179,202357.27
C002,2023-11-25,48708.19,12909.8,2275908.43,2311706.82,35798.39,5,1,29,-0.041691,166387.79
C002,2023-11-26,33554.0,30038.05,2311706.82,2315222.77,3515.95,6,0,30,-0.058991,172977.54
C002,2023-11-27,42777.51,178157.76,2315222.77,2179842.52,-135380.25,0,0,0,0.279996,185628.53
C002,2023-11-28,38289.96,24201.33,2179842.52,2193931.15,14088.63,1,0,1,0.233445,206609.37
C002,2023-11-29,46643.21,33639.84,2193931.15,2206934.52,13003.37,2,0,2,0.194633,250224.82
C002,2023-11-30,56861.72,24433.58,2206934.52,2239362.66,32428.14,3,0,3,0.162272,262649.82
C002,2023-12-01,61921.74,97089.31,2239362.66,2204195.09,-35167.57,4,1,4,0.135289,306127.66
C002,2023-12-02,60309.89,16019.35,2204195.09,2248485.63,44290.54,5,1,5,0.112789,181560.91
C002,2023-12-03,44690.13,33936.26,2248485.63,2259239.5,10753.87,6,0,6,0.094027,183209.72
C002,2023-12-04,39802.6,42892.07,2259239.5,2256150.03,-3089.47,0,0,7,0.078379,192056.07
C002,2023-12-05,44666.87,117471.46,2256150.03,2183345.44,-72804.59,1,0,8,0.065327,285388.05
C002,2023-12-06,39427.29,39948.14,2183345.44,2182824.59,-520.85,2,0,9,0.054436,192467.55
C002,2023-12-07,40270.98,28295.3,2182824.59,2194800.27,11975.68,3,0,10,0.045343,217725.89
C002,2023-12-08,53212.63,10635.11,2194800.27,2237377.79,42577.52,4,1,11,0.037745,180540.19
C002,2023-12-09,44553.49,16187.58,2237377.79,2265743.7,28365.91,5,1,12,0.031386,150181.0
C002,2023-12-10,36690.06,52680.38,2265743.7,2249753.38,-15990.32,6,0,13,0.026051,176204.88
C002,2023-12-11,34843.94,37445.57,2249753.38,2247151.75,-2601.63,0,0,14,0.021557,156780.28
C002,2023-12-12,40575.9,24691.95,2247151.75,2263035.7,15883.95,1,0,15,0.017745,166574.69
C002,2023-12-13,38217.21,35258.47,2263035.7,2265994.44,2958.74,2,0,16,0.014477,206449.17
C002,2023-12-14,39026.39,22588.4,2265994.44,2282432.43,16437.99,3,0,17,0.011627,227088.09
C002,2023-12-15,54614.76,10278.57,2282432.43,2326768.62,44336.19,4,1,18,0.009074,187909.26
C002,2023-12-16,55586.62,13557.85,2326768.62,2368797.39,42028.77,5,1,19,0.006701,118515.51
C002,2023-12-17,38225.85,33520.21,2368797.39,2373503.03,4705.64,6,0,20,0.004381,132221.63
C002,2023-12-18,40241.58,34311.98,2373503.03,2379432.63,5929.6,0,0,21,0.001969,128347.44
C002,2023-12-19,38210.57,26050.24,2379432.63,2391592.96,12160.33,1,0,22,-0.000708,140701.74
C002,2023-12-20,38068.14,36968.53,2391592.96,2392692.57,1099.61,2,0,23,-0.00387,186891.67
C002,2023-12-21,40741.44,23938.99,2392692.57,2409495.02,16802.45,3,0,24,-0.007803,-137577.82
C002,2023-12-22,49369.03,11512.76,2409495.02,2447351.29,37856.27,4,1,25,-0.012893,-165831.31
C002,2023-12-23,44354.53,13793.12,2447351.29,2477912.7,30561.41,5,1,26,-0.019664,-202086.04
C002,2023-12-24,31977.01,31624.01,2477912.7,2478265.7,353.0,6,0,27,-0.028836,-193086.93
C002,2023-12-25,31001.73,31172.82,2478265.7,2478094.61,-171.09,0,0,28,-0.041404,-193145.7
C002,2023-12-26,33991.29,23885.59,2478094.61,2488200.31,10105.7,1,0,29,-0.058752,-179107.42
C002,2023-12-27,54028.04,176757.3,2488200.31,2365471.05,-122729.26,2,0,0,0.279997,-17819.71
C002,2023-12-28,56617.4,21547.93,2365471.05,2400540.52,35069.47,3,0,1,0.233447,-158322.12
C002,2023-12-29,67666.26,11047.44,2400540.52,2457159.34,56618.82,4,1,2,0.194635,-203757.06
C002,2023-12-30,60987.87,16134.73,2457159.34,2502012.48,44853.14,5,1,3,0.162274,-244490.25
C002,2023-12-31,43348.12,35037.85,2502012.48,2510322.75,8310.27,6,0,4,0.135293,-238803.65
C002,2024-01-01,43411.41,123687.62,2510322.75,2430046.54,-80276.21,0,0,5,0.112795,-156951.51
C002,2024-01-02,42076.79,29674.11,2430046.54,2442449.22,12402.68,1,0,6,0.094035,-232444.0
C002,2024-01-03,45833.97,40077.09,2442449.22,2448206.1,5756.88,2,0,7,0.078391,-185815.33
C002,2024-01-04,47614.67,27087.28,2448206.1,2468733.49,20527.39,3,0,8,0.065342,-165958.99
C002,2024-01-05,58659.75,152101.1,2468733.49,2375292.14,-93441.35,4,1,9,0.054457,-69928.84
C002,2024-01-06,54674.45,17440.43,2375292.14,2412526.16,37234.02,5,1,10,0.045373,-281422.43
C002,2024-01-07,36015.21,30623.39,2412526.16,2417917.98,5391.82,6,0,11,0.037787,-278412.87
C002,2024-01-08,35849.49,37842.77,2417917.98,2415924.7,-1993.28,0,0,12,0.031445,-275666.78
C002,2024-01-09,35433.51,25399.95,2415924.7,2425958.26,10033.56,1,0,13,0.026133,-267725.33
C002,2024-01-10,35773.6,57799.83,2425958.26,2403932.03,-22026.23,2,0,14,0.021672,-205755.65
C002,2024-01-11,47547.86,21869.5,2403932.03,2429610.39,25678.36,3,0,15,0.017906,-217972.2
C002,2024-01-12,53471.8,10638.58,2429610.39,2472443.61,42833.22,4,1,16,0.014701,-257432.88
C002,2024-01-13,52023.25,14946.34,2472443.61,2509520.52,37076.91,5,1,17,0.011939,-284859.43
C002,2024-01-14,35466.18,30308.82,2509520.52,2514677.88,5157.36,6,0,18,0.00951,-273182.87
C002,2024-01-15,46181.17,73546.15,2514677.88,2487312.9,-27364.98,0,0,19,0.00731,-239005.87
C002,2024-01-16,41687.55,23275.79,2487312.9,2505724.66,18411.76,1,0,20,0.00523,-242141.56
C002,2024-01-17,38823.74,36768.33,2505724.66,2507780.07,2055.41,2,0,21,0.003154,-203763.02
C002,2024-01-18,47623.21,23108.58,2507780.07,2532294.7,24514.63,3,0,22,0.000946,-198355.7
C002,2024-01-19,58726.67,11437.13,2532294.7,2579584.24,47289.54,4,1,23,-0.001561,-243618.68
C002,2024-01-20,58136.18,365803.22,2579584.24,2271917.2,-307667.04,5,1,24,-0.004581,69142.43
C002,2024-01-21,39281.4,29678.62,2271917.2,2281519.98,9602.78,6,0,25,-0.008396,70414.97
C002,2024-01-22,36617.51,42310.83,2281519.98,2275826.66,-5693.32,0,0,26,-0.013387,83901.44
C002,2024-01-23,36404.32,27052.21,2275826.66,2285178.77,9352.11,1,0,27,-0.020076,88748.69
C002,2024-01-24,40837.03,41066.89,2285178.77,2284948.91,-229.86,2,0,28,-0.029179,118572.64
C002,2024-01-25,46172.47,22028.49,2284948.91,2309092.89,24143.98,3,0,29,-0.041691,115896.11
C002,2024-01-26,49478.93,10920.48,2309092.89,2347651.34,38558.45,4,1,30,-0.058991,76142.21
C002,2024-01-27,60866.03,166298.97,2347651.34,2242218.4,-105432.94,5,1,0,0.279997,174525.98
C002,2024-01-28,43728.48,32544.6,2242218.4,2253402.28,11183.88,6,0,1,0.233447,33480.89
C002,2024-01-29,41467.09,37347.14,2253402.28,2257522.23,4119.95,0,0,2,0.194635,37977.28
C002,2024-01-30,39805.78,25808.91,2257522.23,2271519.1,13996.87,1,0,3,0.162274,46664.38
C002,2024-01-31,38961.41,37385.48,2271519.1,2273095.03,1575.93,2,0,4,0.135293,-2611.68
C002,2024-02-01,50701.83,113791.64,2273095.03,2210005.22,-63089.81,3,0,5,0.112795,88644.03
C002,2024-02-02,64066.37,11680.82,2210005.22,2262390.77,52385.55,4,1,6,0.094035,31788.8
C002,2024-02-03,57017.7,16633.97,2262390.77,2302774.5,40383.73,5,1,7,0.078391,-15910.2
C002,2024-02-04,35778.54,33189.74,2302774.5,2305363.3,2588.8,6,0,8,0.065342,-155441.63
C002,2024-02-05,41791.92,216051.49,2305363.3,2131103.73,-174259.57,0,0,9,0.054457,17023.91
C002,2024-02-06,30994.16,22592.78,2131103.73,2139505.11,8401.38,1,0,10,0.045373,28263.86
C002,2024-02-07,36189.58,35436.77,2139505.11,2140257.92,752.81,2,0,11,0.037787,68450.3
C002,2024-02-08,40761.21,22786.2,2140257.92,2158232.93,17975.01,3,0,12,0.031445,81795.4
C002,2024-02-09,50894.9,10951.45,2158232.93,2198176.38,39943.45,4,1,13,0.026133,19711.7
C002,2024-02-10,51785.85,38324.04,2198176.38,2211638.19,13461.81,5,1,14,0.021672,9746.15
C002,2024-02-11,36591.59,33219.05,2211638.19,2215010.73,3372.54,6,0,15,0.017906,17327.83
C002,2024-02-12,38818.66,29168.3,2215010.73,2224661.09,9650.36,0,0,16,0.014701,9928.01
C002,2024-02-13,38529.93,21696.01,2224661.09,2241495.01,16833.92,1,0,17,0.011939,14364.07
C002,2024-02-14,38712.59,31900.57,2241495.01,2248307.03,6812.02,2,0,18,0.00951,42488.93
C002,2024-02-15,37637.83,22361.76,2248307.03,2263583.1,15276.07,3,0,19,0.00731,54363.64
C002,2024-02-16,50508.0,10074.05,2263583.1,2304017.05,40433.95,4,1,20,0.00523,16107.02
C002,2024-02-17,47032.54,17110.59,2304017.05,2333939.0,29921.95,5,1,21,0.003154,-14482.47
C002,2024-02-18,32653.64,30627.08,2333939.0,2335965.56,2026.56,6,0,22,0.000946,-5083.67
C002,2024-02-19,41250.33,36156.26,2335965.56,2341059.63,5094.07,0,0,23,-0.001561,-5072.82
C002,2024-02-20,36184.94,25309.62,2341059.63,2351934.95,10875.32,1,0,24,-0.004581,4139.29
C002,2024-02-21,39560.82,31767.67,2351934.95,2359728.1,7793.15,2,0,25,-0.008396,36413.69
C002,2024-02-22,38142.26,23942.9,2359728.1,2373927.46,14199.36,3,0,26,-0.013387,50427.15
C002,2024-02-23,41329.06,11734.97,2373927.46,2403521.55,29594.09,4,1,27,-0.020076,30216.91
C002,2024-02-24,40154.87,18687.42,2403521.55,2424989.0,21467.45,5,1,28,-0.029179,8889.29
C002,2024-02-25,33702.06,34897.51,2424989.0,2423793.55,-1195.45,6,0,29,-0.041691,21968.72
C002,2024-02-26,36184.75,43233.92,2423793.55,2416744.38,-7049.17,0,0,30,-0.058991,-103219.91
C002,2024-02-27,42535.79,172397.0,2416744.38,2286883.17,-129861.21,1,0,0,0.279995,58173.79
C002,2024-02-28,46840.41,38224.07,2286883.17,2295499.51,8616.34,2,0,1,0.233443,96908.97
C002,2024-02-29,46574.42,23890.45,2295499.51,2318183.48,22683.97,3,0,2,0.19463,111240.57
C002,2024-03-01,53747.11,101447.24,2318183.48,2270483.35,-47700.13,4,1,3,0.162267,164845.79
C002,2024-03-02,47000.05,18834.15,2270483.35,2298649.25,28165.9,5,1,4,0.135283,52002.32
C002,2024-03-03,35066.6,39536.28,2298649.25,2294179.57,-4469.68,6,0,5,0.112781,72112.3
C002,2024-03-04,35366.57,42681.84,2294179.57,2286864.3,-7315.27,0,0,6,0.094016,79163.82
C002,2024-03-05,32457.77,169400.4,2286864.3,2149921.67,-136942.63,1,0,7,0.078364,243802.07
C002,2024-03-06,35153.92,36947.95,2149921.67,2148127.64,-1794.03,2,0,8,0.065305,162484.71
C002,2024-03-07,44434.78,24793.45,2148127.64,2167768.97,19641.33,3,0,9,0.054405,190231.09
C002,2024-03-08,51698.41,10759.16,2167768.97,2208708.22,40939.25,4,1,10,0.045301,157874.07
C002,2024-03-09,46729.07,15408.96,2208708.22,2240028.33,31320.11,5,1,11,0.037686,133629.07
C002,2024-03-10,31536.62,53676.87,2240028.33,2217888.08,-22140.25,6,0,12,0.031304,174370.08
C002,2024-03-11,39338.04,35841.78,2217888.08,2221384.34,3496.26,0,0,13,0.025936,144823.6
C002,2024-03-12,34674.13,23719.91,2221384.34,2232338.56,10954.22,1,0,14,0.021396,137105.98
C002,2024-03-13,36859.52,34608.98,2232338.56,2234589.1,2250.54,2,0,15,0.017521,160240.06
C002,2024-03-14,39365.22,18095.24,2234589.1,2255859.08,21269.98,3,0,16,0.014165,155723.33
C002,2024-03-15,45786.17,10849.29,2255859.08,2290795.96,34936.88,4,1,17,0.01119,113877.16
C002,2024-03-16,41309.17,14158.39,2290795.96,2317946.74,27150.78,5,1,18,0.008466,37645.23
C002,2024-03-17,30404.27,28226.94,2317946.74,2320124.07,2177.33,6,0,19,0.005852,41087.57
C002,2024-03-18,33048.01,33715.55,2320124.07,2319456.53,-667.54,0,0,20,0.003195,44611.54
C002,2024-03-19,31612.22,20186.86,2319456.53,2330881.89,11425.36,1,0,21,0.000314,51423.35
C002,2024-03-20,39008.94,33904.02,2330881.89,2335986.81,5104.92,2,0,22,-0.003017,77479.39
C002,2024-03-21,40750.01,20662.58,2335986.81,2356074.24,20087.43,3,0,23,-0.007092,-158792.19
C002,2024-03-22,49228.98,9161.43,2356074.24,2396141.79,40067.55,4,1,24,-0.012301,-194899.12
C002,2024-03-23,42014.82,13802.0,2396141.79,2424354.61,28212.82,5,1,25,-0.01917,-220882.8
C002,2024-03-24,35328.36,25944.51,2424354.61,2433738.46,9383.85,6,0,26,-0.028424,-221212.63
C002,2024-03-25,35098.17,34958.34,2433738.46,2433878.29,139.83,0,0,27,-0.041061,-213534.78
C002,2024-03-26,34420.09,22536.11,2433878.29,2445762.27,11883.98,1,0,28,-0.058466,-213357.55
C002,2024-03-27,50206.83,182444.63,2445762.27,2313524.47,-132237.8,2,0,0,0.279997,-49648.99
C002,2024-03-28,56106.4,24573.91,2313524.47,2345056.96,31532.49,3,0,1,0.233447,-190395.71
C002,2024-03-29,58169.68,10818.16,2345056.96,2392408.48,47351.52,4,1,2,0.194635,-225698.59
C002,2024-03-30,52599.1,15583.53,2392408.48,2429424.05,37015.57,5,1,3,0.162274,-255986.18
C002,2024-03-31,39207.85,33302.76,2429424.05,2435329.14,5905.09,6,0,4,0.135293,-251135.65
C002,2024-04-01,44768.44,129446.01,2435329.14,2350651.57,-84677.57,0,0,5,0.112795,-251734.1
C002,2024-04-02,39515.76,23875.46,2350651.57,2366291.87,15640.3,1,0,6,0.094035,-254140.87
C002,2024-04-03,40275.88,40539.63,2366291.87,2366028.12,-263.75,2,0,7,0.078391,-224995.76
C002,2024-04-04,55888.76,28193.14,2366028.12,2393723.74,27695.62,3,0,8,0.065342,-226704.52
C002,2024-04-05,69139.81,152251.2,2393723.74,2310612.35,-83111.39,4,1,9,0.054457,-284953.38
C002,2024-04-06,65097.47,17709.76,2310612.35,2358000.06,47387.71,5,1,10,0.045373,-334792.0
C002,2024-04-07,46561.07,37978.84,2358000.06,2366582.29,8582.23,6,0,11,0.037787,-340217.64
C002,2024-04-08,49155.32,42080.21,2366582.29,2373657.4,7075.11,0,0,12,0.031445,-346123.06
C002,2024-04-09,49835.07,31234.31,2373657.4,2392258.16,18600.76,1,0,13,0.026133,-347923.27
C002,2024-04-10,35027.14,61077.36,2392258.16,2366207.94,-26050.22,2,0,14,0.021672,-306083.2
C002,2024-04-11,31139.47,27902.87,2366207.94,2369444.54,3236.6,3,0,15,0.017906,-289886.73
C002,2024-04-12,36890.19,11505.57,2369444.54,2394829.16,25384.62,4,1,16,0.014701,-314380.76
C002,2024-04-13,32021.02,15267.77,2394829.16,2411582.41,16753.25,5,1,17,0.011939,-330422.01
C002,2024-04-14,23673.68,30582.97,2411582.41,2404673.12,-6909.29,6,0,18,0.00951,-314692.06
C002,2024-04-15,24920.7,74001.85,2404673.12,2355591.97,-49081.15,0,0,19,0.00731,-267080.64
C002,2024-04-16,25436.93,19817.26,2355591.97,2361211.64,5619.67,1,0,20,0.00523,-260000.34
C002,2024-04-17,28011.82,25155.39,2361211.64,2364068.07,2856.43,2,0,21,0.003154,-234204.21
C002,2024-04-18,35377.11,17139.94,2364068.07,2382305.24,18237.17,3,0,22,0.000946,-230149.3
C002,2024-04-19,39147.64,7986.68,2382305.24,2413466.2,31160.96,4,1,23,-0.001561,-258481.37
C002,2024-04-20,35627.37,251811.52,2413466.2,2197282.05,-216184.15,5,1,24,-0.004581,-41652.52
C002,2024-04-21,27400.91,23440.29,2197282.05,2201242.67,3960.62,6,0,25,-0.008396,-40818.67
C002,2024-04-22,29627.56,27398.42,2201242.67,2203471.81,2229.14,0,0,26,-0.013387,-42168.64
C002,2024-04-23,28896.11,19842.09,2203471.81,2212525.83,9054.02,1,0,27,-0.020076,-41025.87
C002,2024-04-24,33971.24,26153.56,2212525.83,2220343.51,7817.68,2,0,28,-0.029179,-22991.48
C002,2024-04-25,31553.68,19492.47,2220343.51,2232404.72,12061.21,3,0,29,-0.041691,-15679.41
C002,2024-04-26,39694.84,8224.08,2232404.72,2263875.48,31470.76,4,1,30,-0.058991,-46853.2
C002,2024-04-27,49701.14,158915.37,2263875.48,2154661.25,-109214.23,5,1,0,0.279996,-76574.0
C002,2024-04-28,39613.07,27564.43,2154661.25,2166709.89,12048.64,6,0,1,0.233445,-77124.24
C002,2024-04-29,37884.82,31156.84,2166709.89,2173437.87,6727.98,0,0,2,0.194633,-77630.38
C002,2024-04-30,33747.79,22992.17,2173437.87,2184193.49,10755.62,1,0,3,0.162272,-71033.53
C002,2024-05-01,36814.75,122090.77,2184193.49,2098917.47,-85276.02,2,0,4,0.135289,48857.51
C002,2024-05-02,35520.77,22287.24,2098917.47,2112151.0,13233.53,3,0,5,0.112789,-28417.94
C002,2024-05-03,38197.79,9316.43,2112151.0,2141032.36,28881.36,4,1,6,0.094027,-51759.11
C002,2024-05-04,38783.01,12796.15,2141032.36,2167019.22,25986.86,5,1,7,0.078379,-79439.17
C002,2024-05-05,29028.04,170388.29,2167019.22,2025658.97,-141360.25,6,0,8,0.065327,69324.87
C002,2024-05-06,26996.64,29447.55,2025658.97,2023208.06,-2450.91,0,0,9,0.054436,-68292.04
C002,2024-05-07,23873.93,20717.34,2023208.06,2026364.65,3156.59,1,0,10,0.045343,-62678.1
C002,2024-05-08,29641.21,28471.52,2026364.65,2027534.34,1169.69,2,0,11,0.037745,-42774.98
C002,2024-05-09,33862.28,17061.73,2027534.34,2044334.89,16800.55,3,0,12,0.031386,-39339.15
C002,2024-05-10,44759.19,28969.34,2044334.89,2060124.74,15789.85,4,1,13,0.026051,-54802.53
C002,2024-05-11,31500.41,12067.34,2060124.74,2079557.81,19433.07,5,1,14,0.021557,-100364.89
C002,2024-05-12,26355.54,25464.95,2079557.81,2080448.4,890.59,6,0,15,0.017745,-90767.21
C002,2024-05-13,27094.41,26382.41,2080448.4,2081160.4,712.0,0,0,16,0.014477,-84366.49
C002,2024-05-14,27580.43,18759.77,2081160.4,2089981.06,8820.66,1,0,17,0.011627,-78914.69
C002,2024-05-15,25627.54,27097.27,2089981.06,2088511.33,-1469.73,2,0,18,0.009074,-50353.72
C002,2024-05-16,30722.56,18022.59,2088511.33,2101211.3,12699.97,3,0,19,0.006701,-42126.54
C002,2024-05-17,36664.18,8011.62,2101211.3,2129863.86,28652.56,4,1,20,0.004381,-71005.72
C002,2024-05-18,34461.75,12169.67,2129863.86,2152155.94,22292.08,5,1,21,0.001969,-99461.86
C002,2024-05-19,25107.98,22279.09,2152155.94,2154984.83,2828.89,6,0,22,-0.000708,-101519.76
C002,2024-05-20,27002.41,26357.71,2154984.83,2155629.53,644.7,0,0,23,-0.00387,-101835.18
C002,2024-05-21,23247.63,18453.16,2155629.53,2160424.0,4794.47,1,0,24,-0.007803,-100051.46
C002,2024-05-22,24513.38,23634.21,2160424.0,2161303.17,879.17,2,0,25,-0.012893,-83012.59
C002,2024-05-23,26854.0,16657.21,2161303.17,2171499.96,10196.79,3,0,26,-0.019664,-72653.67
C002,2024-05-24,33046.31,7194.24,2171499.96,2197352.03,25852.07,4,1,27,-0.028836,-93845.23
C002,2024-05-25,29051.08,9677.8,2197352.03,2216725.31,19373.28,5,1,28,-0.041404,-112088.15
C002,2024-05-26,21138.47,20841.5,2216725.31,2217022.28,296.97,6,0,29,-0.058752,-106889.62
C002,2024-05-27,32043.51,170978.54,2217022.28,2078087.25,-138935.03,0,0,0,0.279997,32599.59
C002,2024-05-28,28993.95,17495.55,2078087.25,2089585.65,11498.4,1,0,1,0.233447,-113849.59
C002,2024-05-29,28389.84,22168.0,2089585.65,2095807.49,6221.84,2,0,2,0.194635,-90704.21
C002,2024-05-30,34229.47,16877.0,2095807.49,2113159.96,17352.47,3,0,3,0.162274,-82911.52
C002,2024-05-31,42407.38,7792.36,2113159.96,2147774.98,34615.02,4,1,4,0.135293,-114402.57
C002,2024-06-01,38572.84,102614.76,2147774.98,2083733.06,-64041.92,5,1,5,0.112795,-143049.25
C002,2024-06-02,26023.67,20483.48,2083733.06,2089273.25,5540.19,6,0,6,0.094035,-142295.12
C002,2024-06-03,26368.38,28061.58,2089273.25,2087580.05,-1693.2,0,0,7,0.078391,-141992.27
C002,2024-06-04,26857.69,19453.9,2087580.05,2094983.84,7403.79,1,0,8,0.065342,-137373.65
C002,2024-06-05,25360.23,165428.05,2094983.84,1954916.02,-140067.82,2,0,9,0.054457,-116837.0
C002,2024-06-06,25261.78,16491.25,1954916.02,1963686.55,8770.53,3,0,10,0.045373,-105941.17
C002,2024-06-07,29428.47,8355.66,1963686.55,1984759.36,21072.81,4,1,11,0.037787,-126897.11
C002,2024-06-08,31056.89,10820.51,1984759.36,2004995.74,20236.38,5,1,12,0.031445,-145915.54
C002,2024-06-09,21652.04,21325.57,2004995.74,2005322.21,326.47,6,0,13,0.026133,-139554.59
C002,2024-06-10,25768.32,51897.61,2005322.21,1979192.92,-26129.29,0,0,14,0.021672,-148625.55
C002,2024-06-11,27327.3,16839.03,1979192.92,1989681.19,10488.27,1,0,15,0.017906,-149170.54
C002,2024-06-12,29587.67,22474.95,1989681.19,1996793.91,7112.72,2,0,16,0.014701,-136210.07
C002,2024-06-13,29561.16,15288.7,1996793.91,2011066.37,14272.46,3,0,17,0.011939,-136903.71
C002,2024-06-14,35142.35,8051.11,2011066.37,2038157.61,27091.24,4,1,18,0.00951,-165941.94
C002,2024-06-15,31637.68,10710.53,2038157.61,2059084.76,20927.15,5,1,19,0.00731,-232776.84
C002,2024-06-16,20838.09,21064.71,2059084.76,2058858.14,-226.62,6,0,20,0.00523,-228877.44
C002,2024-06-17,17903.73,24067.79,2058858.14,2052694.08,-6164.06,0,0,21,0.003154,-222520.86
C002,2024-06-18,17734.7,16963.71,2052694.08,2053465.07,770.99,1,0,22,0.000946,-213912.15
C002,2024-06-19,18665.87,18336.59,2053465.07,2053794.35,329.28,2,0,23,-0.001561,-195464.41
C002,2024-06-20,21795.74,15217.55,2053794.35,2060372.54,6578.19,3,0,24,-0.004581,-398457.03
C002,2024-06-21,24786.29,6868.25,2060372.54,2078290.58,17918.04,4,1,25,-0.008396,-415733.89
C002,2024-06-22,29097.05,8541.34,2078290.58,2098846.29,20555.71,5,1,26,-0.013387,-434839.51
C002,2024-06-23,21397.2,16736.69,2098846.29,2103506.8,4660.51,6,0,27,-0.020076,-433425.45
C002,2024-06-24,20364.31,19233.95,2103506.8,2104637.16,1130.36,0,0,28,-0.029179,-435390.68
C002,2024-06-25,19297.22,13801.72,2104637.16,2110132.66,5495.5,1,0,29,-0.041691,-433516.7
C002,2024-06-26,21481.88,20927.7,2110132.66,2110686.84,554.18,2,0,30,-0.058991,-411188.82
C002,2024-06-27,27269.5,162220.28,2110686.84,1975736.06,-134950.78,3,0,0,0.279996,-399590.86
C002,2024-06-28,36531.22,7164.0,1975736.06,2005103.28,29367.22,4,1,1,0.233445,-425150.64
C002,2024-06-29,35356.79,10211.63,2005103.28,2030248.44,25145.16,5,1,2,0.194633,-447524.9
C002,2024-06-30,23849.9,20725.93,2030248.44,2033372.41,3123.97,6,0,3,0.162272,-442318.53
C002,2024-07-01,22349.02,115037.62,2033372.41,1940683.81,-92688.6,0,0,4,0.135289,-345111.84
C002,2024-07-02,22081.84,15787.52,1940683.81,1946978.13,6294.32,1,0,5,0.112789,-427221.11
C002,2024-07-03,22754.49,24144.84,1946978.13,1945587.78,-1390.35,2,0,6,0.094027,-396878.51
C002,2024-07-04,26725.48,14703.07,1945587.78,1957610.19,12022.41,3,0,7,0.078379,-388983.29
C002,2024-07-05,29979.26,149510.43,1957610.19,1838079.02,-119531.17,4,1,8,0.065327,-269126.82
C002,2024-07-06,30063.73,10397.37,1838079.02,1857745.38,19666.36,5,1,9,0.054436,-429320.62
C002,2024-07-07,19881.57,19764.7,1857745.38,1857862.25,116.87,6,0,10,0.045343,-420791.59
C002,2024-07-08,23737.55,22519.6,1857862.25,1859080.2,1217.95,0,0,11,0.037745,-425234.42
C002,2024-07-09,22975.62,16288.2,1859080.2,1865767.62,6687.42,1,0,12,0.031386,-419810.2
C002,2024-07-10,20625.45,55825.7,1865767.62,1830567.37,-35200.25,2,0,13,0.026051,-353419.32
C002,2024-07-11,24504.39,14561.11,1830567.37,1840510.65,9943.28,3,0,14,0.021557,-370491.65
C002,2024-07-12,27259.35,7186.16,1840510.65,1860583.84,20073.19,4,1,15,0.017745,-385939.82
C002,2024-07-13,23375.5,9796.68,1860583.84,1874162.66,13578.82,5,1,16,0.014477,-398337.13
C002,2024-07-14,18445.21,20392.2,1874162.66,1872215.67,-1946.99,6,0,17,0.011627,-392725.66
C002,2024-07-15,17957.48,63865.23,1872215.67,1826307.92,-45907.75,0,0,18,0.009074,-344455.73
C002,2024-07-16,17762.29,14089.51,1826307.92,1829980.7,3672.78,1,0,19,0.006701,-334178.43
C002,2024-07-17,20402.51,20209.99,1829980.7,1830173.22,192.52,2,0,20,0.004381,-301964.18
C002,2024-07-18,22929.93,13550.23,1830173.22,1839552.92,9379.7,3,0,21,0.001969,-285194.5
C002,2024-07-19,25554.25,6777.23,1839552.92,1858329.94,18777.02,4,1,22,-0.000708,-303293.59
C002,2024-07-20,25543.06,221957.49,1858329.94,1661915.51,-196414.43,5,1,23,-0.00387,-110739.81
C002,2024-07-21,19609.9,18968.72,1661915.51,1662556.69,641.18,6,0,24,-0.007803,-103856.82
C002,2024-07-22,20746.74,19296.65,1662556.69,1664006.78,1450.09,0,0,25,-0.012893,-106779.57
C002,2024-07-23,20597.45,14522.88,1664006.78,1670081.35,6074.57,1,0,26,-0.019664,-94865.69
C002,2024-07-24,19470.34,20305.21,1670081.35,1669246.48,-834.87,2,0,27,-0.028836,-61169.4
C002,2024-07-25,21591.49,14222.01,1669246.48,1676615.96,7369.48,3,0,28,-0.041404,-44078.6
C002,2024-07-26,28590.36,5708.3,1676615.96,1699498.02,22882.06,4,1,29,-0.058752,-62413.01
C002,2024-07-27,36881.58,160234.4,1699498.02,1576145.2,-123352.82,5,1,0,0.279997,60942.21
C002,2024-07-28,23441.69,19634.25,1576145.2,1579952.64,3807.44,6,0,1,0.233447,-67755.38
C002,2024-07-29,24365.21,21594.31,1579952.64,1582723.54,2770.9,0,0,2,0.194635,-60318.77
C002,2024-07-30,23938.3,15607.96,1582723.54,1591053.88,8330.34,1,0,3,0.162274,-47780.62
C002,2024-07-31,27538.82,23020.73,1591053.88,1595571.97,4518.09,2,0,4,0.135293,-14473.18
C002,2024-08-01,30064.41,105879.36,1595571.97,1519757.02,-75814.95,3,0,5,0.112795,96648.29
C002,2024-08-02,36339.64,7387.39,1519757.02,1548709.27,28952.25,4,1,6,0.094035,-15095.61
C002,2024-08-03,31710.04,11792.41,1548709.27,1568626.9,19917.63,5,1,7,0.078391,-34099.37
C002,2024-08-04,25491.64,25166.34,1568626.9,1568952.2,325.3,6,0,8,0.065342,-24275.72
C002,2024-08-05,26361.83,166889.27,1568952.2,1428424.76,-140527.44,0,0,9,0.054457,122087.04
C002,2024-08-06,25926.59,17280.69,1428424.76,1437070.66,8645.9,1,0,10,0.045373,-8489.81
C002,2024-08-07,25273.73,28498.61,1437070.66,1433845.78,-3224.88,2,0,11,0.037787,31794.86
C002,2024-08-08,28562.34,16450.7,1433845.78,1445957.42,12111.64,3,0,12,0.031445,51347.81
C002,2024-08-09,39354.98,8164.35,1445957.42,1477148.05,31190.63,4,1,13,0.026133,16087.39
C002,2024-08-10,36123.62,43252.67,1477148.05,1470019.0,-7129.05,5,1,14,0.021672,11823.23
C002,2024-08-11,28318.94,23693.92,1470019.0,1474644.02,4625.02,6,0,15,0.017906,-9225.1
C002,2024-08-12,27621.98,26440.47,1474644.02,1475825.53,1181.51,0,0,16,0.014701,-10587.17
C002,2024-08-13,27425.96,23761.48,1475825.53,1479490.01,3664.48,1,0,17,0.011939,-3309.63
C002,2024-08-14,30873.51,28511.33,1479490.01,1481852.19,2362.18,2,0,18,0.00951,29196.15
C002,2024-08-15,34499.72,20549.64,1481852.19,1495802.27,13950.08,3,0,19,0.00731,37542.83
C002,2024-08-16,42293.02,9886.25,1495802.27,1528209.04,32406.77,4,1,20,0.00523,3652.32
C002,2024-08-17,40159.7,14010.32,1528209.04,1554358.42,26149.38,5,1,21,0.003154,-26730.4
C002,2024-08-18,26903.16,26225.23,1554358.42,1555036.35,677.93,6,0,22,0.000946,-22302.7
C002,2024-08-19,28231.84,32092.49,1555036.35,1551175.7,-3860.65,0,0,23,-0.001561,-21823.07
C002,2024-08-20,29587.62,22063.45,1551175.7,1558699.87,7524.17,1,0,24,-0.004581,-13321.84
C002,2024-08-21,32268.2,33740.86,1558699.87,1557227.21,-1472.66,2,0,25,-0.008396,20975.21
C002,2024-08-22,37376.31,19387.86,1557227.21,1575215.66,17988.45,3,0,26,-0.013387,42269.41
C002,2024-08-23,41927.42,9066.0,1575215.66,1608077.08,32861.42,4,1,27,-0.020076,16928.55
C002,2024-08-24,38410.85,13950.57,1608077.08,1632537.36,24460.28,5,1,28,-0.029179,2399.17
C002,2024-08-25,30975.25,26427.6,1632537.36,1637085.01,4547.65,6,0,29,-0.041691,12393.61
C002,2024-08-26,33392.95,33390.55,1637085.01,1637087.41,2.4,0,0,30,-0.058991,13078.4
C002,2024-08-27,43688.41,168578.56,1637087.41,1512197.26,-124890.15,1,0,0,0.279997,150084.58
C002,2024-08-28,42502.87,32295.36,1512197.26,1522404.77,10207.51,2,0,1,0.233447,45387.69
C002,2024-08-29,43619.45,22750.96,1522404.77,1543273.26,20868.49,3,0,2,0.194635,68688.1
C002,2024-08-30,47369.25,9543.72,1543273.26,1581098.79,37825.53,4,1,3,0.162274,37747.85
C002,2024-08-31,49960.81,14654.29,1581098.79,1616405.31,35306.52,5,1,4,0.135293,-504.55
C002,2024-09-01,37126.82,119918.47,1616405.31,1533613.66,-82791.65,6,0,5,0.112795,2815.47
C002,2024-09-02,35167.76,34253.89,1533613.66,1534527.53,913.87,0,0,6,0.094035,3272.46
C002,2024-09-03,36173.68,26024.73,1534527.53,1544676.48,10148.95,1,0,7,0.078391,9890.47
C002,2024-09-04,40990.65,35155.33,1544676.48,1550511.8,5835.32,2,0,8,0.065342,51201.97
C002,2024-09-05,43271.96,165202.91,1550511.8,1428580.85,-121930.95,3,0,9,0.054457,72073.97
C002,2024-09-06,47803.85,10744.06,1428580.85,1465640.64,37059.79,4,1,10,0.045373,37020.94
C002,2024-09-07,47708.09,16043.5,1465640.64,1497305.23,31664.59,5,1,11,0.037787,4493.38
C002,2024-09-08,30016.06,34085.85,1497305.23,1493235.44,-4069.79,6,0,12,0.031445,22204.06
C002,2024-09-09,30092.8,41486.01,1493235.44,1481842.23,-11393.21,0,0,13,0.026133,36182.23
C002,2024-09-10,30030.85,46454.16,1481842.23,1465418.92,-16423.31,1,0,14,0.021672,54349.41
C002,2024-09-11,33416.73,33597.29,1465418.92,1465238.36,-180.56,2,0,15,0.017906,92764.88
C002,2024-09-12,37064.96,26122.94,1465238.36,1476180.38,10942.02,3,0,16,0.014701,116948.85
C002,2024-09-13,45760.06,10892.1,1476180.38,1511048.34,34867.96,4,1,17,0.011939,89553.43
C002,2024-09-14,37217.54,14920.78,1511048.34,1533345.1,22296.76,5,1,18,0.00951,65335.86
C002,2024-09-15,29942.22,31425.96,1533345.1,1531861.36,-1483.74,6,0,19,0.00731,31236.28
C002,2024-09-16,31854.75,36088.09,1531861.36,1527628.02,-4233.34,0,0,20,0.00523,43419.56
C002,2024-09-17,28715.12,23609.49,1527628.02,1532733.65,5105.63,1,0,21,0.003154,58183.59
C002,2024-09-18,32257.55,35638.57,1532733.65,1529352.63,-3381.02,2,0,22,0.000946,95319.4
C002,2024-09-19,35810.38,19784.98,1529352.63,1545378.03,16025.4,3,0,23,-0.001561,108662.0
C002,2024-09-20,42487.33,9662.94,1545378.03,1578202.42,32824.39,4,1,24,-0.004581,78065.94
C002,2024-09-21,51586.51,12303.86,1578202.42,1617485.07,39282.65,5,1,25,-0.008396,36773.72
C002,2024-09-22,33371.08,25850.52,1617485.07,1625005.63,7520.56,6,0,26,-0.013387,41840.15
C002,2024-09-23,41617.1,31686.2,1625005.63,1634936.53,9930.9,0,0,27,-0.020076,37036.37
C002,2024-09-24,37322.63,22780.54,1634936.53,1649478.62,14542.09,1,0,28,-0.029179,39214.33
C002,2024-09-25,32701.55,32014.36,1649478.62,1650165.81,687.19,2,0,29,-0.041691,78196.77
C002,2024-09-26,34262.12,22146.09,1650165.81,1662281.84,12116.03,3,0,30,-0.058991,98641.71
C002,2024-09-27,61418.81,155908.19,1662281.84,1567792.46,-94489.38,4,1,0,0.279996,68837.48
C002,2024-09-28,60104.92,15936.02,1567792.46,1611961.36,44168.9,5,1,1,0.233445,33130.54
C002,2024-09-29,38197.8,31312.52,1611961.36,1618846.64,6885.28,6,0,2,0.194633,41011.66
C002,2024-09-30,36081.95,39027.83,1618846.64,1615900.76,-2945.88,0,0,3,0.162272,52288.2
C002,2024-10-01,37155.76,116627.39,1615900.76,1536429.13,-79471.63,1,0,4,0.135289,158105.18
C002,2024-10-02,35844.39,34473.53,1536429.13,1537799.99,1370.86,2,0,5,0.112789,114735.56
C002,2024-10-03,40289.38,23522.42,1537799.99,1554566.95,16766.96,3,0,6,0.094027,133200.44
C002,2024-10-04,57005.07,9858.25,1554566.95,1601713.77,47146.82,4,1,7,0.078379,90944.97
C002,2024-10-05,54274.85,155333.8,1601713.77,1500654.82,-101058.95,5,1,8,0.065327,194559.13
C002,2024-10-06,37489.34,35482.58,1500654.82,1502661.58,2006.76,6,0,9,0.054436,60678.02
C002,2024-10-07,36305.1,37168.07,1502661.58,1501798.61,-862.97,0,0,10,0.045343,63419.28
C002,2024-10-08,35391.37,21750.48,1501798.61,1515439.5,13640.89,1,0,11,0.037745,60873.27
C002,2024-10-09,40590.79,38005.83,1515439.5,1518024.46,2584.96,2,0,12,0.031386,98292.7
C002,2024-10-10,42573.18,40829.31,1518024.46,1519768.33,1743.87,3,0,13,0.026051,130142.52
C002,2024-10-11,47628.34,9393.43,1519768.33,1558003.24,38234.91,4,1,14,0.021557,77735.66
C002,2024-10-12,48609.25,13483.26,1558003.24,1593129.23,35125.99,5,1,15,0.017745,46651.85
C002,2024-10-13,36299.49,28826.95,1593129.23,1600601.77,7472.54,6,0,16,0.014477,56368.97
C002,2024-10-14,35826.14,37746.95,1600601.77,1598680.96,-1920.81,0,0,17,0.011627,65135.86
C002,2024-10-15,32928.71,68512.03,1598680.96,1563097.64,-35583.32,1,0,18,0.009074,123317.64
C002,2024-10-16,37488.71,29538.77,1563097.64,1571047.58,7949.94,2,0,19,0.006701,154360.11
C002,2024-10-17,42326.64,22456.98,1571047.58,1590917.24,19869.66,3,0,20,0.004381,167760.53
C002,2024-10-18,45452.78,11697.99,1590917.24,1624672.03,33754.79,4,1,21,0.001969,138129.36
C002,2024-10-19,42850.24,13482.24,1624672.03,1654040.03,29368.0,5,1,22,-0.000708,115367.86
C002,2024-10-20,31892.96,29664.63,1654040.03,1656268.36,2228.33,6,0,23,-0.00387,124966.26
C002,2024-10-21,32362.32,34371.89,1656268.36,1654258.79,-2009.57,0,0,24,-0.007803,129495.14
C002,2024-10-22,34167.67,21580.68,1654258.79,1666845.78,12586.99,1,0,25,-0.012893,140108.54
C002,2024-10-23,34657.36,29530.24,1666845.78,1671972.9,5127.12,2,0,26,-0.019664,175364.92
C002,2024-10-24,38791.91,22071.86,1671972.9,1688692.95,16720.05,3,0,27,-0.028836,191032.06
C002,2024-10-25,48555.5,8885.87,1688692.95,1728362.58,39669.63,4,1,28,-0.041404,161012.5
C002,2024-10-26,47275.14,14714.17,1728362.58,1760923.55,32560.97,5,1,29,-0.058752,138228.94
C002,2024-10-27,48649.46,172943.07,1760923.55,1636629.94,-124293.61,6,0,0,0.279997,273515.69
C002,2024-10-28,45108.5,36646.54,1636629.94,1645091.9,8461.96,0,0,1,0.233447,134317.84
C002,2024-10-29,39722.62,24956.22,1645091.9,1659858.3,14766.4,1,0,2,0.194635,154264.64
C002,2024-10-30,43918.43,35587.77,1659858.3,1668188.96,8330.66,2,0,3,0.162274,188414.59
C002,2024-10-31,48312.23,21966.88,1668188.96,1694534.31,26345.35,3,0,4,0.135293,197294.28
C002,2024-11-01,58556.35,100555.11,1694534.31,1652535.55,-41998.76,4,1,5,0.112795,151205.51
C002,2024-11-02,51790.1,16558.26,1652535.55,1687767.39,35231.84,5,1,6,0.094035,116512.6
C002,2024-11-03,38197.14,33305.79,1687767.39,1692658.74,4891.35,6,0,7,0.078391,120099.01
C002,2024-11-04,38642.95,36087.74,1692658.74,1695213.95,2555.21,0,0,8,0.065342,125005.37
C002,2024-11-05,36705.9,168580.25,1695213.95,1563339.6,-131874.35,1,0,9,0.054457,136763.46
C002,2024-11-06,37312.68,35434.39,1563339.6,1565217.89,1878.29,2,0,10,0.045373,185811.15
C002,2024-11-07,35671.44,24576.56,1565217.89,1576312.77,11094.88,3,0,11,0.037787,210541.69
C002,2024-11-08,49270.91,9266.52,1576312.77,1616317.16,40004.39,4,1,12,0.031445,170253.09
C002,2024-11-09,47857.7,14264.01,1616317.16,1649910.85,33593.69,5,1,13,0.026133,136869.95
C002,2024-11-10,34806.61,48978.56,1649910.85,1635738.9,-14171.95,6,0,14,0.021672,143339.44
C002,2024-11-11,39424.9,35382.72,1635738.9,1639781.08,4042.18,0,0,15,0.017906,147886.02
C002,2024-11-12,39645.04,22455.38,1639781.08,1656970.74,17189.66,1,0,16,0.014701,153226.56
C002,2024-11-13,40804.19,33958.11,1656970.74,1663816.82,6846.08,2,0,17,0.011939,188899.3
C002,2024-11-14,44412.46,21814.0,1663816.82,1686415.28,22598.46,3,0,18,0.00951,196889.64
C002,2024-11-15,49363.28,10370.87,1686415.28,1725407.69,38992.41,4,1,19,0.00731,162075.89
C002,2024-11-16,49185.34,15915.26,1725407.69,1758677.77,33270.08,5,1,20,0.00523,133024.56
C002,2024-11-17,33220.4,29096.78,1758677.77,1762801.39,4123.62,6,0,21,0.003154,144357.75
C002,2024-11-18,39735.99,33129.49,1762801.39,1769407.89,6606.5,0,0,22,0.000946,148756.37
C002,2024-11-19,34566.55,22739.82,1769407.89,1781234.62,11826.73,1,0,23,-0.001561,157877.41
C002,2024-11-20,39103.17,36583.86,1781234.62,1783753.93,2519.31,2,0,24,-0.004581,201098.58
C002,2024-11-21,44725.61,21525.22,1783753.93,1806954.32,23200.39,3,0,25,-0.008396,214664.93
C002,2024-11-22,51044.01,10660.51,1806954.32,1847337.82,40383.5,4,1,26,-0.013387,180834.53
C002,2024-11-23,47523.9,15136.71,1847337.82,1879725.01,32387.19,5,1,27,-0.020076,152254.75
C002,2024-11-24,35967.19,26317.12,1879725.01,1889375.08,9650.07,6,0,28,-0.029179,154534.66
C002,2024-11-25,43670.55,33893.14,1889375.08,1899152.49,9777.41,0,0,29,-0.041691,124838.65
C002,2024-11-26,34099.17,23106.03,1899152.49,1910145.63,10993.14,1,0,30,-0.058991,133020.24
C002,2024-11-27,51806.93,182542.82,1910145.63,1779409.74,-130735.89,2,0,0,0.279996,169437.4
C002,2024-11-28,57701.59,22988.39,1779409.74,1814122.94,34713.2,3,0,1,0.233445,185922.04
C002,2024-11-29,53760.18,11279.57,1814122.94,1856603.55,42480.61,4,1,2,0.194633,149358.54
C002,2024-11-30,52612.7,17387.66,1856603.55,1891828.59,35225.04,5,1,3,0.162272,122968.18
C002,2024-12-01,35008.38,123095.91,1891828.59,1803741.06,-88087.53,6,0,4,0.135289,203792.18
C002,2024-12-02,38054.12,37515.19,1803741.06,1804279.99,538.93,0,0,5,0.112789,109340.03
C002,2024-12-03,35659.26,27181.5,1804279.99,1812757.75,8477.76,1,0,6,0.094027,124075.25
C002,2024-12-04,41924.06,34462.49,1812757.75,1820219.32,7461.57,2,0,7,0.078379,158855.3
C002,2024-12-05,45877.54,165993.8,1820219.32,1700103.06,-120116.26,3,0,8,0.065327,318675.47
C002,2024-12-06,61475.64,10549.66,1700103.06,1751029.04,50925.98,4,1,9,0.054436,139824.54
C002,2024-12-07,50720.59,14895.17,1751029.04,1786854.46,35825.42,5,1,10,0.045343,102840.19
C002,2024-12-08,33801.66,34085.87,1786854.46,1786570.25,-284.21,6,0,11,0.037745,112177.6
C002,2024-12-09,40006.83,39796.28,1786570.25,1786780.8,210.55,0,0,12,0.031386,113342.5
C002,2024-12-10,35784.68,43487.14,1786780.8,1779078.34,-7702.46,1,0,13,0.026051,139010.6
C002,2024-12-11,41676.93,33088.17,1779078.34,1787667.1,8588.76,2,0,14,0.021557,144869.66
C002,2024-12-12,45528.38,22998.18,1787667.1,1810197.3,22530.2,3,0,15,0.017745,159246.03
C002,2024-12-13,52237.77,9718.95,1810197.3,1852716.12,42518.82,4,1,16,0.014477,127666.31
C002,2024-12-14,45983.81,15395.01,1852716.12,1883304.92,30588.8,5,1,17,0.011627,103362.68
C002,2024-12-15,32991.3,28812.64,1883304.92,1887483.58,4178.66,6,0,18,0.009074,115084.79
C002,2024-12-16,38711.06,34492.31,1887483.58,1891702.33,4218.75,0,0,19,0.006701,73592.24
C002,2024-12-17,39028.02,23571.21,1891702.33,1907159.14,15456.81,1,0,20,0.004381,76456.29
C002,2024-12-18,43103.65,32098.53,1907159.14,1918164.26,11005.12,2,0,21,0.001969,102797.08
C002,2024-12-19,44503.57,23555.8,1918164.26,1939112.03,20947.77,3,0,22,-0.000708,116878.48
C002,2024-12-20,55975.85,10235.37,1939112.03,1984852.51,45740.48,4,1,23,-0.00387,73020.14
C002,2024-12-21,50971.14,14204.4,1984852.51,2021619.25,36766.74,5,1,24,-0.007803,40387.92
C002,2024-12-22,35927.22,29374.12,2021619.25,2028172.35,6553.1,6,0,25,-0.012893,49643.54
C002,2024-12-23,39331.98,35524.57,2028172.35,2031979.76,3807.41,0,0,26,-0.019664,55368.84
C002,2024-12-24,37927.15,25997.17,2031979.76,2043909.74,11929.98,1,0,27,-0.028836,67930.03
C002,2024-12-25,38833.15,58751.75,2043909.74,2023991.14,-19918.6,2,0,28,-0.041404,130986.18
C002,2024-12-26,42144.96,22970.23,2023991.14,2043165.87,19174.73,3,0,29,-0.058752,146295.39
C002,2024-12-27,60779.95,155098.68,2043165.87,1948847.14,-94318.73,4,1,0,0.279997,243051.53
C002,2024-12-28,66281.95,15084.11,1948847.14,2000044.98,51197.84,5,1,1,0.233447,45841.28
C002,2024-12-29,40599.92,34682.81,2000044.98,2005962.09,5917.11,6,0,2,0.194635,59532.02
C002,2024-12-30,49135.82,40301.14,2005962.09,2014796.77,8834.68,0,0,3,0.162274,55174.14
C002,2024-12-31,44604.85,51868.38,2014796.77,2007533.24,-7263.53,1,0,4,0.135293,80345.46
C002,2025-01-01,41408.89,135322.11,2007533.24,1913620.02,-93913.22,2,0,5,0.112795,220705.76
C002,2025-01-02,48358.31,25145.33,1913620.02,1936833.0,23212.98,3,0,6,0.094035,137106.92
C002,2025-01-03,54160.42,11918.8,1936833.0,1979074.62,42241.62,4,1,7,0.078391,97173.48
C002,2025-01-04,56135.76,16431.85,1979074.62,2018778.53,39703.91,5,1,8,0.065342,57471.17
C002,2025-01-05,41790.34,169715.29,2018778.53,1890853.58,-127924.95,6,0,9,0.054457,201777.47
C002,2025-01-06,42575.44,43734.37,1890853.58,1889694.65,-1158.93,0,0,10,0.045373,36139.73
C002,2025-01-07,35855.79,26802.59,1889694.65,1898747.85,9053.2,1,0,11,0.037787,42052.02
C002,2025-01-08,39430.15,38054.7,1898747.85,1900123.3,1375.45,2,0,12,0.031445,79662.14
C002,2025-01-09,42404.43,24438.79,1900123.3,1918088.94,17965.64,3,0,13,0.026133,93147.11
C002,2025-01-10,46901.64,32453.82,1918088.94,1932536.76,14447.82,4,1,14,0.021672,83259.23
C002,2025-01-11,50932.32,14025.75,1932536.76,1969443.33,36906.57,5,1,15,0.017906,23911.97
C002,2025-01-12,41374.94,30435.84,1969443.33,1980382.43,10939.1,6,0,16,0.014701,25157.28
C002,2025-01-13,40163.28,33878.11,1980382.43,1986667.6,6285.17,0,0,17,0.011939,22024.66
C002,2025-01-14,38275.58,22374.81,1986667.6,2002568.37,15900.77,1,0,18,0.00951,21017.62
C002,2025-01-15,40758.04,78031.84,2002568.37,1965294.57,-37273.8,2,0,19,0.00731,103798.58
C002,2025-01-16,41656.78,23335.92,1965294.57,1983615.43,18320.86,3,0,20,0.00523,120265.98
C002,2025-01-17,48835.27,11489.36,1983615.43,2020961.34,37345.91,4,1,21,0.003154,75027.83
C002,2025-01-18,49718.17,14689.0,2020961.34,2055990.51,35029.17,5,1,22,0.000946,25529.0
C002,2025-01-19,32220.08,30337.94,2055990.51,2057872.65,1882.14,6,0,23,-0.001561,29454.71
C002,2025-01-20,38090.38,33955.86,2057872.65,2062007.17,4134.52,0,0,24,-0.004581,20716.67
C002,2025-01-21,38755.38,22946.66,2062007.17,2077815.89,15808.72,1,0,25,-0.008396,19327.23
C002,2025-01-22,42747.5,33214.79,2077815.89,2087348.6,9532.71,2,0,26,-0.013387,46088.43
C002,2025-01-23,46959.56,22468.39,2087348.6,2111839.77,24491.17,3,0,27,-0.020076,43226.72
C002,2025-01-24,54025.97,10888.42,2111839.77,2154977.32,43137.55,4,1,28,-0.029179,3999.33
C002,2025-01-25,49619.58,15135.64,2154977.32,2189461.26,34483.94,5,1,29,-0.041691,-37749.2
C002,2025-01-26,33446.3,31008.89,2189461.26,2191898.67,2437.41,6,0,30,-0.058991,-27622.7
C002,2025-01-27,45846.21,191858.62,2191898.67,2045886.26,-146012.41,0,0,0,0.279997,113018.72
C002,2025-01-28,42049.34,22441.49,2045886.26,2065494.11,19607.85,1,0,1,0.233447,-33017.17
C002,2025-01-29,43565.88,39089.08,2065494.11,2069970.91,4476.8,2,0,2,0.194635,12588.78
C002,2025-01-30,42945.35,25037.56,2069970.91,2087878.7,17907.79,3,0,3,0.162274,-56169.65
C002,2025-01-31,58158.63,11711.55,2087878.7,2134325.78,46447.08,4,1,4,0.135293,-98413.37
C002,2025-02-01,50950.89,111336.75,2134325.78,2073939.92,-60385.86,5,1,5,0.112795,-35356.72
C002,2025-02-02,38029.23,35721.05,2073939.92,2076248.1,2308.18,6,0,6,0.094035,-26408.97
C002,2025-02-03,43092.3,43090.7,2076248.1,2076249.7,1.6,0,0,7,0.078391,-157311.78
C002,2025-02-04,40649.34,24267.99,2076249.7,2092631.05,16381.35,1,0,8,0.065342,-155433.21
C002,2025-02-05,39216.69,206013.36,2092631.05,1925834.38,-166796.67,2,0,9,0.054457,46490.88
C002,2025-02-06,39339.95,24374.46,1925834.38,1940799.87,14965.49,3,0,10,0.045373,63630.79
C002,2025-02-07,50676.46,11690.89,1940799.87,1979785.44,38985.57,4,1,11,0.037787,28331.13
C002,2025-02-08,48817.91,17367.3,1979785.44,2011236.05,31450.61,5,1,12,0.031445,-20217.99
C002,2025-02-09,35939.4,31379.46,2011236.05,2015795.99,4559.94,6,0,13,0.026133,-8195.75
C002,2025-02-10,38408.92,60849.61,2015795.99,1993355.3,-22440.69,0,0,14,0.021672,20929.2
C002,2025-02-11,38063.89,25879.48,1993355.3,2005539.71,12184.41,1,0,15,0.017906,35466.07
C002,2025-02-12,42355.84,39203.29,2005539.71,2008692.26,3152.55,2,0,16,0.014701,72963.13
C002,2025-02-13,41697.2,26803.47,2008692.26,2023585.99,14893.73,3,0,17,0.011939,98521.89
C002,2025-02-14,56967.54,11460.38,2023585.99,2069093.15,45507.16,4,1,18,0.00951,59746.01
C002,2025-02-15,55011.31,20223.05,2069093.15,2103881.41,34788.26,5,1,19,0.00731,30831.49
C002,2025-02-16,31609.59,39501.83,2103881.41,2095989.17,-7892.24,6,0,20,0.00523,48894.48
C002,2025-02-17,34772.55,49242.21,2095989.17,2081519.51,-14469.66,0,0,21,0.003154,63675.66
C002,2025-02-18,34185.82,28377.97,2081519.51,2087327.36,5807.85,1,0,22,0.000946,77068.49
C002,2025-02-19,34184.8,38788.32,2087327.36,2082723.84,-4603.52,2,0,23,-0.001561,119827.18
C002,2025-02-20,40822.72,26403.44,2082723.84,2097143.12,14419.28,3,0,24,-0.004581,141673.58
C002,2025-02-21,49051.09,12757.18,2097143.12,2133437.03,36293.91,4,1,25,-0.008396,108802.88
C002,2025-02-22,39217.01,17587.55,2133437.03,2155066.49,21629.46,5,1,26,-0.013387,96133.89
C002,2025-02-23,33916.02,30005.86,2155066.49,2158976.65,3910.16,6,0,27,-0.020076,111722.74
C002,2025-02-24,34207.33,41471.92,2158976.65,2151712.06,-7264.59,0,0,28,-0.029179,133278.91
C002,2025-02-25,33475.53,20911.62,2151712.06,2164275.97,12563.91,1,0,29,-0.041691,12381.2
C002,2025-02-26,30268.91,35639.9,2164275.97,2158904.98,-5370.99,2,0,30,-0.058991,94175.7
C002,2025-02-27,51982.17,178410.21,2158904.98,2032476.94,-126428.04,3,0,0,0.279993,283154.55
C002,2025-02-28,60695.24,10612.49,2032476.94,2082559.69,50082.75,4,1,1,0.23344,238173.02
C002,2025-03-01,59841.97,110692.61,2082559.69,2031709.05,-50850.64,5,1,2,0.194626,272759.93
C002,2025-03-02,36861.52,32658.16,2031709.05,2035912.41,4203.36,6,0,3,0.162262,174765.18
C002,2025-03-03,37930.98,35260.19,2035912.41,2038583.2,2670.79,0,0,4,0.135275,158090.88
C002,2025-03-04,38094.17,26838.24,2038583.2,2049839.13,11255.93,1,0,5,0.11277,152720.13
C002,2025-03-05,41638.94,172540.15,2049839.13,1918937.92,-130901.21,2,0,6,0.094,318687.93
C002,2025-03-06,43524.94,25265.02,1918937.92,1937197.84,18259.92,3,0,7,0.078342,196382.64
C002,2025-03-07,47010.34,11882.92,1937197.84,1972325.26,35127.42,4,1,8,0.065275,163442.1
C002,2025-03-08,48452.93,16347.53,1972325.26,2004430.66,32105.4,5,1,9,0.054363,131552.11
C002,2025-03-09,35171.51,31485.6,2004430.66,2008116.57,3685.91,6,0,10,0.045242,139774.94
C002,2025-03-10,38666.69,55765.2,2008116.57,1991018.06,-17098.51,0,0,11,0.037603,156852.25
C002,2025-03-11,40493.11,23910.93,1991018.06,2007600.24,16582.18,1,0,12,0.031189,131349.39
C002,2025-03-12,40305.67,33621.41,2007600.24,2014284.5,6684.26,2,0,13,0.025776,157231.35
C002,2025-03-13,48417.32,21696.04,2014284.5,2041005.78,26721.28,3,0,14,0.021173,157873.32
C002,2025-03-14,51162.5,10512.89,2041005.78,2081655.39,40649.61,4,1,15,0.017209,118775.28
C002,2025-03-15,56965.91,16513.42,2081655.39,2122107.88,40452.49,5,1,16,0.013729,80494.71
C002,2025-03-16,39772.53,33041.25,2122107.88,2128839.16,6731.28,6,0,17,0.010582,31483.55
C002,2025-03-17,43617.04,37743.3,2128839.16,2134712.9,5873.74,0,0,18,0.007616,23896.46
C002,2025-03-18,36863.33,26692.58,2134712.9,2144883.65,10170.75,1,0,19,0.004666,24536.33
C002,2025-03-19,38009.03,37697.51,2144883.65,2145195.17,311.52,2,0,20,0.001541,61844.12
C002,2025-03-20,41692.76,22492.08,2145195.17,2164395.85,19200.68,3,0,21,-0.001995,66938.81
C002,2025-03-21,49050.32,10895.15,2164395.85,2202551.02,38155.17,4,1,22,-0.00624,-93260.25
C002,2025-03-22,51711.6,15445.92,2202551.02,2238816.7,36265.68,5,1,23,-0.01159,-129894.81
C002,2025-03-23,35998.32,32575.11,2238816.7,2242239.91,3423.21,6,0,24,-0.018577,-125574.28
C002,2025-03-24,42669.11,33708.64,2242239.91,2251200.38,8960.47,0,0,25,-0.02793,-135902.17
C002,2025-03-25,44323.38,24824.37,2251200.38,2270699.39,19499.01,1,0,26,-0.040649,-143734.04
C002,2025-03-26,47954.14,33662.56,2270699.39,2284990.97,14291.58,2,0,27,-0.058122,-129778.49
C002,2025-03-27,69350.61,177684.41,2284990.97,2176657.17,-108333.8,3,0,0,0.279997,1760.68
C002,2025-03-28,88838.63,12415.12,2176657.17,2253080.68,76423.51,4,1,1,0.233447,-218310.68
C002,2025-03-29,79933.16,17382.35,2253080.68,2315631.49,62550.81,5,1,2,0.194635,-277374.32
C002,2025-03-30,46620.61,41519.39,2315631.49,2320732.71,5101.22,6,0,3,0.162274,-269015.3
C002,2025-03-31,30582.6,46846.33,2320732.71,2304468.98,-16263.73,0,0,4,0.135293,-245938.65
C002,2025-04-01,31707.81,125499.2,2304468.98,2210677.59,-93791.39,1,0,5,0.112795,-235365.73
C002,2025-04-02,31567.92,45571.43,2210677.59,2196674.08,-14003.51,2,0,6,0.094035,-188483.89
C002,2025-04-03,33839.57,27954.39,2196674.08,2202559.26,5885.18,3,0,7,0.078391,-171205.11
C002,2025-04-04,47083.28,12016.69,2202559.26,2237625.85,35066.59,4,1,8,0.065342,-208723.85
C002,2025-04-05,44145.17,148190.54,2237625.85,2133580.48,-104045.37,5,1,9,0.054457,-239779.57
C002,2025-04-06,32262.54,30075.66,2133580.48,2135767.36,2186.88,6,0,10,0.045373,-231587.3
C002,2025-04-07,33562.2,33346.79,2135767.36,2135982.77,215.41,0,0,11,0.037787,-230407.65
C002,2025-04-08,31423.63,19514.89,2135982.77,2147891.51,11908.74,1,0,12,0.031445,-226855.95
C002,2025-04-09,29454.94,29476.14,2147891.51,2147870.31,-21.2,2,0,13,0.026133,-189823.33
C002,2025-04-10,33419.34,42340.02,2147870.31,2138949.63,-8920.68,3,0,14,0.021672,-174011.43
C002,2025-04-11,42303.49,9737.27,2138949.63,2171515.85,32566.22,4,1,15,0.017906,-204623.09
C002,2025-04-12,39591.03,12227.78,2171515.85,2198879.1,27363.25,5,1,16,0.014701,-231562.55
C002,2025-04-13,26947.03,25395.46,2198879.1,2200430.67,1551.57,6,0,17,0.011939,-224325.2
C002,2025-04-14,30676.07,28504.15,2200430.67,2202602.59,2171.92,0,0,18,0.00951,-225222.96
C002,2025-04-15,25846.82,68126.7,2202602.59,2160322.71,-42279.88,1,0,19,0.00731,-171705.59
C002,2025-04-16,27265.63,28978.98,2160322.71,2158609.36,-1713.35,2,0,20,0.00523,-139392.59
C002,2025-04-17,30161.86,19351.24,2158609.36,2169419.98,10810.62,3,0,21,0.003154,-124060.34
C002,2025-04-18,45523.4,7904.09,2169419.98,2207039.29,37619.31,4,1,22,0.000946,-162028.46
C002,2025-04-19,37002.77,12707.4,2207039.29,2231334.66,24295.37,5,1,23,-0.001561,-188828.24
C002,2025-04-20,30278.28,152322.17,2231334.66,2109290.77,-122043.89,6,0,24,-0.004581,-56348.0
C002,2025-04-21,29067.76,29436.64,2109290.77,2108921.89,-368.88,0,0,25,-0.008396,-49171.36
C002,2025-04-22,26398.0,18654.26,2108921.89,2116665.63,7743.74,1,0,26,-0.013387,-42918.66
C002,2025-04-23,25855.0,27222.42,2116665.63,2115298.21,-1367.42,2,0,27,-0.020076,-15403.16
C002,2025-04-24,30156.37,18489.23,2115298.21,2126965.35,11667.14,3,0,28,-0.029179,-4246.41
C002,2025-04-25,36672.5,8425.37,2126965.35,2155212.48,28247.13,4,1,29,-0.041691,-32479.73
C002,2025-04-26,34978.74,11773.37,2155212.48,2178417.85,23205.37,5,1,30,-0.058991,-58779.07
C002,2025-04-27,32997.84,176645.69,2178417.85,2034770.0,-143647.85,6,0,0,0.279996,-58233.16
C002,2025-04-28,29423.19,25936.02,2034770.0,2038257.17,3487.17,0,0,1,0.233445,-55944.4
C002,2025-04-29,33683.05,20222.81,2038257.17,2051717.41,13460.24,1,0,2,0.194633,-56249.24
C002,2025-04-30,33978.75,27165.83,2051717.41,2058530.33,6812.92,2,0,3,0.162272,-35770.49
C002,2025-05-01,32066.33,115284.8,2058530.33,1975311.86,-83218.47,3,0,4,0.135289,66692.24
C002,2025-05-02,41371.18,8492.85,1975311.86,2008190.19,32878.33,4,1,5,0.112789,-59630.97
C002,2025-05-03,36490.08,13326.12,2008190.19,2031354.15,23163.96,5,1,6,0.094027,-79521.04
C002,2025-05-04,26514.97,28967.12,2031354.15,2028902.0,-2452.15,6,0,7,0.078379,-63173.16
C002,2025-05-05,29609.24,164710.33,2028902.0,1893800.91,-135101.09,0,0,8,0.065327,76583.65
C002,2025-05-06,28570.86,18191.71,1893800.91,1904180.06,10379.15,1,0,9,0.054436,-48254.38
C002,2025-05-07,31836.17,30441.11,1904180.06,1905575.12,1395.06,2,0,10,0.045343,-23222.78
C002,2025-05-08,33329.7,17869.26,1905575.12,1921035.56,15460.44,3,0,11,0.037745,-19899.05
C002,2025-05-09,45609.7,8598.28,1921035.56,1958046.98,37011.42,4,1,12,0.031386,-60285.56
C002,2025-05-10,41292.79,34401.57,1958046.98,1964938.2,6891.22,5,1,13,0.026051,-73810.3
C002,2025-05-11,26857.65,24903.09,1964938.2,1966892.76,1954.56,6,0,14,0.021557,-98482.71
C002,2025-05-12,27008.39,26584.6,1966892.76,1967316.55,423.79,0,0,15,0.017745,-99042.04
C002,2025-05-13,27005.72,18216.8,1967316.55,1976105.47,8788.92,1,0,16,0.014477,-96415.14
C002,2025-05-14,29542.95,28268.79,1976105.47,1977379.63,1274.16,2,0,17,0.011627,-73105.58
C002,2025-05-15,31388.09,20150.6,1977379.63,1988617.12,11237.49,3,0,18,0.009074,-62444.2
C002,2025-05-16,39786.66,9187.01,1988617.12,2019216.77,30599.65,4,1,19,0.006701,-92372.52
C002,2025-05-17,38214.31,12071.44,2019216.77,2045359.64,26142.87,5,1,20,0.004381,-116440.62
C002,2025-05-18,24653.34,25002.15,2045359.64,2045010.83,-348.81,6,0,21,0.001969,-106276.14
C002,2025-05-19,25646.83,28151.24,2045010.83,2042506.42,-2504.41,0,0,22,-0.000708,-103943.98
C002,2025-05-20,28008.66,17572.31,2042506.42,2052942.77,10436.35,1,0,23,-0.00387,-106370.94
C002,2025-05-21,30706.02,23898.26,2052942.77,2059750.53,6807.76,2,0,24,-0.007803,-92369.62
C002,2025-05-22,33500.84,19504.4,2059750.53,2073746.97,13996.44,3,0,25,-0.012893,-84739.71
C002,2025-05-23,35166.66,9018.58,2073746.97,2099895.05,26148.08,4,1,26,-0.019664,-109090.62
C002,2025-05-24,35032.38,12208.49,2099895.05,2122718.94,22823.89,5,1,27,-0.028836,-134199.59
C002,2025-05-25,24742.85,24729.04,2122718.94,2122732.75,13.81,6,0,28,-0.041404,-129168.41
C002,2025-05-26,24404.12,27498.09,2122732.75,2119638.78,-3093.97,0,0,29,-0.058752,-130285.84
C002,2025-05-27,32239.85,175341.79,2119638.78,1976536.84,-143101.94,1,0,0,0.279997,21274.79
C002,2025-05-28,32217.22,26441.29,1976536.84,1982312.77,5775.93,2,0,1,0.233447,-101618.86
C002,2025-05-29,31942.05,18786.65,1982312.77,1995468.17,13155.4,3,0,2,0.194635,-85708.48
C002,2025-05-30,36107.07,8815.4,1995468.17,2022759.84,27291.67,4,1,3,0.162274,-110933.26
C002,2025-05-31,31832.5,12588.24,2022759.84,2042004.1,19244.26,5,1,4,0.135293,-127601.72
C002,2025-06-01,25311.1,118755.98,2042004.1,1948559.22,-93444.88,6,0,5,0.112795,-116888.21
C002,2025-06-02,29572.42,26298.53,1948559.22,1951833.11,3273.89,0,0,6,0.094035,-119855.49
C002,2025-06-03,32696.89,18801.16,1951833.11,1965728.84,13895.73,1,0,7,0.078391,-123968.58
C002,2025-06-04,30865.5,26209.78,1965728.84,1970384.56,4655.72,2,0,8,0.065342,-106687.68
C002,2025-06-05,35266.71,149725.59,1970384.56,1855925.68,-114458.88,3,0,9,0.054457,-105029.81
C002,2025-06-06,34861.48,8434.82,1855925.68,1882352.34,26426.66,4,1,10,0.045373,-133445.8
C002,2025-06-07,30446.11,11661.94,1882352.34,1901136.51,18784.17,5,1,11,0.037787,-150011.35
C002,2025-06-08,20313.18,23688.27,1901136.51,1897761.42,-3375.09,6,0,12,0.031445,-140510.38
C002,2025-06-09,19795.9,26429.42,1897761.42,1891127.9,-6633.52,0,0,13,0.026133,-130787.82
C002,2025-06-10,23072.27,45790.12,1891127.9,1868410.05,-22717.85,1,0,14,0.021672,-130692.92
C002,2025-06-11,25395.55,25531.09,1868410.05,1868274.51,-135.54,2,0,15,0.017906,-106594.55
C002,2025-06-12,28860.04,17444.22,1868274.51,1879690.33,11415.82,3,0,16,0.014701,-96668.5
C002,2025-06-13,31600.99,7017.27,1879690.33,1904274.05,24583.72,4,1,17,0.011939,-120008.75
C002,2025-06-14,31576.62,9677.75,1904274.05,1926172.92,21898.87,5,1,18,0.00951,-140346.25
C002,2025-06-15,21839.67,21168.34,1926172.92,1926844.25,671.33,6,0,19,0.00731,-180894.68
C002,2025-06-16,26205.96,24131.19,1926844.25,1928919.02,2074.77,0,0,20,0.00523,-182215.63
C002,2025-06-17,27167.76,17352.09,1928919.02,1938734.69,9815.67,1,0,21,0.003154,-183574.02
C002,2025-06-18,24998.69,25170.94,1938734.69,1938562.44,-172.25,2,0,22,0.000946,-164415.99
C002,2025-06-19,24753.72,16744.33,1938562.44,1946571.83,8009.39,3,0,23,-0.001561,-148746.83
C002,2025-06-20,28808.11,7999.03,1946571.83,1967380.91,20809.08,4,1,24,-0.004581,-269275.42
C002,2025-06-21,31717.64,10091.29,1967380.91,1989007.26,21626.35,5,1,25,-0.008396,-291310.87
C002,2025-06-22,23737.75,21940.58,1989007.26,1990804.43,1797.17,6,0,26,-0.013387,-290380.12
C002,2025-06-23,23111.27,25396.35,1990804.43,1988519.35,-2285.08,0,0,27,-0.020076,-288468.37
C002,2025-06-24,21133.0,16088.01,1988519.35,1993564.34,5044.99,1,0,28,-0.029179,-284554.66
C002,2025-06-25,18818.75,23030.15,1993564.34,1989352.94,-4211.4,2,0,29,-0.041691,-255651.49
C002,2025-06-26,23517.34,15058.65,1989352.94,1997811.63,8458.69,3,0,30,-0.058991,-248684.63
C002,2025-06-27,43103.77,160221.49,1997811.63,1880693.91,-117117.72,4,1,0,0.279996,-275509.47
C002,2025-06-28,39272.96,10207.18,1880693.91,1909759.69,29065.78,5,1,1,0.233445,-296893.54
C002,2025-06-29,23713.14,21646.25,1909759.69,1911826.58,2066.89,6,0,2,0.194633,-286060.63
C002,2025-06-30,27904.74,25328.94,1911826.58,1914402.38,2575.8,0,0,3,0.162272,-282680.0
C002,2025-07-01,29091.24,111822.61,1914402.38,1831671.01,-82731.37,1,0,4,0.135289,-188886.39
C002,2025-07-02,25019.71,24713.1,1831671.01,1831977.62,306.61,2,0,5,0.112789,-253182.18
C002,2025-07-03,25886.53,16103.89,1831977.62,1841760.26,9782.64,3,0,6,0.094027,-236629.09
C002,2025-07-04,30978.19,9041.57,1841760.26,1863696.88,21936.62,4,1,7,0.078379,-260961.27
C002,2025-07-05,31375.61,144176.62,1863696.88,1750895.87,-112801.01,5,1,8,0.065327,-148930.5
C002,2025-07-06,21766.07,23755.4,1750895.87,1748906.54,-1989.33,6,0,9,0.054436,-271767.07
C002,2025-07-07,25689.56,23470.94,1748906.54,1751125.16,2218.62,0,0,10,0.045343,-275637.08
C002,2025-07-08,23170.61,17044.73,1751125.16,1757251.04,6125.88,1,0,11,0.037745,-269160.51
C002,2025-07-09,27438.98,24349.94,1757251.04,1760340.08,3089.04,2,0,12,0.031386,-241477.9
C002,2025-07-10,28611.06,51234.01,1760340.08,1737717.13,-22622.95,3,0,13,0.026051,-192974.57
C002,2025-07-11,31531.93,7569.1,1737717.13,1761679.96,23962.83,4,1,14,0.021557,-248376.65
C002,2025-07-12,32553.14,11211.27,1761679.96,1783021.83,21341.87,5,1,15,0.017745,-278355.18
C002,2025-07-13,23582.65,22339.18,1783021.83,1784265.3,1243.47,6,0,16,0.014477,-273917.54
C002,2025-07-14,23870.67,22309.3,1784265.3,1785826.67,1561.37,0,0,17,0.011627,-278798.71
C002,2025-07-15,23604.81,63481.91,1785826.67,1745949.57,-39877.1,1,0,18,0.009074,-223788.83
C002,2025-07-16,23912.49,23158.67,1745949.57,1746703.39,753.82,2,0,19,0.006701,-185827.8
C002,2025-07-17,24948.51,16491.23,1746703.39,1755160.67,8457.28,3,0,20,0.004381,-160291.95
C002,2025-07-18,26937.8,7952.02,1755160.67,1774146.45,18985.78,4,1,21,0.001969,-175347.53
C002,2025-07-19,34032.76,10354.21,1774146.45,1797825.0,23678.55,5,1,22,-0.000708,-202578.01
C002,2025-07-20,25910.89,125630.4,1797825.0,1698105.49,-99719.51,6,0,23,-0.00387,-95127.17
C002,2025-07-21,24576.1,24985.2,1698105.49,1697696.39,-409.1,0,0,24,-0.007803,-92714.1
C002,2025-07-22,21265.17,18537.25,1697696.39,1700424.31,2727.92,1,0,25,-0.012893,-84037.88
C002,2025-07-23,23119.07,23492.4,1700424.31,1700050.98,-373.33,2,0,26,-0.019664,-50002.02
C002,2025-07-24,26788.57,17829.87,1700050.98,1709009.68,8958.7,3,0,27,-0.028836,-32682.42
C002,2025-07-25,32010.48,7318.71,1709009.68,1733701.45,24691.77,4,1,28,-0.041404,-54591.01
C002,2025-07-26,26434.59,11009.04,1733701.45,1749127.0,15425.55,5,1,29,-0.058752,-71320.03
C002,2025-07-27,27818.39,171760.95,1749127.0,1605184.44,-143942.56,6,0,0,0.279997,85384.01
C002,2025-07-28,32888.93,25207.22,1605184.44,1612866.15,7681.71,0,0,1,0.233447,-55697.72
C002,2025-07-29,30766.27,17866.47,1612866.15,1625765.95,12899.8,1,0,2,0.194635,-47108.99
C002,2025-07-30,33251.85,27295.42,1625765.95,1631722.38,5956.43,2,0,3,0.162274,-11068.54
C002,2025-07-31,29590.62,18528.38,1631722.38,1642784.62,11062.24,3,0,4,0.135293,19625.06
C002,2025-08-01,39116.42,103105.6,1642784.62,1578795.44,-63989.18,4,1,5,0.112795,87653.69
C002,2025-08-02,38869.46,12533.73,1578795.44,1605131.17,26335.73,5,1,6,0.094035,-31307.81
C002,2025-08-03,25196.22,27591.78,1605131.17,1602735.61,-2395.56,6,0,7,0.078391,-23342.82
C002,2025-08-04,27735.08,28505.32,1602735.61,1601965.37,-770.24,0,0,8,0.065342,-21775.55
C002,2025-08-05,28764.63,153590.53,1601965.37,1477139.47,-124825.9,1,0,9,0.054457,124493.04
C002,2025-08-06,29272.5,30923.89,1477139.47,1475488.08,-1651.39,2,0,10,0.045373,38170.85
C002,2025-08-07,32301.68,19699.23,1475488.08,1488090.53,12602.45,3,0,11,0.037787,62567.73
C002,2025-08-08,40478.43,9706.78,1488090.53,1518862.18,30771.65,4,1,12,0.031445,38569.51
C002,2025-08-09,39645.86,13765.48,1518862.18,1544742.56,25880.38,5,1,13,0.026133,13960.16
C002,2025-08-10,28517.98,59957.23,1544742.56,1513303.31,-31439.25,6,0,14,0.021672,57737.08
C002,2025-08-11,24665.88,33302.54,1513303.31,1504666.65,-8636.66,0,0,15,0.017906,47155.51
C002,2025-08-12,27034.16,21353.05,1504666.65,1510347.76,5681.11,1,0,16,0.014701,54818.62
C002,2025-08-13,28904.28,32224.08,1510347.76,1507027.96,-3319.8,2,0,17,0.011939,97026.24
C002,2025-08-14,37574.92,22442.14,1507027.96,1522160.74,15132.78,3,0,18,0.00951,113988.83
C002,2025-08-15,48580.08,9865.23,1522160.74,1560875.59,38714.85,4,1,19,0.00731,66907.81
C002,2025-08-16,47734.91,13741.78,1560875.59,1594868.72,33993.13,5,1,20,0.00523,26144.91
C002,2025-08-17,31535.82,27605.62,1594868.72,1598798.92,3930.2,6,0,21,0.003154,28949.12
C002,2025-08-18,33176.89,36728.82,1598798.92,1595246.99,-3551.93,0,0,22,0.000946,28537.07
C002,2025-08-19,32316.29,24584.96,1595246.99,1602978.32,7731.33,1,0,23,-0.001561,38429.54
C002,2025-08-20,35933.3,33929.33,1602978.32,1604982.29,2003.97,2,0,24,-0.004581,75288.82
C002,2025-08-21,36767.99,25363.85,1604982.29,1616386.43,11404.14,3,0,25,-0.008396,107167.25
C002,2025-08-22,45958.69,12296.16,1616386.43,1650048.96,33662.53,4,1,26,-0.013387,84140.22
C002,2025-08-23,41224.36,14946.06,1650048.96,1676327.26,26278.3,5,1,27,-0.020076,63262.05
C002,2025-08-24,32591.53,29808.35,1676327.26,1679110.44,2783.18,6,0,28,-0.029179,74011.75
C002,2025-08-25,33580.48,34883.95,1679110.44,1677806.97,-1303.47,0,0,29,-0.041691,80097.37
C002,2025-08-26,35540.29,22778.81,1677806.97,1690568.45,12761.48,1,0,30,-0.058991,91920.61
C002,2025-08-27,52121.36,185521.38,1690568.45,1557168.43,-133400.02,2,0,0,0.279997,271512.41
C002,2025-08-28,46357.07,24868.54,1557168.43,1578656.96,21488.53,3,0,1,0.233447,157052.1
C002,2025-08-29,52820.18,10823.3,1578656.96,1620653.84,41996.88,4,1,2,0.194635,127859.65
C002,2025-08-30,55414.25,13658.41,1620653.84,1662409.68,41755.84,5,1,3,0.162274,67227.14
C002,2025-08-31,36878.07,32838.62,1662409.68,1666449.13,4039.45,6,0,4,0.135293,79116.46
C002,2025-09-01,40634.43,133260.2,1666449.13,1573823.36,-92625.77,0,0,5,0.112795,71621.16
C002,2025-09-02,31293.2,25723.77,1573823.36,1579392.79,5569.43,1,0,6,0.094035,91727.91
C002,2025-09-03,39362.32,38565.29,1579392.79,1580189.82,797.03,2,0,7,0.078391,141032.68
C002,2025-09-04,44627.9,23185.21,1580189.82,1601632.51,21442.69,3,0,8,0.065342,154782.87
C002,2025-09-05,54936.61,142910.19,1601632.51,1513658.93,-87973.58,4,1,9,0.054457,116302.26
C002,2025-09-06,52186.8,15187.47,1513658.93,1550658.26,36999.33,5,1,10,0.045373,76768.92
C002,2025-09-07,39967.99,33194.56,1550658.26,1557431.69,6773.43,6,0,11,0.037787,79204.92
C002,2025-09-08,40294.95,39023.92,1557431.69,1558702.72,1271.03,0,0,12,0.031445,82913.36
C002,2025-09-09,39098.4,26760.73,1558702.72,1571040.39,12337.67,1,0,13,0.026133,98605.84
C002,2025-09-10,41665.34,60883.57,1571040.39,1551822.16,-19218.23,2,0,14,0.021672,142925.17
C002,2025-09-11,44402.91,31058.69,1551822.16,1565166.38,13344.22,3,0,15,0.017906,169882.48
C002,2025-09-12,51961.3,13073.48,1565166.38,1604054.2,38887.82,4,1,16,0.014701,139637.09
C002,2025-09-13,51498.66,19403.29,1604054.2,1636149.57,32095.37,5,1,17,0.011939,105242.77
C002,2025-09-14,34247.35,42613.52,1636149.57,1627783.4,-8366.17,6,0,18,0.00951,130633.99
C002,2025-09-15,36853.17,43622.94,1627783.4,1621013.63,-6769.77,0,0,19,0.00731,95260.55
C002,2025-09-16,36559.94,29825.53,1621013.63,1627748.04,6734.41,1,0,20,0.00523,114925.12
C002,2025-09-17,37792.31,41756.29,1627748.04,1623784.06,-3963.98,2,0,21,0.003154,165167.33
C002,2025-09-18,43505.14,25881.34,1623784.06,1641407.86,17623.8,3,0,22,0.000946,182160.78
C002,2025-09-19,51051.14,12187.89,1641407.86,1680271.11,38863.25,4,1,23,-0.001561,148199.02
C002,2025-09-20,58819.03,15536.46,1680271.11,1723553.68,43282.57,5,1,24,-0.004581,106973.96
C002,2025-09-21,41196.9,30561.4,1723553.68,1734189.18,10635.5,6,0,25,-0.008396,107751.15
C002,2025-09-22,44725.59,39325.46,1734189.18,1739589.31,5400.13,0,0,26,-0.013387,106568.4
C002,2025-09-23,41975.15,28442.27,1739589.31,1753122.19,13532.88,1,0,27,-0.020076,111300.64
C002,2025-09-24,41537.88,36755.73,1753122.19,1757904.34,4782.15,2,0,28,-0.029179,150165.65
C002,2025-09-25,48178.3,23593.58,1757904.34,1782489.06,24584.72,3,0,29,-0.041691,161558.06
C002,2025-09-26,57309.23,11117.45,1782489.06,1828680.84,46191.78,4,1,30,-0.058991,122346.27
C002,2025-09-27,79810.9,172782.68,1828680.84,1735709.06,-92971.78,5,1,0,0.279996,77521.78
C002,2025-09-28,50736.08,37931.65,1735709.06,1748513.49,12804.43,6,0,1,0.233445,86874.26
C002,2025-09-29,53985.76,72862.43,1748513.49,1729636.82,-18876.67,0,0,2,0.194633,112203.42
C002,2025-09-30,42530.46,26601.69,1729636.82,1745565.59,15928.77,1,0,3,0.162272,126466.71
C002,2025-10-01,41313.88,141434.95,1745565.59,1645444.52,-100121.07,2,0,4,0.135289,285515.72
C002,2025-10-02,53113.17,27436.99,1645444.52,1671120.7,25676.18,3,0,5,0.112789,215425.42
C002,2025-10-03,62559.17,12457.37,1671120.7,1721222.5,50101.8,4,1,6,0.094027,175000.22
C002,2025-10-04,54291.0,19098.12,1721222.5,1756415.38,35192.88,5,1,7,0.078379,144110.01
C002,2025-10-05,40141.52,166595.71,1756415.38,1629961.19,-126454.19,6,0,8,0.065327,284116.21
C002,2025-10-06,41127.37,43661.38,1629961.19,1627427.18,-2534.01,0,0,9,0.054436,153597.41
C002,2025-10-07,35963.99,26754.56,1627427.18,1636636.61,9209.43,1,0,10,0.045343,167500.78
C002,2025-10-08,41832.83,36853.36,1636636.61,1641616.08,4979.47,2,0,11,0.037745,214062.64
C002,2025-10-09,54678.84,26648.69,1641616.08,1669646.23,28030.15,3,0,12,0.031386,228728.43
C002,2025-10-10,58304.19,33203.09,1669646.23,1694747.33,25101.1,4,1,13,0.026051,211385.27
C002,2025-10-11,56704.26,16402.73,1694747.33,1735048.86,40301.53,5,1,14,0.021557,150242.05
C002,2025-10-12,40060.55,31418.12,1735048.86,1743691.29,8642.43,6,0,15,0.017745,154945.86
C002,2025-10-13,37597.93,39896.88,1743691.29,1741392.34,-2298.95,0,0,16,0.014477,165594.51
C002,2025-10-14,43875.18,26850.13,1741392.34,1758417.39,17025.05,1,0,17,0.011627,178399.64
C002,2025-10-15,41462.34,83605.55,1758417.39,1716274.18,-42143.21,2,0,18,0.009074,276504.43
C002,2025-10-16,50745.56,24346.58,1716274.18,1742673.16,26398.98,3,0,19,0.006701,291149.81
C002,2025-10-17,58292.03,12013.8,1742673.16,1788951.39,46278.23,4,1,20,0.004381,256618.48
C002,2025-10-18,49702.98,15085.73,1788951.39,1823568.64,34617.25,5,1,21,0.001969,233324.72
C002,2025-10-19,36431.47,31529.98,1823568.64,1828470.13,4901.49,6,0,22,-0.000708,238111.7
C002,2025-10-20,39100.91,37043.4,1828470.13,1830527.64,2057.51,0,0,23,-0.00387,245723.51
C002,2025-10-21,36130.74,24718.05,1830527.64,1841940.33,11412.69,1,0,24,-0.007803,257119.68
C002,2025-10-22,37141.47,32924.09,1841940.33,1846157.71,4217.38,2,0,25,-0.012893,297818.48
C002,2025-10-23,42065.09,23799.97,1846157.71,1864422.83,18265.12,3,0,26,-0.019664,321812.3
C002,2025-10-24,55342.9,11695.74,1864422.83,1908069.99,43647.16,4,1,27,-0.028836,283576.39
C002,2025-10-25,50855.87,14878.74,1908069.99,1944047.12,35977.13,5,1,28,-0.041404,241438.18
C002,2025-10-26,37563.37,30583.38,1944047.12,1951027.11,6979.99,6,0,29,-0.058752,247642.34
C002,2025-10-27,52582.06,190378.33,1951027.11,1813230.84,-137796.27,0,0,0,0.279997,388603.04
C002,2025-10-28,42899.84,20742.93,1813230.84,1835387.75,22156.91,1,0,1,0.233447,249246.45
C002,2025-10-29,42757.29,36304.8,1835387.75,1841840.24,6452.49,2,0,2,0.194635,295509.53
C002,2025-10-30,54054.7,23862.64,1841840.24,1872032.3,30192.06,3,0,3,0.162274,309505.83
C002,2025-10-31,69334.44,10406.5,1872032.3,1930960.24,58927.94,4,1,4,0.135293,265262.39
C002,2025-11-01,68392.04,112806.16,1930960.24,1886546.12,-44414.12,5,1,5,0.112795,223769.53
C002,2025-11-02,47018.7,37342.1,1886546.12,1896222.72,9676.6,6,0,6,0.094035,232024.79
C002,2025-11-03,44510.25,40207.58,1896222.72,1900525.39,4302.67,0,0,7,0.078391,228292.03
C002,2025-11-04,41715.67,28163.66,1900525.39,1914077.4,13552.01,1,0,8,0.065342,248748.44
C002,2025-11-05,44447.54,177500.35,1914077.4,1781024.59,-133052.81,2,0,9,0.054457,306807.13
C002,2025-11-06,51526.39,28413.59,1781024.59,1804137.39,23112.8,3,0,10,0.045373,323550.97
C002,2025-11-07,63835.66,12294.33,1804137.39,1855678.72,51541.33,4,1,11,0.037787,282450.43
C002,2025-11-08,60722.69,18026.75,1855678.72,1898374.66,42695.94,5,1,12,0.031445,240608.27
C002,2025-11-09,42237.31,34479.37,1898374.66,1906132.6,7757.94,6,0,13,0.026133,248461.65
C002,2025-11-10,46396.68,67238.37,1906132.6,1885290.91,-20841.69,0,0,14,0.021672,248195.59
C002,2025-11-11,41934.96,28588.72,1885290.91,1898637.15,13346.24,1,0,15,0.017906,255087.89
C002,2025-11-12,49076.62,40726.92,1898637.15,1906986.85,8349.7,2,0,16,0.014701,304872.29
C002,2025-11-13,55801.51,25971.33,1906986.85,1936817.03,29830.18,3,0,17,0.011939,324770.71
C002,2025-11-14,68049.52,12087.94,1936817.03,1992778.61,55961.58,4,1,18,0.00951,277510.57
C002,2025-11-15,59047.32,18002.96,1992778.61,2033822.97,41044.36,5,1,19,0.00731,240294.43
C002,2025-11-16,44749.91,33003.01,2033822.97,2045569.87,11746.9,6,0,20,0.00523,246967.0
C002,2025-11-17,47579.58,36256.09,2045569.87,2056893.36,11323.49,0,0,21,0.003154,239522.06
C002,2025-11-18,41758.34,32069.87,2056893.36,2066581.83,9688.47,1,0,22,0.000946,252849.67
C002,2025-11-19,50156.94,40487.62,2066581.83,2076251.15,9669.32,2,0,23,-0.001561,295559.28
C002,2025-11-20,52104.68,29295.82,2076251.15,2099060.01,22808.86,3,0,24,-0.004581,308884.99
C002,2025-11-21,58886.67,13970.49,2099060.01,2143976.19,44916.18,4,1,25,-0.008396,271332.54
C002,2025-11-22,58101.35,15842.41,2143976.19,2186235.13,42258.94,5,1,26,-0.013387,236230.37
C002,2025-11-23,43489.73,38078.48,2186235.13,2191646.38,5411.25,6,0,27,-0.020076,246340.29
C002,2025-11-24,40931.23,47092.31,2191646.38,2185485.3,-6161.08,0,0,28,-0.029179,265341.12
C002,2025-11-25,41994.11,28809.96,2185485.3,2198669.45,13184.15,1,0,29,-0.041691,268542.21
C002,2025-11-26,43886.05,40721.62,2198669.45,2201833.88,3164.43,2,0,30,-0.058991,307942.38
C002,2025-11-27,62948.28,180147.96,2201833.88,2084634.2,-117199.68,3,0,0,0.279996,324118.36
C002,2025-11-28,63780.67,11065.1,2084634.2,2137349.77,52715.57,4,1,1,0.233445,294144.16
C002,2025-11-29,62860.18,18671.82,2137349.77,2181538.13,44188.36,5,1,2,0.194633,258173.05
C002,2025-11-30,53862.9,39178.4,2181538.13,2196222.63,14684.5,6,0,3,0.162272,273841.01
C002,2025-12-01,50681.88,136588.86,2196222.63,2110315.65,-85906.98,0,0,4,0.135289,379718.33
C002,2025-12-02,47405.99,29474.13,2110315.65,2128247.51,17931.86,1,0,5,0.112789,
C002,2025-12-03,49429.77,48859.86,2128247.51,2128817.42,569.91,2,0,6,0.094027,
C002,2025-12-04,62115.9,28107.48,2128817.42,2162825.84,34008.42,3,0,7,0.078379,
C002,2025-12-05,70603.82,145597.94,2162825.84,2087831.72,-74994.12,4,1,8,0.065327,
C002,2025-12-06,60710.44,20853.8,2087831.72,2127688.36,39856.64,5,1,9,0.054436,
C002,2025-12-07,46549.32,36108.53,2127688.36,2138129.15,10440.79,6,0,10,0.045343,
C002,2025-12-08,46387.3,45533.52,2138129.15,2138982.93,853.78,0,0,11,0.037745,
C002,2025-12-09,45318.54,29707.22,2138982.93,2154594.25,15611.32,1,0,12,0.031386,
C002,2025-12-10,44041.95,65149.7,2154594.25,2133486.5,-21107.75,2,0,13,0.026051,
C002,2025-12-11,49713.35,29474.81,2133486.5,2153725.04,20238.54,3,0,14,0.021557,
C002,2025-12-12,71098.19,12964.09,2153725.04,2211859.14,58134.1,4,1,15,0.017745,
C002,2025-12-13,68013.86,18285.26,2211859.14,2261587.74,49728.6,5,1,16,0.014477,
C002,2025-12-14,46470.43,37768.99,2261587.74,2270289.18,8701.44,6,0,17,0.011627,
C002,2025-12-15,47549.2,43720.98,2270289.18,2274117.4,3828.22,0,0,18,0.009074,
C002,2025-12-16,46906.24,28486.77,2274117.4,2292536.87,18419.47,1,0,19,0.006701,
C002,2025-12-17,46086.77,42208.22,2292536.87,2296415.42,3878.55,2,0,20,0.004381,
C002,2025-12-18,51054.49,28038.41,2296415.42,2319431.5,23016.08,3,0,21,0.001969,
C002,2025-12-19,65183.31,12804.38,2319431.5,2371810.43,52378.93,4,1,22,-0.000708,
C002,2025-12-20,55125.97,18991.4,2371810.43,2407945.0,36134.57,5,1,23,-0.00387,
C002,2025-12-21,47106.74,39743.01,2407945.0,2415308.73,7363.73,6,0,24,-0.007803,
C002,2025-12-22,50244.0,43087.23,2415308.73,2422465.5,7156.77,0,0,25,-0.012893,
C002,2025-12-23,42451.04,26929.87,2422465.5,2437986.67,15521.17,1,0,26,-0.019664,
C002,2025-12-24,50258.66,37418.91,2437986.67,2450826.42,12839.75,2,0,27,-0.028836,
C002,2025-12-25,43689.89,27304.65,2450826.42,2467211.66,16385.24,3,0,28,-0.041404,
C002,2025-12-26,55323.03,12758.43,2467211.66,2509776.26,42564.6,4,1,29,-0.058752,
C002,2025-12-27,70777.23,171800.93,2509776.26,2408752.56,-101023.7,5,1,0,0.279997,
C002,2025-12-28,56344.93,33603.56,2408752.56,2431493.93,22741.37,6,0,1,0.233447,
C002,2025-12-29,55239.04,47021.79,2431493.93,2439711.18,8217.25,0,0,2,0.194635,
C002,2025-12-30,57511.84,27159.38,2439711.18,2470063.64,30352.46,1,0,3,0.162274,
C002,2025-12-31,57907.25,37936.91,2470063.64,2490033.98,19970.34,2,0,4,0.135293,
C003,2021-01-01,19149.52,57178.34,1620000.0,1581971.18,-38028.82,4,1,5,0.048341,-237660.33
C003,2021-01-02,29158.82,6471.06,1581971.18,1604658.94,22687.76,5,1,6,0.040301,-336391.18
C003,2021-01-03,46214.69,15721.36,1604658.94,1635152.27,30493.33,6,0,7,0.033596,-334700.05
C003,2021-01-04,48560.42,22960.81,1635152.27,1660751.88,25599.61,0,0,8,0.028004,-341889.55
C003,2021-01-05,49878.7,117533.54,1660751.88,1593097.04,-67654.84,1,0,9,0.023339,-253057.54
C003,2021-01-06,49074.38,23393.61,1593097.04,1618777.81,25680.77,2,0,10,0.019446,-446230.28
C003,2021-01-07,41836.57,15752.61,1618777.81,1644861.77,26083.96,3,0,11,0.016194,-457539.66
C003,2021-01-08,20538.61,8228.76,1644861.77,1657171.62,12309.85,4,1,12,0.013476,-452463.39
C003,2021-01-09,31717.82,10204.46,1657171.62,1678684.98,21513.36,5,1,13,0.0112,-455317.09
C003,2021-01-10,48523.29,44401.06,1678684.98,1682807.21,4122.23,6,0,14,0.009288,-427560.98
C003,2021-01-11,56368.37,25663.35,1682807.21,1713512.23,30705.02,0,0,15,0.007674,-461060.07
C003,2021-01-12,48656.34,19828.19,1713512.23,1742340.38,28828.15,1,0,16,0.0063,-459015.93
C003,2021-01-13,44251.1,24300.6,1742340.38,1762290.88,19950.5,2,0,17,0.005117,-468856.17
C003,2021-01-14,45102.75,18181.23,1762290.88,1789212.4,26921.52,3,0,18,0.004076,-480867.47
C003,2021-01-15,17042.04,60560.31,1789212.4,1745694.13,-43518.27,4,1,19,0.003133,-418097.3
C003,2021-01-16,29879.46,11158.63,1745694.13,1764414.96,18720.83,5,1,20,0.002242,-416521.68
C003,2021-01-17,45561.8,22892.61,1764414.96,1787084.15,22669.19,6,0,21,0.001352,-417859.52
C003,2021-01-18,49361.78,25464.09,1787084.15,1810981.84,23897.69,0,0,22,0.000406,-417809.46
C003,2021-01-19,50996.86,18237.79,1810981.84,1843740.91,32759.07,1,0,23,-0.000669,-424884.92
C003,2021-01-20,46388.57,508303.4,1843740.91,1381826.08,-461914.83,2,0,24,-0.001963,47589.21
C003,2021-01-21,42893.15,16965.45,1381826.08,1407753.78,25927.7,3,0,25,-0.003598,38458.11
C003,2021-01-22,18242.45,8027.31,1407753.78,1417968.92,10215.14,4,1,26,-0.005737,58606.02
C003,2021-01-23,27799.94,12019.26,1417968.92,1433749.6,15780.68,5,1,27,-0.008604,68261.77
C003,2021-01-24,42562.56,22198.01,1433749.6,1454114.15,20364.55,6,0,28,-0.012505,68648.09
C003,2021-01-25,41194.35,24730.37,1454114.15,1470578.13,16463.98,0,0,29,-0.017867,69069.81
C003,2021-01-26,31096.24,16709.66,1470578.13,1484964.71,14386.58,1,0,30,-0.025282,71095.59
C003,2021-01-27,50285.97,282459.39,1484964.71,1252791.29,-232173.42,2,0,0,0.119999,311015.38
C003,2021-01-28,55381.6,15376.44,1252791.29,1292796.45,40005.16,3,0,1,0.100049,25314.33
C003,2021-01-29,20458.01,7520.87,1292796.45,1305733.59,12937.14,4,1,2,0.083415,46189.51
C003,2021-01-30,26575.79,10409.71,1305733.59,1321899.67,16166.08,5,1,3,0.069546,9902.06
C003,2021-01-31,43633.81,21222.63,1321899.67,1344310.85,22411.18,6,0,4,0.057983,13580.7
C003,2021-02-01,47904.9,123947.99,1344310.85,1268267.76,-76043.09,0,0,5,0.048341,111744.93
C003,2021-02-02,50497.98,18313.52,1268267.76,1300452.22,32184.46,1,0,6,0.040301,99257.7
C003,2021-02-03,42660.69,24250.58,1300452.22,1318862.33,18410.11,2,0,7,0.033596,-14122.64
C003,2021-02-04,38301.5,17124.33,1318862.33,1340039.5,21177.17,3,0,8,0.028004,-22862.45
C003,2021-02-05,14902.84,182394.81,1340039.5,1172547.53,-167491.97,4,1,9,0.023339,160293.27
C003,2021-02-06,24506.65,9732.07,1172547.53,1187322.11,14774.58,5,1,10,0.019446,165121.32
C003,2021-02-07,38116.43,20730.31,1187322.11,1204708.23,17386.12,6,0,11,0.016194,174020.75
C003,2021-02-08,40976.35,22316.69,1204708.23,1223367.89,18659.66,0,0,12,0.013476,155472.36
C003,2021-02-09,48003.43,16125.09,1223367.89,1255246.23,31878.34,1,0,13,0.0112,145425.47
C003,2021-02-10,42564.35,45358.42,1255246.23,1252452.16,-2794.07,2,0,14,0.009288,154121.13
C003,2021-02-11,47252.48,16380.19,1252452.16,1283324.45,30872.29,3,0,15,0.007674,134067.44
C003,2021-02-12,17495.95,7385.69,1283324.45,1293434.71,10110.26,4,1,16,0.0063,146961.28
C003,2021-02-13,26009.23,11099.01,1293434.71,1308344.93,14910.22,5,1,17,0.005117,155594.86
C003,2021-02-14,41468.45,22216.55,1308344.93,1327596.83,19251.9,6,0,18,0.004076,161207.53
C003,2021-02-15,44800.16,24503.71,1327596.83,1347893.28,20296.45,0,0,19,0.003133,157907.02
C003,2021-02-16,39671.95,18340.6,1347893.28,1369224.63,21331.35,1,0,20,0.002242,158536.26
C003,2021-02-17,44974.09,21026.34,1369224.63,1393172.38,23947.75,2,0,21,0.001352,142398.48
C003,2021-02-18,42239.58,16555.97,1393172.38,1418855.99,25683.61,3,0,22,0.000406,126884.55
C003,2021-02-19,18496.6,7937.3,1418855.99,1429415.29,10559.3,4,1,23,-0.000669,127820.81
C003,2021-02-20,26855.17,10058.57,1429415.29,1446211.89,16796.6,5,1,24,-0.001963,84289.37
C003,2021-02-21,50005.81,19642.76,1446211.89,1476574.94,30363.05,6,0,25,-0.003598,76696.24
C003,2021-02-22,45796.39,20359.96,1476574.94,1502011.37,25436.43,0,0,26,-0.005737,73475.78
C003,2021-02-23,39214.31,18463.44,1502011.37,1522762.24,20750.87,1,0,27,-0.008604,76866.22
C003,2021-02-24,38997.38,22111.68,1522762.24,1539647.94,16885.7,2,0,28,-0.012505,67802.01
C003,2021-02-25,33984.75,17572.39,1539647.94,1556060.3,16412.36,3,0,29,-0.017867,-195529.9
C003,2021-02-26,14845.03,7098.66,1556060.3,1563806.67,7746.37,4,1,30,-0.025282,-169226.9
C003,2021-02-27,28661.87,274357.76,1563806.67,1318110.78,-245695.89,5,1,0,0.119997,96608.27
C003,2021-02-28,56070.25,22257.93,1318110.78,1351923.1,33812.32,6,0,1,0.100046,84891.25
C003,2021-03-01,55346.43,75467.8,1351923.1,1331801.73,-20121.37,0,0,2,0.083411,104793.29
C003,2021-03-02,43758.63,17668.81,1331801.73,1357891.55,26089.82,1,0,3,0.069541,52229.56
C003,2021-03-03,46275.8,24154.66,1357891.55,1380012.69,22121.14,2,0,4,0.057975,35982.42
C003,2021-03-04,37788.0,18090.77,1380012.69,1399709.92,19697.23,3,0,5,0.04833,26370.69
C003,2021-03-05,14439.71,109409.94,1399709.92,1304739.69,-94970.23,4,1,6,0.040286,137504.13
C003,2021-03-06,23394.89,10957.53,1304739.69,1317177.05,12437.36,5,1,7,0.033575,41723.36
C003,2021-03-07,39718.54,24054.79,1317177.05,1332840.8,15663.75,6,0,8,0.027975,52076.01
C003,2021-03-08,45286.15,25683.52,1332840.8,1352443.43,19602.63,0,0,9,0.023298,50667.61
C003,2021-03-09,43196.54,16910.99,1352443.43,1378728.98,26285.55,1,0,10,0.019389,43842.87
C003,2021-03-10,47418.63,47307.36,1378728.98,1378840.25,111.27,2,0,11,0.016116,49652.78
C003,2021-03-11,38433.09,16601.64,1378840.25,1400671.7,21831.45,3,0,12,0.013367,13927.71
C003,2021-03-12,13748.68,7847.09,1400671.7,1406573.29,5901.59,4,1,13,0.011047,28721.44
C003,2021-03-13,21558.7,10740.1,1406573.29,1417391.89,10818.6,5,1,14,0.009074,32896.82
C003,2021-03-14,42890.57,19886.47,1417391.89,1440395.99,23004.1,6,0,15,0.007375,23148.16
C003,2021-03-15,48069.88,24526.08,1440395.99,1463939.79,23543.8,0,0,16,0.005884,10357.68
C003,2021-03-16,41714.9,16850.33,1463939.79,1488804.36,24864.57,1,0,17,0.004535,-49703.81
C003,2021-03-17,40807.08,23811.14,1488804.36,1505800.3,16995.94,2,0,18,0.003264,-59207.4
C003,2021-03-18,36712.17,14751.58,1505800.3,1527760.89,21960.59,3,0,19,0.002,-73266.81
C003,2021-03-19,15072.66,7262.69,1527760.89,1535570.86,7809.97,4,1,20,0.00066,-70597.04
C003,2021-03-20,20756.98,10587.3,1535570.86,1545740.54,10169.68,5,1,21,-0.000855,-65890.93
C003,2021-03-21,32326.35,20830.79,1545740.54,1557236.1,11495.56,6,0,22,-0.002674,-132728.36
C003,2021-03-22,36420.63,63155.47,1557236.1,1530501.26,-26734.84,0,0,23,-0.004967,-93245.13
C003,2021-03-23,40480.59,17710.67,1530501.26,1553271.18,22769.92,1,0,24,-0.007962,-102850.62
C003,2021-03-24,43020.74,20804.77,1553271.18,1575487.15,22215.97,2,0,25,-0.01197,-120494.58
C003,2021-03-25,41800.22,17658.91,1575487.15,1599628.46,24141.31,3,0,26,-0.017421,-134614.27
C003,2021-03-26,16598.06,8776.57,1599628.46,1607449.95,7821.49,4,1,27,-0.02491,-129185.0
C003,2021-03-27,30135.18,277054.73,1607449.95,1360530.4,-246919.55,5,1,0,0.119999,130043.64
C003,2021-03-28,57284.51,23235.14,1360530.4,1394579.77,34049.37,6,0,1,0.100049,-143448.1
C003,2021-03-29,49087.26,28947.98,1394579.77,1414719.05,20139.28,0,0,2,0.083415,-149996.59
C003,2021-03-30,43039.32,20944.02,1414719.05,1436814.35,22095.3,1,0,3,0.069546,-154340.8
C003,2021-03-31,32998.77,33218.1,1436814.35,1436595.02,-219.33,2,0,4,0.057983,-146237.78
C003,2021-04-01,43336.33,69810.24,1436595.02,1410121.11,-26473.91,3,0,5,0.048341,-157219.77
C003,2021-04-02,15758.79,9884.79,1410121.11,1415995.11,5874.0,4,1,6,0.040301,-142886.99
C003,2021-04-03,23654.35,13568.85,1415995.11,1426080.61,10085.5,5,1,7,0.033596,-134504.49
C003,2021-04-04,43935.72,27772.51,1426080.61,1442243.82,16163.21,6,0,8,0.028004,-129691.3
C003,2021-04-05,44701.85,128045.26,1442243.82,1358900.41,-83343.41,0,0,9,0.023339,-130243.8
C003,2021-04-06,44847.4,18831.0,1358900.41,1384916.81,26016.4,1,0,10,0.019446,-137540.31
C003,2021-04-07,45532.45,27338.22,1384916.81,1403111.04,18194.23,2,0,11,0.016194,-150972.03
C003,2021-04-08,38894.57,19433.76,1403111.04,1422571.85,19460.81,3,0,12,0.013476,-160823.65
C003,2021-04-09,14415.55,8494.37,1422571.85,1428493.03,5921.18,4,1,13,0.0112,-154718.46
C003,2021-04-10,23029.93,36923.55,1428493.03,1414599.41,-13893.62,5,1,14,0.009288,-159034.78
C003,2021-04-11,41557.16,20861.84,1414599.41,1435294.73,20695.32,6,0,15,0.007674,-167486.61
C003,2021-04-12,41229.91,26235.93,1435294.73,1450288.71,14993.98,0,0,16,0.0063,-183072.54
C003,2021-04-13,31787.27,18531.83,1450288.71,1463544.15,13255.44,1,0,17,0.005117,-186112.41
C003,2021-04-14,32889.32,22136.0,1463544.15,1474297.47,10753.32,2,0,18,0.004076,-192329.71
C003,2021-04-15,34590.67,69787.59,1474297.47,1439100.55,-35196.92,3,0,19,0.003133,-150894.95
C003,2021-04-16,15053.98,7561.63,1439100.55,1446592.9,7492.35,4,1,20,0.002242,-148136.09
C003,2021-04-17,17127.29,9226.11,1446592.9,1454494.08,7901.18,5,1,21,0.001352,-140915.79
C003,2021-04-18,30499.88,20020.14,1454494.08,1464973.82,10479.74,6,0,22,0.000406,-134885.22
C003,2021-04-19,33974.62,19098.83,1464973.82,1479849.61,14875.79,0,0,23,-0.000669,-135167.31
C003,2021-04-20,32038.43,87380.3,1479849.61,1424507.74,-55341.87,1,0,24,-0.001963,-58163.19
C003,2021-04-21,32898.59,20150.2,1424507.74,1437256.13,12748.39,2,0,25,-0.003598,-64972.99
C003,2021-04-22,26971.09,13806.66,1437256.13,1450420.56,13164.43,3,0,26,-0.005737,-64334.88
C003,2021-04-23,11124.42,6552.41,1450420.56,1454992.57,4572.01,4,1,27,-0.008604,-46338.02
C003,2021-04-24,19426.8,9405.18,1454992.57,1465014.19,10021.62,5,1,28,-0.012505,-37922.95
C003,2021-04-25,30496.26,17245.5,1465014.19,1478264.95,13250.76,6,0,29,-0.017867,-32969.59
C003,2021-04-26,30246.49,17937.4,1478264.95,1490574.04,12309.09,0,0,30,-0.025282,-29284.08
C003,2021-04-27,33236.24,272678.61,1490574.04,1251131.67,-239442.37,1,0,0,0.119998,-36011.31
C003,2021-04-28,31132.06,17541.27,1251131.67,1264722.46,13590.79,2,0,1,0.100048,-41989.47
C003,2021-04-29,31490.13,13739.04,1264722.46,1282473.55,17751.09,3,0,2,0.083414,-48247.92
C003,2021-04-30,14584.02,6700.33,1282473.55,1290357.24,7883.69,4,1,3,0.069545,-39286.96
C003,2021-05-01,22554.66,60010.56,1290357.24,1252901.34,-37455.9,5,1,4,0.057981,12765.71
C003,2021-05-02,36721.92,16515.14,1252901.34,1273108.12,20206.78,6,0,5,0.048338,-44665.92
C003,2021-05-03,36413.48,17945.48,1273108.12,1291576.12,18468.0,0,0,6,0.040297,-46492.49
C003,2021-05-04,37756.15,16779.75,1291576.12,1312552.52,20976.4,1,0,7,0.033591,-52971.08
C003,2021-05-05,35489.44,119385.35,1312552.52,1228656.61,-83895.91,2,0,8,0.027997,39338.16
C003,2021-05-06,33588.93,14869.04,1228656.61,1247376.5,18719.89,3,0,9,0.02333,-67771.61
C003,2021-05-07,11955.27,7192.76,1247376.5,1252139.01,4762.51,4,1,10,0.019433,-52406.7
C003,2021-05-08,18921.37,9312.18,1252139.01,1261748.2,9609.19,5,1,11,0.016176,-45838.77
C003,2021-05-09,32015.86,19989.49,1261748.2,1273774.57,12026.37,6,0,12,0.013451,-39649.13
C003,2021-05-10,27699.7,45909.64,1273774.57,1255564.63,-18209.94,0,0,13,0.011165,-2972.18
C003,2021-05-11,26475.42,14231.93,1255564.63,1267808.12,12243.49,1,0,14,0.009239,-30692.22
C003,2021-05-12,18992.63,19584.58,1267808.12,1267216.17,-591.95,2,0,15,0.007605,-23426.02
C003,2021-05-13,23713.34,13497.77,1267216.17,1277431.74,10215.57,3,0,16,0.006205,-21319.18
C003,2021-05-14,10124.55,5588.53,1277431.74,1281967.76,4536.02,4,1,17,0.004983,-15070.33
C003,2021-05-15,14136.81,7898.97,1281967.76,1288205.6,6237.84,5,1,18,0.003889,-14070.09
C003,2021-05-16,24960.38,14709.17,1288205.6,1298456.81,10251.21,6,0,19,0.002872,-10665.49
C003,2021-05-17,31665.81,16544.33,1298456.81,1313578.29,15121.48,0,0,20,0.001877,-17583.34
C003,2021-05-18,29153.81,12643.5,1313578.29,1330088.6,16510.31,1,0,21,0.000844,-19905.61
C003,2021-05-19,31135.7,16542.0,1330088.6,1344682.3,14593.7,2,0,22,-0.000304,-28841.41
C003,2021-05-20,34619.83,12957.58,1344682.3,1366344.55,21662.25,3,0,23,-0.001659,-36481.29
C003,2021-05-21,12460.26,6521.67,1366344.55,1372283.14,5938.59,4,1,24,-0.003344,-22786.46
C003,2021-05-22,22064.28,8261.74,1372283.14,1386085.68,13802.54,5,1,25,-0.005526,-19706.27
C003,2021-05-23,39996.21,17427.34,1386085.68,1408654.55,22568.87,6,0,26,-0.008427,-27541.92
C003,2021-05-24,39453.4,21016.71,1408654.55,1427091.24,18436.69,0,0,27,-0.012358,-32668.31
C003,2021-05-25,33715.48,15511.36,1427091.24,1445295.36,18204.12,1,0,28,-0.017745,-33052.64
C003,2021-05-26,35745.41,19750.81,1445295.36,1461289.96,15994.6,2,0,29,-0.02518,-44654.39
C003,2021-05-27,36196.32,282365.92,1461289.96,1215120.36,-246169.6,3,0,0,0.119999,214920.29
C003,2021-05-28,15238.46,7625.83,1215120.36,1222732.99,7612.63,4,1,1,0.100049,-26384.1
C003,2021-05-29,22028.6,10535.96,1222732.99,1234225.63,11492.64,5,1,2,0.083415,-16981.62
C003,2021-05-30,34658.46,17813.81,1234225.63,1251070.28,16844.65,6,0,3,0.069546,-21063.15
C003,2021-05-31,35647.39,21050.62,1251070.28,1265667.05,14596.77,0,0,4,0.057983,-27076.18
C003,2021-06-01,29991.46,67216.31,1265667.05,1228442.2,-37224.85,1,0,5,0.048341,-27142.45
C003,2021-06-02,35091.51,18450.08,1228442.2,1245083.63,16641.43,2,0,6,0.040301,-38097.9
C003,2021-06-03,29761.54,15263.73,1245083.63,1259581.44,14497.81,3,0,7,0.033596,-41362.6
C003,2021-06-04,15377.83,6964.5,1259581.44,1267994.77,8413.33,4,1,8,0.028004,-69503.73
C003,2021-06-05,22140.9,110530.78,1267994.77,1179604.89,-88389.88,5,1,9,0.023339,-72239.55
C003,2021-06-06,38075.79,17948.37,1179604.89,1199732.31,20127.42,6,0,10,0.019446,-83913.05
C003,2021-06-07,36784.64,20607.52,1199732.31,1215909.43,16177.12,0,0,11,0.016194,-88021.43
C003,2021-06-08,34528.85,16312.84,1215909.43,1234125.44,18216.01,1,0,12,0.013476,-90886.57
C003,2021-06-09,37945.08,19478.07,1234125.44,1252592.45,18467.01,2,0,13,0.0112,-104941.46
C003,2021-06-10,29816.66,45293.21,1252592.45,1237115.9,-15476.55,3,0,14,0.009288,-115821.48
C003,2021-06-11,14207.44,7533.19,1237115.9,1243790.15,6674.25,4,1,15,0.007674,-111594.32
C003,2021-06-12,21545.31,9222.9,1243790.15,1256112.56,12322.41,5,1,16,0.0063,-108435.06
C003,2021-06-13,30566.31,19781.44,1256112.56,1266897.43,10784.87,6,0,17,0.005117,-108494.36
C003,2021-06-14,28294.56,21056.48,1266897.43,1274135.51,7238.08,0,0,18,0.004076,-108379.76
C003,2021-06-15,28814.34,15158.53,1274135.51,1287791.32,13655.81,1,0,19,0.003133,-161406.6
C003,2021-06-16,27453.33,19249.7,1287791.32,1295994.95,8203.63,2,0,20,0.002242,-164440.19
C003,2021-06-17,27713.26,13525.22,1295994.95,1310182.99,14188.04,3,0,21,0.001352,-166681.37
C003,2021-06-18,12547.62,6889.72,1310182.99,1315840.89,5657.9,4,1,22,0.000406,-156145.75
C003,2021-06-19,22978.38,8956.01,1315840.89,1329863.26,14022.37,5,1,23,-0.000669,-159421.92
C003,2021-06-20,36441.46,16808.04,1329863.26,1349496.68,19633.42,6,0,24,-0.001963,-166672.11
C003,2021-06-21,36081.17,19198.44,1349496.68,1366379.41,16882.73,0,0,25,-0.003598,-176434.16
C003,2021-06-22,29652.69,14919.47,1366379.41,1381112.63,14733.22,1,0,26,-0.005737,-180247.48
C003,2021-06-23,30724.09,17413.79,1381112.63,1394422.93,13310.3,2,0,27,-0.008604,-190528.35
C003,2021-06-24,31886.96,14067.17,1394422.93,1412242.72,17819.79,3,0,28,-0.012505,-200732.82
C003,2021-06-25,11197.09,6804.24,1412242.72,1416635.57,4392.85,4,1,29,-0.017867,-189188.83
C003,2021-06-26,22604.17,9199.09,1416635.57,1430040.65,13405.08,5,1,30,-0.025282,-183344.94
C003,2021-06-27,42808.69,276500.45,1430040.65,1196348.89,-233691.76,6,0,0,0.119998,-191938.66
C003,2021-06-28,39891.96,18996.84,1196348.89,1217244.01,20895.12,0,0,1,0.100048,-198102.47
C003,2021-06-29,26356.38,13593.26,1217244.01,1230007.13,12763.12,1,0,2,0.083414,-190816.31
C003,2021-06-30,27219.45,18635.71,1230007.13,1238590.87,8583.74,2,0,3,0.069545,-193929.06
C003,2021-07-01,29060.47,66351.59,1238590.87,1201299.75,-37291.12,3,0,4,0.057981,-142580.39
C003,2021-07-02,12562.74,6876.76,1201299.75,1206985.73,5685.98,4,1,5,0.048338,-183658.36
C003,2021-07-03,19745.5,8512.39,1206985.73,1218218.84,11233.11,5,1,6,0.040297,-183822.67
C003,2021-07-04,34383.71,54111.51,1218218.84,1198491.04,-19727.8,6,0,7,0.033591,-147270.51
C003,2021-07-05,28469.64,119595.34,1198491.04,1107365.34,-91125.7,0,0,8,0.027997,-39350.63
C003,2021-07-06,23024.39,14570.47,1107365.34,1115819.26,8453.92,1,0,9,0.02333,-130685.28
C003,2021-07-07,31355.35,19286.61,1115819.26,1127888.0,12068.74,2,0,10,0.019433,-135800.66
C003,2021-07-08,28988.47,13637.6,1127888.0,1143238.87,15350.87,3,0,11,0.016176,-139413.88
C003,2021-07-09,11547.42,7135.3,1143238.87,1147650.99,4412.12,4,1,12,0.013451,-129535.26
C003,2021-07-10,17996.98,44353.55,1147650.99,1121294.42,-26356.57,5,1,13,0.011165,-84048.9
C003,2021-07-11,27464.43,16563.02,1121294.42,1132195.83,10901.41,6,0,14,0.009239,-97194.28
C003,2021-07-12,32117.94,16636.27,1132195.83,1147677.5,15481.67,0,0,15,0.007605,-97017.44
C003,2021-07-13,24934.34,14208.77,1147677.5,1158403.07,10725.57,1,0,16,0.006205,-87790.69
C003,2021-07-14,24757.15,17404.47,1158403.07,1165755.75,7352.68,2,0,17,0.004983,-89561.41
C003,2021-07-15,27841.01,67212.04,1165755.75,1126384.72,-39371.03,3,0,18,0.003889,-39905.7
C003,2021-07-16,12143.2,6973.16,1126384.72,1131554.76,5170.04,4,1,19,0.002872,-34816.52
C003,2021-07-17,19816.17,7869.31,1131554.76,1143501.62,11946.86,5,1,20,0.001877,-36754.55
C003,2021-07-18,32222.2,16028.68,1143501.62,1159695.14,16193.52,6,0,21,0.000844,-37913.27
C003,2021-07-19,28510.98,17764.78,1159695.14,1170441.34,10746.2,0,0,22,-0.000304,-35848.51
C003,2021-07-20,24957.3,12574.07,1170441.34,1182824.57,12383.23,1,0,23,-0.001659,-30357.54
C003,2021-07-21,24845.83,17725.15,1182824.57,1189945.25,7120.68,2,0,24,-0.003344,-31607.98
C003,2021-07-22,24273.07,13353.17,1189945.25,1200865.15,10919.9,3,0,25,-0.005526,-31848.84
C003,2021-07-23,9156.03,6126.6,1200865.15,1203894.58,3029.43,4,1,26,-0.008427,-16963.21
C003,2021-07-24,16014.71,8399.39,1203894.58,1211509.9,7615.32,5,1,27,-0.012358,-4085.97
C003,2021-07-25,31354.96,15418.12,1211509.9,1227446.74,15936.84,6,0,28,-0.017745,-2341.32
C003,2021-07-26,36297.8,17048.83,1227446.74,1246695.71,19248.97,0,0,29,-0.02518,-8254.1
C003,2021-07-27,35193.27,277478.75,1246695.71,1004410.23,-242285.48,1,0,0,0.119999,256326.98
C003,2021-07-28,33110.82,18379.51,1004410.23,1019141.54,14731.31,2,0,1,0.100049,-10193.87
C003,2021-07-29,34833.97,14784.69,1019141.54,1039190.82,20049.28,3,0,2,0.083415,-10915.12
C003,2021-07-30,12119.34,6648.35,1039190.82,1044661.81,5470.99,4,1,3,0.069546,8908.8
C003,2021-07-31,23857.91,9800.36,1044661.81,1058719.36,14057.55,5,1,4,0.057983,13701.59
C003,2021-08-01,36050.86,71442.85,1058719.36,1023327.37,-35391.99,6,0,5,0.048341,73387.09
C003,2021-08-02,34018.03,22949.23,1023327.37,1034396.17,11068.8,0,0,6,0.040301,32760.15
C003,2021-08-03,32853.43,16029.07,1034396.17,1051220.53,16824.36,1,0,7,0.033596,41034.65
C003,2021-08-04,37259.72,20465.54,1051220.53,1068014.71,16794.18,2,0,8,0.028004,32753.54
C003,2021-08-05,33714.23,116594.96,1068014.71,985133.98,-82880.73,3,0,9,0.023339,130736.25
C003,2021-08-06,14318.57,7365.21,985133.98,992087.34,6953.36,4,1,10,0.019446,43956.8
C003,2021-08-07,22477.27,10739.62,992087.34,1003824.99,11737.65,5,1,11,0.016194,47883.68
C003,2021-08-08,37039.45,22748.71,1003824.99,1018115.73,14290.74,6,0,12,0.013476,49233.69
C003,2021-08-09,43447.14,24317.35,1018115.73,1037245.52,19129.79,0,0,13,0.0112,41611.36
C003,2021-08-10,45944.63,48188.6,1037245.52,1035001.55,-2243.97,1,0,14,0.009288,72619.14
C003,2021-08-11,42162.14,26503.63,1035001.55,1050660.06,15658.51,2,0,15,0.007674,42477.74
C003,2021-08-12,38728.67,18776.35,1050660.06,1070612.38,19952.32,3,0,16,0.0063,37703.09
C003,2021-08-13,14094.91,8512.95,1070612.38,1076194.34,5581.96,4,1,17,0.005117,52601.07
C003,2021-08-14,21691.46,11406.78,1076194.34,1086479.02,10284.68,5,1,18,0.004076,64072.36
C003,2021-08-15,36455.28,26196.06,1086479.02,1096738.24,10259.22,6,0,19,0.003133,77424.1
C003,2021-08-16,34418.12,24409.29,1096738.24,1106747.07,10008.83,0,0,20,0.002242,81464.12
C003,2021-08-17,33536.78,18501.98,1106747.07,1121781.87,15034.8,1,0,21,0.001352,89471.77
C003,2021-08-18,35478.32,22667.36,1121781.87,1134592.83,12810.96,2,0,22,0.000406,87466.72
C003,2021-08-19,34692.97,16818.77,1134592.83,1152467.03,17874.2,3,0,23,-0.000669,84608.63
C003,2021-08-20,13489.1,7618.86,1152467.03,1158337.27,5870.24,4,1,24,-0.001963,103764.35
C003,2021-08-21,20986.46,10307.42,1158337.27,1169016.31,10679.04,5,1,25,-0.003598,119943.34
C003,2021-08-22,38730.6,20815.54,1169016.31,1186931.37,17915.06,6,0,26,-0.005737,134565.6
C003,2021-08-23,43121.87,22629.31,1186931.37,1207423.93,20492.56,0,0,27,-0.008604,141149.9
C003,2021-08-24,35791.29,18109.8,1207423.93,1225105.42,17681.49,1,0,28,-0.012505,150327.67
C003,2021-08-25,37836.41,24500.22,1225105.42,1238441.61,13336.19,2,0,29,-0.017867,147594.63
C003,2021-08-26,39507.04,17211.44,1238441.61,1260737.21,22295.6,3,0,30,-0.025282,141174.72
C003,2021-08-27,17766.39,269555.93,1260737.21,1008947.67,-251789.54,4,1,0,0.119999,418935.09
C003,2021-08-28,30203.24,10875.21,1008947.67,1028275.7,19328.03,5,1,1,0.100049,161125.35
C003,2021-08-29,49150.75,23855.84,1028275.7,1053570.61,25294.91,6,0,2,0.083415,166749.16
C003,2021-08-30,44915.65,26065.31,1053570.61,1072420.95,18850.34,0,0,3,0.069546,175624.52
C003,2021-08-31,44139.69,19846.18,1072420.95,1096714.46,24293.51,1,0,4,0.057983,179030.35
C003,2021-09-01,47952.59,77510.73,1096714.46,1067156.32,-29558.14,2,0,5,0.048341,168044.16
C003,2021-09-02,43141.0,18042.14,1067156.32,1092255.18,25098.86,3,0,6,0.040301,161538.17
C003,2021-09-03,18317.85,9804.78,1092255.18,1100768.25,8513.07,4,1,7,0.033596,181187.5
C003,2021-09-04,26004.72,10902.74,1100768.25,1115870.23,15101.98,5,1,8,0.028004,191857.52
C003,2021-09-05,44467.83,124293.92,1115870.23,1036044.14,-79826.09,6,0,9,0.023339,203842.35
C003,2021-09-06,43031.01,27366.48,1036044.14,1051708.67,15664.53,0,0,10,0.019446,212576.21
C003,2021-09-07,35322.4,19681.65,1051708.67,1067349.42,15640.75,1,0,11,0.016194,225812.98
C003,2021-09-08,37364.57,25857.11,1067349.42,1078856.88,11507.46,2,0,12,0.013476,225854.42
C003,2021-09-09,47728.38,18964.57,1078856.88,1107620.69,28763.81,3,0,13,0.0112,212255.1
C003,2021-09-10,18059.02,32541.91,1107620.69,1093137.8,-14482.89,4,1,14,0.009288,225315.03
C003,2021-09-11,26476.98,11299.31,1093137.8,1108315.47,15177.67,5,1,15,0.007674,227135.64
C003,2021-09-12,43849.97,23370.03,1108315.47,1128795.41,20479.94,6,0,16,0.0063,234217.73
C003,2021-09-13,49266.32,27510.35,1128795.41,1150551.38,21755.97,0,0,17,0.005117,237851.94
C003,2021-09-14,45812.92,22201.96,1150551.38,1174162.34,23610.96,1,0,18,0.004076,247973.55
C003,2021-09-15,42740.64,28691.79,1174162.34,1188211.19,14048.85,2,0,19,0.003133,188679.65
C003,2021-09-16,42195.77,19153.32,1188211.19,1211253.64,23042.45,3,0,20,0.002242,184875.34
C003,2021-09-17,19604.26,8798.35,1211253.64,1222059.55,10805.91,4,1,21,0.001352,189373.91
C003,2021-09-18,28181.34,13165.23,1222059.55,1237075.66,15016.11,5,1,22,0.000406,194219.8
C003,2021-09-19,51044.14,26018.18,1237075.66,1262101.62,25025.96,6,0,23,-0.000669,201296.12
C003,2021-09-20,53601.96,26743.93,1262101.62,1288959.65,26858.03,0,0,24,-0.001963,177439.72
C003,2021-09-21,52504.45,19967.13,1288959.65,1321496.97,32537.32,1,0,25,-0.003598,178292.96
C003,2021-09-22,53796.56,26719.7,1321496.97,1348573.83,27076.86,2,0,26,-0.005737,164385.61
C003,2021-09-23,46212.46,19353.2,1348573.83,1375433.09,26859.26,3,0,27,-0.008604,157520.15
C003,2021-09-24,19553.05,8949.9,1375433.09,1386036.24,10603.15,4,1,28,-0.012505,172549.02
C003,2021-09-25,28523.39,12647.7,1386036.24,1401911.93,15875.69,5,1,29,-0.017867,181364.46
C003,2021-09-26,46971.39,21000.56,1401911.93,1427882.76,25970.83,6,0,30,-0.025282,184154.36
C003,2021-09-27,50836.75,289318.46,1427882.76,1189401.05,-238481.71,0,0,0,0.119998,198344.92
C003,2021-09-28,51035.52,20116.8,1189401.05,1220319.77,30918.72,1,0,1,0.100048,211653.44
C003,2021-09-29,54171.57,26445.87,1220319.77,1248045.47,27725.7,2,0,2,0.083414,193782.64
C003,2021-09-30,47125.14,19425.8,1248045.47,1275744.81,27699.34,3,0,3,0.069545,183196.38
C003,2021-10-01,20474.24,61018.57,1275744.81,1235200.48,-40544.33,4,1,4,0.057981,247095.05
C003,2021-10-02,29674.63,11081.76,1235200.48,1253793.35,18592.87,5,1,5,0.048338,204572.71
C003,2021-10-03,55505.48,27343.08,1253793.35,1281955.75,28162.4,6,0,6,0.040297,203284.29
C003,2021-10-04,53010.0,27238.0,1281955.75,1307727.75,25772.0,0,0,7,0.033591,203991.43
C003,2021-10-05,52664.66,120505.92,1307727.75,1239886.49,-67841.26,1,0,8,0.027997,301659.28
C003,2021-10-06,50700.52,26302.13,1239886.49,1264284.88,24398.39,2,0,9,0.02333,188270.81
C003,2021-10-07,47737.48,18859.96,1264284.88,1293162.4,28877.52,3,0,10,0.019433,177908.04
C003,2021-10-08,21951.54,10402.64,1293162.4,1304711.3,11548.9,4,1,11,0.016176,189526.47
C003,2021-10-09,27070.57,11906.08,1304711.3,1319875.79,15164.49,5,1,12,0.013451,199834.21
C003,2021-10-10,48098.73,49521.69,1319875.79,1318452.83,-1422.96,6,0,13,0.011165,241804.91
C003,2021-10-11,44504.63,27506.35,1318452.83,1335451.11,16998.28,0,0,14,0.009239,231368.55
C003,2021-10-12,47648.9,20086.87,1335451.11,1363013.14,27562.03,1,0,15,0.007605,238722.96
C003,2021-10-13,54673.05,29282.87,1363013.14,1388403.32,25390.18,2,0,16,0.006205,226378.26
C003,2021-10-14,51290.32,17557.75,1388403.32,1422135.89,33732.57,3,0,17,0.004983,209147.02
C003,2021-10-15,18420.8,63665.85,1422135.89,1376890.84,-45245.05,4,1,18,0.003889,264595.22
C003,2021-10-16,31663.46,12425.32,1376890.84,1396128.98,19238.14,5,1,19,0.002872,264561.91
C003,2021-10-17,40892.32,25587.84,1396128.98,1411433.46,15304.48,6,0,20,0.001877,274219.87
C003,2021-10-18,46272.93,26410.93,1411433.46,1431295.46,19862.0,0,0,21,0.000844,268254.4
C003,2021-10-19,50311.76,18209.48,1431295.46,1463397.74,32102.28,1,0,22,-0.000304,263989.52
C003,2021-10-20,63611.68,60610.05,1463397.74,1466399.37,3001.63,2,0,23,-0.001659,268888.7
C003,2021-10-21,52046.36,18655.8,1466399.37,1499789.93,33390.56,3,0,24,-0.003344,248194.57
C003,2021-10-22,22072.67,8903.16,1499789.93,1512959.44,13169.51,4,1,25,-0.005526,266078.77
C003,2021-10-23,31936.41,11942.61,1512959.44,1532953.24,19993.8,5,1,26,-0.008427,269151.63
C003,2021-10-24,51111.97,25479.95,1532953.24,1558585.26,25632.02,6,0,27,-0.012358,271617.26
C003,2021-10-25,52014.69,27323.56,1558585.26,1583276.39,24691.13,0,0,28,-0.017745,266261.47
C003,2021-10-26,48033.2,19272.47,1583276.39,1612037.12,28760.73,1,0,29,-0.02518,259809.46
C003,2021-10-27,63818.38,288109.53,1612037.12,1387745.97,-224291.15,2,0,0,0.119999,492558.73
C003,2021-10-28,63546.34,19319.1,1387745.97,1431973.21,44227.24,3,0,1,0.100049,207337.61
C003,2021-10-29,19513.44,9658.54,1431973.21,1441828.11,9854.9,4,1,2,0.083415,242322.62
C003,2021-10-30,30294.42,13181.34,1441828.11,1458941.19,17113.08,5,1,3,0.069546,255064.37
C003,2021-10-31,49613.05,26258.71,1458941.19,1482295.53,23354.34,6,0,4,0.057983,262444.96
C003,2021-11-01,58912.14,82841.61,1482295.53,1458366.06,-23929.47,0,0,5,0.048341,259419.19
C003,2021-11-02,48145.1,21271.12,1458366.06,1485240.04,26873.98,1,0,6,0.040301,255234.24
C003,2021-11-03,54162.12,27682.98,1485240.04,1511719.18,26479.14,2,0,7,0.033596,235423.74
C003,2021-11-04,49989.46,20162.87,1511719.18,1541545.77,29826.59,3,0,8,0.028004,219454.43
C003,2021-11-05,21175.31,110165.39,1541545.77,1452555.69,-88990.08,4,1,9,0.023339,228928.08
C003,2021-11-06,30964.69,12449.94,1452555.69,1471070.44,18514.75,5,1,10,0.019446,233524.91
C003,2021-11-07,49015.7,25848.37,1471070.44,1494237.77,23167.33,6,0,11,0.016194,244664.73
C003,2021-11-08,53544.1,28071.87,1494237.77,1519710.0,25472.23,0,0,12,0.013476,250230.51
C003,2021-11-09,58678.55,18130.81,1519710.0,1560257.74,40547.74,1,0,13,0.0112,235967.18
C003,2021-11-10,60048.94,53487.02,1560257.74,1566819.66,6561.92,2,0,14,0.009288,216309.4
C003,2021-11-11,55378.23,20461.79,1566819.66,1601736.1,34916.44,3,0,15,0.007674,197782.92
C003,2021-11-12,21927.25,8881.77,1601736.1,1614781.58,13045.48,4,1,16,0.0063,210541.6
C003,2021-11-13,29938.14,13436.81,1614781.58,1631282.91,16501.33,5,1,17,0.005117,218561.33
C003,2021-11-14,36569.67,26366.52,1631282.91,1641486.06,10203.15,6,0,18,0.004076,233477.0
C003,2021-11-15,50263.89,31059.06,1641486.06,1660690.89,19204.83,0,0,19,0.003133,235863.1
C003,2021-11-16,45248.15,20285.71,1660690.89,1685653.33,24962.44,1,0,20,0.002242,248749.6
C003,2021-11-17,42044.62,28148.09,1685653.33,1699549.86,13896.53,2,0,21,0.001352,245155.14
C003,2021-11-18,46883.56,19046.16,1699549.86,1727387.26,27837.4,3,0,22,0.000406,232072.21
C003,2021-11-19,15572.48,7671.67,1727387.26,1735288.07,7900.81,4,1,23,-0.000669,241645.27
C003,2021-11-20,24957.37,12260.94,1735288.07,1747984.5,12696.43,5,1,24,-0.001963,253529.23
C003,2021-11-21,55750.48,24696.77,1747984.5,1779038.21,31053.71,6,0,25,-0.003598,256310.97
C003,2021-11-22,49837.55,26770.89,1779038.21,1802104.87,23066.66,0,0,26,-0.005737,261668.05
C003,2021-11-23,46478.31,18380.66,1802104.87,1830202.52,28097.65,1,0,27,-0.008604,270088.52
C003,2021-11-24,45023.95,25688.61,1830202.52,1849537.86,19335.34,2,0,28,-0.012505,263169.98
C003,2021-11-25,41856.96,19548.24,1849537.86,1871846.58,22308.72,3,0,29,-0.017867,259449.34
C003,2021-11-26,16697.25,8239.13,1871846.58,1880304.7,8458.12,4,1,30,-0.025282,272430.55
C003,2021-11-27,30411.84,271405.72,1880304.7,1639310.82,-240993.88,5,1,0,0.119998,280085.92
C003,2021-11-28,68330.03,23490.12,1639310.82,1684150.73,44839.91,6,0,1,0.100048,256277.42
C003,2021-11-29,57063.08,27208.25,1684150.73,1714005.56,29854.83,0,0,2,0.083414,240988.98
C003,2021-11-30,51372.48,20637.55,1714005.56,1744740.49,30734.93,1,0,3,0.069545,162981.91
C003,2021-12-01,55463.66,82418.9,1744740.49,1717785.25,-26955.24,2,0,4,0.057981,196470.98
C003,2021-12-02,43122.16,20433.13,1717785.25,1740474.28,22689.03,3,0,5,0.048338,134524.14
C003,2021-12-03,16809.25,10140.61,1740474.28,1747142.92,6668.64,4,1,6,0.040297,140476.35
C003,2021-12-04,26957.49,13100.21,1747142.92,1761000.2,13857.28,5,1,7,0.033591,138754.97
C003,2021-12-05,46624.23,126140.66,1761000.2,1681483.77,-79516.43,6,0,8,0.027997,238458.88
C003,2021-12-06,50582.79,27471.21,1681483.77,1704595.35,23111.58,0,0,9,0.02333,124119.58
C003,2021-12-07,53589.59,19282.44,1704595.35,1738902.5,34307.15,1,0,10,0.019433,115776.49
C003,2021-12-08,57043.89,26005.88,1738902.5,1769940.51,31038.01,2,0,11,0.016176,95725.7
C003,2021-12-09,46055.98,19771.57,1769940.51,1796224.92,26284.41,3,0,12,0.013451,88819.39
C003,2021-12-10,18470.99,31566.85,1796224.92,1783129.06,-13095.86,4,1,13,0.011165,131304.35
C003,2021-12-11,29361.12,12971.16,1783129.06,1799519.02,16389.96,5,1,14,0.009239,123350.87
C003,2021-12-12,51536.15,25731.99,1799519.02,1825323.18,25804.16,6,0,15,0.007605,125170.78
C003,2021-12-13,52220.35,27699.29,1825323.18,1849844.24,24521.06,0,0,16,0.006205,130589.61
C003,2021-12-14,46458.48,21339.66,1849844.24,1874963.06,25118.82,1,0,17,0.004983,139548.01
C003,2021-12-15,47644.48,26053.55,1874963.06,1896553.99,21590.93,2,0,18,0.003889,127781.43
C003,2021-12-16,54820.59,16971.65,1896553.99,1934402.93,37848.94,3,0,19,0.002872,49127.97
C003,2021-12-17,19819.81,9517.74,1934402.93,1944705.0,10302.07,4,1,20,0.001877,58741.23
C003,2021-12-18,26836.29,12081.82,1944705.0,1959459.47,14754.47,5,1,21,0.000844,71905.5
C003,2021-12-19,43611.68,26137.81,1959459.47,1976933.34,17473.87,6,0,22,-0.000304,75651.74
C003,2021-12-20,54436.33,29855.94,1976933.34,2001513.73,24580.39,0,0,23,-0.001659,68865.16
C003,2021-12-21,53747.5,19912.05,2001513.73,2035349.18,33835.45,1,0,24,-0.003344,-306397.82
C003,2021-12-22,55643.86,27220.12,2035349.18,2063772.92,28423.74,2,0,25,-0.005526,-326151.57
C003,2021-12-23,56049.99,19531.87,2063772.92,2100291.04,36518.12,3,0,26,-0.008427,-346849.35
C003,2021-12-24,20905.56,8488.76,2100291.04,2112707.84,12416.8,4,1,27,-0.012358,-337010.66
C003,2021-12-25,29896.17,11308.09,2112707.84,2131295.92,18588.08,5,1,28,-0.017745,-333815.72
C003,2021-12-26,49162.03,27722.7,2131295.92,2152735.25,21439.33,6,0,29,-0.02518,-323477.83
C003,2021-12-27,51548.46,284886.97,2152735.25,1919396.74,-233338.51,0,0,0,0.119999,-71484.17
C003,2021-12-28,42099.76,21068.35,1919396.74,1940428.15,21031.41,1,0,1,0.100049,-346336.85
C003,2021-12-29,43450.66,28884.27,1940428.15,1954994.54,14566.39,2,0,2,0.083415,-352779.78
C003,2021-12-30,41176.03,88448.17,1954994.54,1907722.4,-47272.14,3,0,3,0.069546,-291993.38
C003,2021-12-31,15960.47,9426.64,1907722.4,1914256.23,6533.83,4,1,4,0.057983,-278500.33
C003,2022-01-01,24364.92,63622.73,1914256.23,1874998.42,-39257.81,5,1,5,0.048341,-214583.27
C003,2022-01-02,35099.15,22478.3,1874998.42,1887619.27,12620.85,6,0,6,0.040301,-256175.7
C003,2022-01-03,36520.94,24385.04,1887619.27,1899755.17,12135.9,0,0,7,0.033596,-245959.97
C003,2022-01-04,36665.0,16477.52,1899755.17,1919942.65,20187.48,1,0,8,0.028004,-232936.03
C003,2022-01-05,40720.54,131948.26,1919942.65,1828714.93,-91227.72,2,0,9,0.023339,-129116.74
C003,2022-01-06,40662.44,14698.38,1828714.93,1854678.99,25964.06,3,0,10,0.019446,-316247.21
C003,2022-01-07,18864.74,7877.52,1854678.99,1865666.21,10987.22,4,1,11,0.016194,-307796.71
C003,2022-01-08,30071.5,10693.4,1865666.21,1885044.31,19378.1,5,1,12,0.013476,-307662.95
C003,2022-01-09,51098.55,21709.45,1885044.31,1914433.41,29389.1,6,0,13,0.0112,-315014.23
C003,2022-01-10,58415.91,49979.43,1914433.41,1922869.89,8436.48,0,0,14,0.009288,-300426.83
C003,2022-01-11,47342.25,19718.18,1922869.89,1950493.96,27624.07,1,0,15,0.007674,-314453.85
C003,2022-01-12,55374.43,25434.54,1950493.96,1980433.85,29939.89,2,0,16,0.0063,-334762.68
C003,2022-01-13,53406.51,19329.29,1980433.85,2014511.07,34077.22,3,0,17,0.005117,-349846.29
C003,2022-01-14,17923.05,8098.7,2014511.07,2024335.42,9824.35,4,1,18,0.004076,-337356.22
C003,2022-01-15,27770.65,68575.17,2024335.42,1983530.9,-40804.52,5,1,19,0.003133,-278929.15
C003,2022-01-16,45960.1,26044.77,1983530.9,2003446.23,19915.33,6,0,20,0.002242,-272571.29
C003,2022-01-17,56547.22,28628.48,2003446.23,2031364.97,27918.74,0,0,21,0.001352,-277875.86
C003,2022-01-18,41130.52,19910.41,2031364.97,2052585.08,21220.11,1,0,22,0.000406,-263238.19
C003,2022-01-19,43768.83,25975.02,2052585.08,2070378.89,17793.81,2,0,23,-0.000669,-269841.56
C003,2022-01-20,44351.03,385778.56,2070378.89,1728951.36,-341427.53,3,0,24,-0.001963,91840.06
C003,2022-01-21,17462.61,8792.62,1728951.36,1737621.35,8669.99,4,1,25,-0.003598,102400.43
C003,2022-01-22,27507.87,11687.53,1737621.35,1753441.69,15820.34,5,1,26,-0.005737,99759.35
C003,2022-01-23,45754.41,23498.92,1753441.69,1775697.18,22255.49,6,0,27,-0.008604,102711.48
C003,2022-01-24,52558.16,30775.14,1775697.18,1797480.2,21783.02,0,0,28,-0.012505,91132.85
C003,2022-01-25,50413.46,18636.24,1797480.2,1829257.42,31777.22,1,0,29,-0.017867,78591.91
C003,2022-01-26,42938.44,24283.29,1829257.42,1847912.57,18655.15,2,0,30,-0.025282,68774.38
C003,2022-01-27,45312.92,299134.19,1847912.57,1594091.3,-253821.27,3,0,0,0.119999,337342.04
C003,2022-01-28,16681.16,8557.7,1594091.3,1602214.76,8123.46,4,1,1,0.100049,77897.24
C003,2022-01-29,24926.04,11411.78,1602214.76,1615729.02,13514.26,5,1,2,0.083415,85574.0
C003,2022-01-30,42505.59,22478.71,1615729.02,1635755.9,20026.88,6,0,3,0.069546,29230.27
C003,2022-01-31,52070.86,27411.61,1635755.9,1660415.15,24659.25,0,0,4,0.057983,24309.38
C003,2022-02-01,44726.21,73697.79,1660415.15,1631443.57,-28971.58,1,0,5,0.048341,77522.78
C003,2022-02-02,46998.62,24646.99,1631443.57,1653795.2,22351.63,2,0,6,0.040301,62805.6
C003,2022-02-03,50029.87,16818.45,1653795.2,1687006.62,33211.42,3,0,7,0.033596,-62517.86
C003,2022-02-04,20068.78,7477.21,1687006.62,1699598.19,12591.57,4,1,8,0.028004,-56875.79
C003,2022-02-05,30657.94,191824.35,1699598.19,1538431.78,-161166.41,5,1,9,0.023339,128432.74
C003,2022-02-06,43542.68,24104.96,1538431.78,1557869.5,19437.72,6,0,10,0.019446,133955.92
C003,2022-02-07,47326.85,27814.99,1557869.5,1577381.36,19511.86,0,0,11,0.016194,133252.1
C003,2022-02-08,40929.92,18892.1,1577381.36,1599419.18,22037.82,1,0,12,0.013476,108075.63
C003,2022-02-09,50129.14,27105.26,1599419.18,1622443.06,23023.88,2,0,13,0.0112,93379.63
C003,2022-02-10,54877.44,41280.39,1622443.06,1636040.11,13597.05,3,0,14,0.009288,92032.65
C003,2022-02-11,19034.11,9403.05,1636040.11,1645671.17,9631.06,4,1,15,0.007674,102967.37
C003,2022-02-12,29755.88,10762.27,1645671.17,1664664.78,18993.61,5,1,16,0.0063,95637.02
C003,2022-02-13,44314.25,21999.83,1664664.78,1686979.2,22314.42,6,0,17,0.005117,90370.27
C003,2022-02-14,44044.23,26421.68,1686979.2,1704601.75,17622.55,0,0,18,0.004076,85216.48
C003,2022-02-15,44661.95,18388.76,1704601.75,1730874.94,26273.19,1,0,19,0.003133,79073.77
C003,2022-02-16,47477.3,24863.13,1730874.94,1753489.11,22614.17,2,0,20,0.002242,60223.67
C003,2022-02-17,55133.61,19275.83,1753489.11,1789346.89,35857.78,3,0,21,0.001352,35112.48
C003,2022-02-18,19974.15,8783.71,1789346.89,1800537.33,11190.44,4,1,22,0.000406,35476.1
C003,2022-02-19,31509.19,11255.1,1800537.33,1820791.42,20254.09,5,1,23,-0.000669,33566.71
C003,2022-02-20,43269.32,24038.96,1820791.42,1840021.78,19230.36,6,0,24,-0.001963,33249.51
C003,2022-02-21,42814.37,29635.11,1840021.78,1853201.04,13179.26,0,0,25,-0.003598,31697.54
C003,2022-02-22,44383.63,19176.01,1853201.04,1878408.66,25207.62,1,0,26,-0.005737,25252.41
C003,2022-02-23,36722.77,26518.38,1878408.66,1888613.05,10204.39,2,0,27,-0.008604,20530.59
C003,2022-02-24,37020.42,17784.14,1888613.05,1907849.33,19236.28,3,0,28,-0.012505,13765.71
C003,2022-02-25,16624.93,7787.31,1907849.33,1916686.95,8837.62,4,1,29,-0.017867,-254525.44
C003,2022-02-26,25074.92,10328.53,1916686.95,1931433.34,14746.39,5,1,30,-0.025282,-255271.25
C003,2022-02-27,50683.04,302004.38,1931433.34,1680112.0,-251321.34,6,0,0,0.119997,17771.84
C003,2022-02-28,48292.29,27101.27,1680112.0,1701303.02,21191.02,0,0,1,0.100046,13894.55
C003,2022-03-01,36821.84,73138.69,1701303.02,1664986.17,-36316.85,1,0,2,0.083411,74965.85
C003,2022-03-02,42141.75,22403.39,1664986.17,1684724.53,19738.36,2,0,3,0.069541,9811.07
C003,2022-03-03,41841.2,17599.38,1684724.53,1708966.35,24241.82,3,0,4,0.057975,-2607.08
C003,2022-03-04,16159.08,8524.63,1708966.35,1716600.8,7634.45,4,1,5,0.04833,445.99
C003,2022-03-05,26847.86,118959.9,1716600.8,1624488.76,-92112.04,5,1,6,0.040286,94612.11
C003,2022-03-06,39124.33,20890.69,1624488.76,1642722.4,18233.64,6,0,7,0.033575,-12225.98
C003,2022-03-07,48747.36,24605.24,1642722.4,1666864.52,24142.12,0,0,8,0.027975,-25801.26
C003,2022-03-08,42867.31,17906.41,1666864.52,1691825.42,24960.9,1,0,9,0.023298,-33112.94
C003,2022-03-09,43744.21,24936.17,1691825.42,1710633.46,18808.04,2,0,10,0.019389,-46648.01
C003,2022-03-10,38962.12,42100.77,1710633.46,1707494.81,-3138.65,3,0,11,0.016116,-31408.99
C003,2022-03-11,16916.55,8588.67,1707494.81,1715822.69,8327.88,4,1,12,0.013367,-47126.11
C003,2022-03-12,24702.62,12452.55,1715822.69,1728072.76,12250.07,5,1,13,0.011047,-38477.17
C003,2022-03-13,44850.01,24284.23,1728072.76,1748638.54,20565.78,6,0,14,0.009074,-42229.43
C003,2022-03-14,40437.69,28774.43,1748638.54,1760301.8,11663.26,0,0,15,0.007375,-41196.93
C003,2022-03-15,39040.52,21992.85,1760301.8,1777349.47,17047.67,1,0,16,0.005884,-42322.56
C003,2022-03-16,41570.27,29101.51,1777349.47,1789818.23,12468.76,2,0,17,0.004535,-107281.09
C003,2022-03-17,39918.92,19788.44,1789818.23,1809948.71,20130.48,3,0,18,0.003264,-118971.26
C003,2022-03-18,14281.07,10517.0,1809948.71,1813712.78,3764.07,4,1,19,0.002,-109164.71
C003,2022-03-19,24103.96,13357.37,1813712.78,1824459.37,10746.59,5,1,20,0.00066,-109146.41
C003,2022-03-20,37491.91,25937.85,1824459.37,1836013.43,11554.06,6,0,21,-0.000855,-110005.6
C003,2022-03-21,44762.64,26417.94,1836013.43,1854358.13,18344.7,0,0,22,-0.002674,-307716.58
C003,2022-03-22,39724.58,20811.42,1854358.13,1873271.29,18913.16,1,0,23,-0.004967,-315754.51
C003,2022-03-23,40496.88,28869.59,1873271.29,1884898.58,11627.29,2,0,24,-0.007962,-323312.34
C003,2022-03-24,39409.37,20646.88,1884898.58,1903661.07,18762.49,3,0,25,-0.01197,-335802.16
C003,2022-03-25,15172.66,9690.09,1903661.07,1909143.64,5482.57,4,1,26,-0.017421,-331513.88
C003,2022-03-26,25395.72,12924.32,1909143.64,1921615.04,12471.4,5,1,27,-0.02491,-329642.66
C003,2022-03-27,45590.52,305044.05,1921615.04,1662161.51,-259453.53,6,0,0,0.119999,-56076.42
C003,2022-03-28,43947.36,29946.78,1662161.51,1676162.09,14000.58,0,0,1,0.100049,-323521.04
C003,2022-03-29,42759.72,21037.97,1676162.09,1697883.84,21721.75,1,0,2,0.083415,-325558.19
C003,2022-03-30,47000.97,29687.24,1697883.84,1715197.57,17313.73,2,0,3,0.069546,-339138.08
C003,2022-03-31,44157.34,19402.89,1715197.57,1739952.02,24754.45,3,0,4,0.057983,-353018.02
C003,2022-04-01,17757.43,63173.85,1739952.02,1694535.6,-45416.42,4,1,5,0.048341,-360423.56
C003,2022-04-02,24085.87,12262.2,1694535.6,1706359.27,11823.67,5,1,6,0.040301,-367973.79
C003,2022-04-03,34074.51,23386.99,1706359.27,1717046.79,10687.52,6,0,7,0.033596,-371889.2
C003,2022-04-04,31209.38,29155.3,1717046.79,1719100.87,2054.08,0,0,8,0.028004,-368959.53
C003,2022-04-05,34687.03,123291.48,1719100.87,1630496.42,-88604.45,1,0,9,0.023339,-371612.65
C003,2022-04-06,34754.06,24187.22,1630496.42,1641063.26,10566.84,2,0,10,0.019446,-374539.12
C003,2022-04-07,34404.55,16755.33,1641063.26,1658712.48,17649.22,3,0,11,0.016194,-379484.52
C003,2022-04-08,12760.76,7487.79,1658712.48,1663985.45,5272.97,4,1,12,0.013476,-369012.69
C003,2022-04-09,22220.22,10119.85,1663985.45,1676085.82,12100.37,5,1,13,0.0112,-364770.62
C003,2022-04-10,38106.23,45495.47,1676085.82,1668696.58,-7389.24,6,0,14,0.009288,-361076.2
C003,2022-04-11,39813.22,18914.21,1668696.58,1689595.59,20899.01,0,0,15,0.007674,-365019.7
C003,2022-04-12,33660.85,16847.33,1689595.59,1706409.11,16813.52,1,0,16,0.0063,-357707.88
C003,2022-04-13,32758.7,20062.94,1706409.11,1719104.87,12695.76,2,0,17,0.005117,-363637.87
C003,2022-04-14,30581.76,14659.72,1719104.87,1735026.91,15922.04,3,0,18,0.004076,-369510.95
C003,2022-04-15,12018.98,64508.75,1735026.91,1682537.14,-52489.77,4,1,19,0.003133,-304437.68
C003,2022-04-16,17748.34,9308.03,1682537.14,1690977.45,8440.31,5,1,20,0.002242,-296000.71
C003,2022-04-17,34368.37,20797.75,1690977.45,1704548.07,13570.62,6,0,21,0.001352,-295984.53
C003,2022-04-18,30308.38,19543.49,1704548.07,1715312.96,10764.89,0,0,22,0.000406,-294039.71
C003,2022-04-19,26460.23,15765.36,1715312.96,1726007.83,10694.87,1,0,23,-0.000669,-282332.59
C003,2022-04-20,33044.58,212410.86,1726007.83,1546641.55,-179366.28,2,0,24,-0.001963,-98482.6
C003,2022-04-21,26239.08,15363.85,1546641.55,1557516.78,10875.23,3,0,25,-0.003598,-100801.18
C003,2022-04-22,10403.95,6334.49,1557516.78,1561586.24,4069.46,4,1,26,-0.005737,-94031.58
C003,2022-04-23,16117.99,9845.32,1561586.24,1567858.91,6272.67,5,1,27,-0.008604,-90559.77
C003,2022-04-24,25647.75,15876.9,1567858.91,1577629.76,9770.85,6,0,28,-0.012505,-84835.35
C003,2022-04-25,33163.73,18821.11,1577629.76,1591972.38,14342.62,0,0,29,-0.017867,-90063.25
C003,2022-04-26,27177.42,13064.71,1591972.38,1606085.09,14112.71,1,0,30,-0.025282,-88801.07
C003,2022-04-27,39019.49,292463.53,1606085.09,1352641.05,-253444.04,2,0,0,0.119998,-109313.98
C003,2022-04-28,32386.03,12701.43,1352641.05,1372325.65,19684.6,3,0,1,0.100048,-115540.02
C003,2022-04-29,10777.65,7043.81,1372325.65,1376059.49,3733.84,4,1,2,0.083414,-92790.08
C003,2022-04-30,19388.42,8513.91,1376059.49,1386934.0,10874.51,5,1,3,0.069545,-77459.68
C003,2022-05-01,21146.26,73968.22,1386934.0,1334112.04,-52821.96,6,0,4,0.057981,-1159.11
C003,2022-05-02,24790.61,20517.17,1334112.04,1338385.48,4273.44,0,0,5,0.048338,-45415.03
C003,2022-05-03,21326.96,14554.85,1338385.48,1345157.59,6772.11,1,0,6,0.040297,-32344.5
C003,2022-05-04,23553.74,18569.99,1345157.59,1350141.34,4983.75,2,0,7,0.033591,-33087.3
C003,2022-05-05,28779.62,120037.19,1350141.34,1258883.77,-91257.57,3,0,8,0.027997,65297.49
C003,2022-05-06,13583.68,5943.31,1258883.77,1266524.14,7640.37,4,1,9,0.02333,-42680.41
C003,2022-05-07,20961.76,8257.94,1266524.14,1279227.96,12703.82,5,1,10,0.019433,-49769.84
C003,2022-05-08,32154.52,16409.72,1279227.96,1294972.76,15744.8,6,0,11,0.016176,-50877.57
C003,2022-05-09,34953.04,18610.6,1294972.76,1311315.2,16342.44,0,0,12,0.013451,-55915.72
C003,2022-05-10,36249.29,39944.11,1311315.2,1307620.38,-3694.82,1,0,13,0.011165,-33920.77
C003,2022-05-11,37331.28,20375.77,1307620.38,1324575.89,16955.51,2,0,14,0.009239,-76187.42
C003,2022-05-12,38461.16,14335.82,1324575.89,1348701.23,24125.34,3,0,15,0.007605,-92353.57
C003,2022-05-13,13625.14,6859.37,1348701.23,1355467.0,6765.77,4,1,16,0.006205,-83436.03
C003,2022-05-14,19703.08,9654.12,1355467.0,1365515.96,10048.96,5,1,17,0.004983,-76372.13
C003,2022-05-15,33574.24,20990.74,1365515.96,1378099.46,12583.5,6,0,18,0.003889,-71161.44
C003,2022-05-16,39913.05,23035.77,1378099.46,1394976.74,16877.28,0,0,19,0.002872,-81747.84
C003,2022-05-17,29869.41,16282.61,1394976.74,1408563.54,13586.8,1,0,20,0.001877,-79398.21
C003,2022-05-18,35383.25,22673.54,1408563.54,1421273.25,12709.71,2,0,21,0.000844,-89549.49
C003,2022-05-19,37836.06,15434.07,1421273.25,1443675.24,22401.99,3,0,22,-0.000304,-101545.08
C003,2022-05-20,12562.85,8079.14,1443675.24,1448158.95,4483.71,4,1,23,-0.001659,-98820.24
C003,2022-05-21,17964.87,9408.22,1448158.95,1456715.6,8556.65,5,1,24,-0.003344,-99680.59
C003,2022-05-22,30257.57,19418.51,1456715.6,1467554.66,10839.06,6,0,25,-0.005526,-92818.82
C003,2022-05-23,33852.78,24108.3,1467554.66,1477299.14,9744.48,0,0,26,-0.008427,-92111.18
C003,2022-05-24,31250.57,15755.3,1477299.14,1492794.41,15495.27,1,0,27,-0.012358,-96804.86
C003,2022-05-25,29674.84,20560.12,1492794.41,1501909.13,9114.72,2,0,28,-0.017745,-102381.93
C003,2022-05-26,29483.98,14109.09,1501909.13,1517284.02,15374.89,3,0,29,-0.02518,-110535.06
C003,2022-05-27,15636.64,289593.59,1517284.02,1243327.07,-273956.95,4,1,0,0.119999,173568.57
C003,2022-05-28,22562.0,9103.44,1243327.07,1256785.63,13458.56,5,1,1,0.100049,-108575.35
C003,2022-05-29,44867.4,18383.62,1256785.63,1283269.41,26483.78,6,0,2,0.083415,-120423.92
C003,2022-05-30,47356.01,21151.1,1283269.41,1309474.32,26204.91,0,0,3,0.069546,-136111.44
C003,2022-05-31,39016.52,15537.91,1309474.32,1332952.93,23478.61,1,0,4,0.057983,-144770.23
C003,2022-06-01,35578.97,75561.45,1332952.93,1292970.45,-39982.48,2,0,5,0.048341,-157285.46
C003,2022-06-02,35166.95,15324.31,1292970.45,1312813.09,19842.64,3,0,6,0.040301,-169216.87
C003,2022-06-03,12239.45,7998.5,1312813.09,1317054.04,4240.95,4,1,7,0.033596,-160841.06
C003,2022-06-04,18286.32,11159.1,1317054.04,1324181.26,7127.22,5,1,8,0.028004,-155303.39
C003,2022-06-05,28441.18,128778.71,1324181.26,1223843.73,-100337.53,6,0,9,0.023339,-149101.71
C003,2022-06-06,29030.73,23416.34,1223843.73,1229458.12,5614.39,0,0,10,0.019446,-149258.43
C003,2022-06-07,28679.04,14041.97,1229458.12,1244095.19,14637.07,1,0,11,0.016194,-156965.27
C003,2022-06-08,31228.25,19923.96,1244095.19,1255399.48,11304.29,2,0,12,0.013476,-167493.18
C003,2022-06-09,32636.24,14336.11,1255399.48,1273699.61,18300.13,3,0,13,0.0112,-183232.9
C003,2022-06-10,11255.72,36566.86,1273699.61,1248388.47,-25311.14,4,1,14,0.009288,-190882.25
C003,2022-06-11,16788.34,8829.15,1248388.47,1256347.66,7959.19,5,1,15,0.007674,-196551.28
C003,2022-06-12,32823.22,17139.91,1256347.66,1272030.97,15683.31,6,0,16,0.0063,-202691.06
C003,2022-06-13,37154.8,20041.94,1272030.97,1289143.83,17112.86,0,0,17,0.005117,-209339.57
C003,2022-06-14,34149.5,16355.31,1289143.83,1306938.02,17794.19,1,0,18,0.004076,-209817.05
C003,2022-06-15,25843.36,19552.48,1306938.02,1313228.9,6290.88,2,0,19,0.003133,-270171.88
C003,2022-06-16,30308.44,14372.01,1313228.9,1329165.33,15936.43,3,0,20,0.002242,-273817.39
C003,2022-06-17,10073.65,7515.22,1329165.33,1331723.76,2558.43,4,1,21,0.001352,-259034.67
C003,2022-06-18,18838.93,8432.53,1331723.76,1342130.16,10406.4,5,1,22,0.000406,-252320.84
C003,2022-06-19,26400.63,19192.08,1342130.16,1349338.71,7208.55,6,0,23,-0.000669,-244942.55
C003,2022-06-20,27709.66,20013.36,1349338.71,1357035.01,7696.3,0,0,24,-0.001963,-236574.49
C003,2022-06-21,33257.71,15556.88,1357035.01,1374735.84,17700.83,1,0,25,-0.003598,-237955.68
C003,2022-06-22,28553.37,18101.25,1374735.84,1385187.96,10452.12,2,0,26,-0.005737,-243850.18
C003,2022-06-23,24544.89,13743.3,1385187.96,1395989.55,10801.59,3,0,27,-0.008604,-246191.09
C003,2022-06-24,10502.99,6965.34,1395989.55,1399527.2,3537.65,4,1,28,-0.012505,-239458.89
C003,2022-06-25,16353.56,9131.8,1399527.2,1406748.96,7221.76,5,1,29,-0.017867,-233251.91
C003,2022-06-26,28227.41,18080.73,1406748.96,1416895.64,10146.68,6,0,30,-0.025282,-229355.7
C003,2022-06-27,30702.14,299387.5,1416895.64,1148210.28,-268685.36,0,0,0,0.119998,-223323.02
C003,2022-06-28,28907.7,14272.49,1148210.28,1162845.49,14635.21,1,0,1,0.100048,-221947.83
C003,2022-06-29,30110.16,19592.77,1162845.49,1173362.88,10517.39,2,0,2,0.083414,-227897.62
C003,2022-06-30,28438.89,13619.07,1173362.88,1188182.7,14819.82,3,0,3,0.069545,-232708.46
C003,2022-07-01,8864.97,61362.68,1188182.7,1135684.99,-52497.71,4,1,4,0.057981,-169555.61
C003,2022-07-02,16289.44,8378.21,1135684.99,1143596.22,7911.23,5,1,5,0.048338,-216548.56
C003,2022-07-03,29338.58,16721.82,1143596.22,1156212.98,12616.76,6,0,6,0.040297,-208864.23
C003,2022-07-04,32130.49,19465.6,1156212.98,1168877.87,12664.89,0,0,7,0.033591,-212712.61
C003,2022-07-05,27289.74,121425.59,1168877.87,1074742.02,-94135.85,1,0,8,0.027997,-108556.1
C003,2022-07-06,24827.07,19369.4,1074742.02,1080199.69,5457.67,2,0,9,0.02333,-216010.04
C003,2022-07-07,20773.83,13843.6,1080199.69,1087129.92,6930.23,3,0,10,0.019433,-215979.11
C003,2022-07-08,7832.49,7056.11,1087129.92,1087906.3,776.38,4,1,11,0.016176,-202672.03
C003,2022-07-09,11418.19,8857.78,1087906.3,1090466.71,2560.41,5,1,12,0.013451,-194664.43
C003,2022-07-10,16953.32,49913.81,1090466.71,1057506.22,-32960.49,6,0,13,0.011165,-146473.38
C003,2022-07-11,19361.24,17071.08,1057506.22,1059796.38,2290.16,0,0,14,0.009239,-173059.73
C003,2022-07-12,21747.97,12204.44,1059796.38,1069339.91,9543.53,1,0,15,0.007605,-164303.38
C003,2022-07-13,25725.64,15261.29,1069339.91,1079804.26,10464.35,2,0,16,0.006205,-169881.08
C003,2022-07-14,28509.1,11192.39,1079804.26,1097120.97,17316.71,3,0,17,0.004983,-178828.18
C003,2022-07-15,10046.59,64110.54,1097120.97,1043057.02,-54063.95,4,1,18,0.003889,-111844.62
C003,2022-07-16,19559.16,7268.24,1043057.02,1055347.94,12290.92,5,1,19,0.002872,-113895.67
C003,2022-07-17,32601.74,15260.59,1055347.94,1072689.09,17341.15,6,0,20,0.001877,-114111.04
C003,2022-07-18,34901.04,17780.81,1072689.09,1089809.32,17120.23,0,0,21,0.000844,-125632.88
C003,2022-07-19,29447.59,14860.75,1089809.32,1104396.16,14586.84,1,0,22,-0.000304,-125887.58
C003,2022-07-20,36454.71,20390.35,1104396.16,1120460.52,16064.36,2,0,23,-0.001659,-135265.87
C003,2022-07-21,31681.32,15361.68,1120460.52,1136780.16,16319.64,3,0,24,-0.003344,-141066.48
C003,2022-07-22,11708.58,7150.96,1136780.16,1141337.78,4557.62,4,1,25,-0.005526,-133983.23
C003,2022-07-23,17624.77,9164.09,1141337.78,1149798.46,8460.68,5,1,26,-0.008427,-138551.75
C003,2022-07-24,28555.67,18285.82,1149798.46,1160068.31,10269.85,6,0,27,-0.012358,-138164.83
C003,2022-07-25,30068.98,16640.24,1160068.31,1173497.05,13428.74,0,0,28,-0.017745,-140846.81
C003,2022-07-26,29853.58,15810.69,1173497.05,1187539.94,14042.89,1,0,29,-0.02518,-136393.68
C003,2022-07-27,37621.52,300274.2,1187539.94,924887.26,-262652.68,2,0,0,0.119999,133360.57
C003,2022-07-28,29657.07,13646.67,924887.26,940897.66,16010.4,3,0,1,0.100049,-148360.78
C003,2022-07-29,11668.08,7100.48,940897.66,945465.26,4567.6,4,1,2,0.083415,-135914.82
C003,2022-07-30,19506.37,9497.39,945465.26,955474.24,10008.98,5,1,3,0.069546,-126343.74
C003,2022-07-31,29909.45,19254.31,955474.24,966129.38,10655.14,6,0,4,0.057983,-117789.77
C003,2022-08-01,37687.52,76769.24,966129.38,927047.66,-39081.72,0,0,5,0.048341,-61565.95
C003,2022-08-02,35431.69,15130.6,927047.66,947348.75,20301.09,1,0,6,0.040301,-118789.45
C003,2022-08-03,33390.4,24573.89,947348.75,956165.26,8816.51,2,0,7,0.033596,-121219.43
C003,2022-08-04,26297.28,16276.62,956165.26,966185.92,10020.66,3,0,8,0.028004,-119782.28
C003,2022-08-05,13178.18,115174.45,966185.92,864189.65,-101996.27,4,1,9,0.023339,-6283.37
C003,2022-08-06,17392.62,10431.46,864189.65,871150.81,6961.16,5,1,10,0.019446,-112325.35
C003,2022-08-07,33784.08,19700.62,871150.81,885234.27,14083.46,6,0,11,0.016194,-110184.0
C003,2022-08-08,36042.08,25474.07,885234.27,895802.28,10568.01,0,0,12,0.013476,-105044.25
C003,2022-08-09,32126.38,16895.82,895802.28,911032.84,15230.56,1,0,13,0.0112,-94162.36
C003,2022-08-10,33520.81,57817.0,911032.84,886736.65,-24296.19,2,0,14,0.009288,-62355.9
C003,2022-08-11,34502.22,16202.34,886736.65,905036.53,18299.88,3,0,15,0.007674,-94099.5
C003,2022-08-12,13199.53,8312.88,905036.53,909923.18,4886.65,4,1,16,0.0063,-84617.77
C003,2022-08-13,19371.94,11002.33,909923.18,918292.79,8369.61,5,1,17,0.005117,-83827.32
C003,2022-08-14,35191.25,22271.64,918292.79,931212.4,12919.61,6,0,18,0.004076,-78700.76
C003,2022-08-15,34453.65,24213.78,931212.4,941452.27,10239.87,0,0,19,0.003133,-82351.51
C003,2022-08-16,36619.21,19493.43,941452.27,958578.05,17125.78,1,0,20,0.002242,-83728.99
C003,2022-08-17,30390.02,24791.63,958578.05,964176.44,5598.39,2,0,21,0.001352,-83557.36
C003,2022-08-18,32167.51,17835.37,964176.44,978508.58,14332.14,3,0,22,0.000406,-87354.1
C003,2022-08-19,14660.69,7974.62,978508.58,985194.65,6686.07,4,1,23,-0.000669,-77347.55
C003,2022-08-20,20135.15,9616.12,985194.65,995713.68,10519.03,5,1,24,-0.001963,-61497.32
C003,2022-08-21,34227.41,22586.54,995713.68,1007354.55,11640.87,6,0,25,-0.003598,-50661.89
C003,2022-08-22,28008.59,24116.43,1007354.55,1011246.71,3892.16,0,0,26,-0.005737,-30291.37
C003,2022-08-23,26905.6,16248.83,1011246.71,1021903.48,10656.77,1,0,27,-0.008604,-17588.13
C003,2022-08-24,34787.41,24040.65,1021903.48,1032650.24,10746.76,2,0,28,-0.012505,-21443.85
C003,2022-08-25,34488.67,15992.65,1032650.24,1051146.26,18496.02,3,0,29,-0.017867,-29478.08
C003,2022-08-26,14111.09,7009.52,1051146.26,1058247.83,7101.57,4,1,30,-0.025282,-21818.81
C003,2022-08-27,23403.98,289114.93,1058247.83,792536.88,-265710.95,5,1,0,0.119999,262619.7
C003,2022-08-28,36834.38,19820.82,792536.88,809550.44,17013.56,6,0,1,0.100049,-12051.32
C003,2022-08-29,41003.28,21423.22,809550.44,829130.5,19580.06,0,0,2,0.083415,-14775.85
C003,2022-08-30,35701.98,16492.87,829130.5,848339.61,19209.11,1,0,3,0.069546,-15378.52
C003,2022-08-31,40277.03,23134.93,848339.61,865481.71,17142.1,2,0,4,0.057983,-24641.15
C003,2022-09-01,35678.43,72600.84,865481.71,828559.3,-36922.41,3,0,5,0.048341,-30303.94
C003,2022-09-02,14489.19,8102.66,828559.3,834945.83,6386.53,4,1,6,0.040301,-20883.36
C003,2022-09-03,22533.21,11075.4,834945.83,846403.64,11457.81,5,1,7,0.033596,-16186.24
C003,2022-09-04,33737.02,22234.38,846403.64,857906.28,11502.64,6,0,8,0.028004,1674.77
C003,2022-09-05,32108.41,131189.23,857906.28,758825.46,-99080.82,0,0,9,0.023339,11019.89
C003,2022-09-06,32568.87,16344.06,758825.46,775050.27,16224.81,1,0,10,0.019446,14304.35
C003,2022-09-07,38225.03,22517.27,775050.27,790758.03,15707.76,2,0,11,0.016194,1574.43
C003,2022-09-08,43207.69,17095.24,790758.03,816870.48,26112.45,3,0,12,0.013476,-13253.37
C003,2022-09-09,14673.42,7163.15,816870.48,824380.75,7510.27,4,1,13,0.0112,-1837.72
C003,2022-09-10,24499.66,37943.38,824380.75,810937.03,-13443.72,5,1,14,0.009288,-312.8
C003,2022-09-11,37161.3,22792.92,810937.03,825305.41,14368.38,6,0,15,0.007674,255.74
C003,2022-09-12,35770.05,26609.99,825305.41,834465.47,9160.06,0,0,16,0.0063,-1360.55
C003,2022-09-13,37403.87,19357.7,834465.47,852511.64,18046.17,1,0,17,0.005117,-2203.39
C003,2022-09-14,34891.44,28302.32,852511.64,859100.76,6589.12,2,0,18,0.004076,-3333.89
C003,2022-09-15,34298.74,18550.44,859100.76,874849.06,15748.3,3,0,19,0.003133,-66895.8
C003,2022-09-16,14220.47,8450.45,874849.06,880619.08,5770.02,4,1,20,0.002242,-120851.45
C003,2022-09-17,22423.13,11887.73,880619.08,891154.48,10535.4,5,1,21,0.001352,-111479.05
C003,2022-09-18,37269.05,20576.43,891154.48,907847.1,16692.62,6,0,22,0.000406,-98974.48
C003,2022-09-19,49508.69,23139.43,907847.1,934216.36,26369.26,0,0,23,-0.000669,-104729.11
C003,2022-09-20,39999.09,17522.79,934216.36,956692.66,22476.3,1,0,24,-0.001963,-105423.97
C003,2022-09-21,47066.59,22803.91,956692.66,980955.34,24262.68,2,0,25,-0.003598,-120790.95
C003,2022-09-22,40902.28,17542.27,980955.34,1004315.35,23360.01,3,0,26,-0.005737,-130345.39
C003,2022-09-23,15719.47,8828.43,1004315.35,1011206.39,6891.04,4,1,27,-0.008604,-118789.39
C003,2022-09-24,21724.46,11262.67,1011206.39,1021668.18,10461.79,5,1,28,-0.012505,-114506.09
C003,2022-09-25,38443.22,23682.38,1021668.18,1036429.02,14760.84,6,0,29,-0.017867,-113958.29
C003,2022-09-26,45420.02,26692.46,1036429.02,1055156.58,18727.56,0,0,30,-0.025282,-124759.99
C003,2022-09-27,44366.7,302024.16,1055156.58,797499.12,-257657.46,1,0,0,0.119998,-117111.13
C003,2022-09-28,41283.82,24428.29,797499.12,814354.65,16855.53,2,0,1,0.100048,-123239.02
C003,2022-09-29,36310.92,17704.48,814354.65,832961.09,18606.44,3,0,2,0.083414,-126888.67
C003,2022-09-30,15831.12,7951.65,832961.09,840840.56,7879.47,4,1,3,0.069545,-110966.84
C003,2022-10-01,22427.75,65012.95,840840.56,798255.36,-42585.2,5,1,4,0.057981,-39001.99
C003,2022-10-02,38981.91,23174.8,798255.36,814062.47,15807.11,6,0,5,0.048338,-86200.58
C003,2022-10-03,40363.28,24208.35,814062.47,830217.4,16154.93,0,0,6,0.040297,-85175.69
C003,2022-10-04,47660.99,18297.34,830217.4,859581.05,29363.65,1,0,7,0.033591,-90946.49
C003,2022-10-05,39814.27,129549.97,859581.05,769845.35,-89735.7,2,0,8,0.027997,5209.64
C003,2022-10-06,36043.77,16534.5,769845.35,789354.62,19509.27,3,0,9,0.02333,-106341.86
C003,2022-10-07,11221.82,8243.98,789354.62,792332.46,2977.84,4,1,10,0.019433,-87964.68
C003,2022-10-08,22369.03,11084.38,792332.46,803617.11,11284.65,5,1,11,0.016176,-83401.91
C003,2022-10-09,39412.82,20486.9,803617.11,822543.03,18925.92,6,0,12,0.013451,-76832.8
C003,2022-10-10,36567.61,48486.41,822543.03,810624.23,-11918.8,0,0,13,0.011165,-48700.72
C003,2022-10-11,31093.56,16156.64,810624.23,825561.15,14936.92,1,0,14,0.009239,-62432.02
C003,2022-10-12,31217.92,23674.15,825561.15,833104.92,7543.77,2,0,15,0.007605,-62514.07
C003,2022-10-13,33196.62,15993.29,833104.92,850308.25,17203.33,3,0,16,0.006205,-63820.15
C003,2022-10-14,12912.14,7453.52,850308.25,855766.87,5458.62,4,1,17,0.004983,-48425.14
C003,2022-10-15,21441.15,69254.76,855766.87,807953.26,-47813.61,5,1,18,0.003889,11013.11
C003,2022-10-16,36259.0,84444.63,807953.26,759767.63,-48185.63,6,0,19,0.002872,81558.05
C003,2022-10-17,42468.88,22561.08,759767.63,779675.43,19907.8,0,0,20,0.001877,76584.48
C003,2022-10-18,44350.72,15153.53,779675.43,808872.62,29197.19,1,0,21,0.000844,67582.36
C003,2022-10-19,43224.1,22609.47,808872.62,829487.25,20614.63,2,0,22,-0.000304,52464.02
C003,2022-10-20,38869.62,17088.18,829487.25,851268.69,21781.44,3,0,23,-0.001659,41398.06
C003,2022-10-21,16633.41,7737.71,851268.69,860164.39,8895.7,4,1,24,-0.003344,50217.61
C003,2022-10-22,25516.35,11710.78,860164.39,873969.96,13805.57,5,1,25,-0.005526,56702.63
C003,2022-10-23,42381.48,23934.44,873969.96,892417.0,18447.04,6,0,26,-0.008427,58535.4
C003,2022-10-24,38940.83,24195.74,892417.0,907162.09,14745.09,0,0,27,-0.012358,64554.08
C003,2022-10-25,34469.24,19160.6,907162.09,922470.73,15308.64,1,0,28,-0.017745,68312.64
C003,2022-10-26,33209.73,25283.87,922470.73,930396.59,7925.86,2,0,29,-0.02518,68803.8
C003,2022-10-27,42286.91,292295.51,930396.59,680387.99,-250008.6,3,0,0,0.119999,331166.84
C003,2022-10-28,18842.68,8115.04,680387.99,691115.63,10727.64,4,1,1,0.100049,68521.98
C003,2022-10-29,25421.17,10464.38,691115.63,706072.42,14956.79,5,1,2,0.083415,74157.22
C003,2022-10-30,45780.79,21979.49,706072.42,729873.72,23801.3,6,0,3,0.069546,72432.46
C003,2022-10-31,53743.9,24364.25,729873.72,759253.37,29379.65,0,0,4,0.057983,56616.37
C003,2022-11-01,38948.56,70340.04,759253.37,727861.89,-31391.48,1,0,5,0.048341,48369.61
C003,2022-11-02,42735.84,25556.02,727861.89,745041.71,17179.82,2,0,6,0.040301,38305.39
C003,2022-11-03,41098.0,17505.15,745041.71,768634.56,23592.85,3,0,7,0.033596,29993.97
C003,2022-11-04,15565.35,9144.92,768634.56,775054.99,6420.43,4,1,8,0.028004,42588.69
C003,2022-11-05,26163.12,118205.35,775054.99,683012.76,-92042.23,5,1,9,0.023339,49040.26
C003,2022-11-06,42938.84,21583.82,683012.76,704367.78,21355.02,6,0,10,0.019446,48181.08
C003,2022-11-07,43376.58,27529.16,704367.78,720215.2,15847.42,0,0,11,0.016194,44547.48
C003,2022-11-08,42996.96,17501.93,720215.2,745710.23,25495.03,1,0,12,0.013476,37270.95
C003,2022-11-09,42734.18,26520.9,745710.23,761923.51,16213.28,2,0,13,0.0112,28769.74
C003,2022-11-10,40030.27,38824.65,761923.51,763129.13,1205.62,3,0,14,0.009288,15369.61
C003,2022-11-11,16743.43,9281.71,763129.13,770590.85,7461.72,4,1,15,0.007674,26490.25
C003,2022-11-12,27331.39,11434.14,770590.85,786488.1,15897.25,5,1,16,0.0063,20953.83
C003,2022-11-13,41576.53,20722.9,786488.1,807341.73,20853.63,6,0,17,0.005117,19255.85
C003,2022-11-14,37984.85,26360.21,807341.73,818966.37,11624.64,0,0,18,0.004076,17374.34
C003,2022-11-15,39702.19,17342.88,818966.37,841325.68,22359.31,1,0,19,0.003133,11922.48
C003,2022-11-16,38548.59,23614.36,841325.68,856259.91,14934.23,2,0,20,0.002242,2585.12
C003,2022-11-17,37900.11,17705.04,856259.91,876454.98,20195.07,3,0,21,0.001352,-5370.09
C003,2022-11-18,13709.53,8213.24,876454.98,881951.27,5496.29,4,1,22,0.000406,6613.88
C003,2022-11-19,22116.3,11400.82,881951.27,892666.75,10715.48,5,1,23,-0.000669,11206.39
C003,2022-11-20,39811.21,22095.96,892666.75,910382.0,17715.25,6,0,24,-0.001963,9310.82
C003,2022-11-21,43520.56,23229.97,910382.0,930672.59,20290.59,0,0,25,-0.003598,5013.5
C003,2022-11-22,38665.36,18385.55,930672.59,950952.4,20279.81,1,0,26,-0.005737,2918.33
C003,2022-11-23,41596.36,20832.59,950952.4,971716.17,20763.77,2,0,27,-0.008604,-12132.77
C003,2022-11-24,35574.71,16507.51,971716.17,990783.37,19067.2,3,0,28,-0.012505,-21405.94
C003,2022-11-25,15856.26,7439.24,990783.37,999200.39,8417.02,4,1,29,-0.017867,-17001.84
C003,2022-11-26,23719.08,11364.64,999200.39,1011554.83,12354.44,5,1,30,-0.025282,-13951.93
C003,2022-11-27,47818.25,299735.47,1011554.83,759637.61,-251917.22,6,0,0,0.119998,-9647.78
C003,2022-11-28,44081.69,23489.66,759637.61,780229.64,20592.03,0,0,1,0.100048,-9133.27
C003,2022-11-29,39241.23,17164.69,780229.64,802306.18,22076.54,1,0,2,0.083414,-5909.88
C003,2022-11-30,38848.01,25284.45,802306.18,815869.74,13563.56,2,0,3,0.069545,-11459.41
C003,2022-12-01,33854.69,73492.93,815869.74,776231.5,-39638.24,3,0,4,0.057981,40706.84
C003,2022-12-02,15056.74,7941.14,776231.5,783347.1,7115.6,4,1,5,0.048338,-1111.26
C003,2022-12-03,26707.07,11425.64,783347.1,798628.53,15281.43,5,1,6,0.040297,13314.3
C003,2022-12-04,42038.44,23023.29,798628.53,817643.68,19015.15,6,0,7,0.033591,14782.39
C003,2022-12-05,48373.51,133964.17,817643.68,732053.02,-85590.66,0,0,8,0.027997,112319.51
C003,2022-12-06,40031.01,19535.17,732053.02,752548.86,20495.84,1,0,9,0.02333,74489.55
C003,2022-12-07,37384.22,25170.4,752548.86,764762.68,12213.82,2,0,10,0.019433,73007.34
C003,2022-12-08,36972.48,18753.98,764762.68,782981.18,18218.5,3,0,11,0.016176,69591.55
C003,2022-12-09,16365.23,8653.16,782981.18,790693.25,7712.07,4,1,12,0.013451,81087.19
C003,2022-12-10,24624.76,36819.27,790693.25,778498.74,-12194.51,5,1,13,0.011165,113758.6
C003,2022-12-11,40833.64,22251.28,778498.74,797081.1,18582.36,6,0,14,0.009239,97579.32
C003,2022-12-12,34487.31,24126.48,797081.1,807441.93,10360.83,0,0,15,0.007605,101147.39
C003,2022-12-13,38819.78,19664.13,807441.93,826597.58,19155.65,1,0,16,0.006205,102463.6
C003,2022-12-14,35331.15,25588.02,826597.58,836340.71,9743.13,2,0,17,0.004983,96155.24
C003,2022-12-15,33763.72,16856.27,836340.71,853248.16,16907.45,3,0,18,0.003889,91945.8
C003,2022-12-16,13746.51,8149.64,853248.16,858845.03,5596.87,4,1,19,0.002872,49508.41
C003,2022-12-17,22703.16,10463.3,858845.03,871084.89,12239.86,5,1,20,0.001877,54725.53
C003,2022-12-18,38055.83,20575.57,871084.89,888565.15,17480.26,6,0,21,0.000844,53024.85
C003,2022-12-19,40191.3,24883.31,888565.15,903873.14,15307.99,0,0,22,-0.000304,57843.11
C003,2022-12-20,32778.92,16959.24,903873.14,919692.82,15819.68,1,0,23,-0.001659,69825.07
C003,2022-12-21,38618.32,22625.05,919692.82,935686.09,15993.27,2,0,24,-0.003344,61895.13
C003,2022-12-22,33858.65,15674.01,935686.09,953870.73,18184.64,3,0,25,-0.005526,56271.61
C003,2022-12-23,13281.04,7568.37,953870.73,959583.4,5712.67,4,1,26,-0.008427,68106.81
C003,2022-12-24,20677.51,10883.48,959583.4,969377.43,9794.03,5,1,27,-0.012358,74411.35
C003,2022-12-25,34487.6,21666.48,969377.43,982198.55,12821.12,6,0,28,-0.017745,81759.1
C003,2022-12-26,39601.46,24197.11,982198.55,997602.9,15404.35,0,0,29,-0.02518,80771.05
C003,2022-12-27,46715.36,294328.43,997602.9,749989.83,-247613.07,1,0,0,0.119999,346923.39
C003,2022-12-28,44162.6,23056.06,749989.83,771096.37,21106.54,2,0,1,0.100049,43731.02
C003,2022-12-29,42109.95,16810.02,771096.37,796396.3,25299.93,3,0,2,0.083415,32430.75
C003,2022-12-30,16266.07,8252.04,796396.3,804410.33,8014.03,4,1,3,0.069546,42278.98
C003,2022-12-31,23105.97,10577.96,804410.33,816938.34,12528.01,5,1,4,0.057983,42798.67
C003,2023-01-01,43665.84,78368.34,816938.34,782235.84,-34702.5,6,0,5,0.048341,95504.01
C003,2023-01-02,55762.19,26055.2,782235.84,811942.83,29706.99,0,0,6,0.040301,20508.4
C003,2023-01-03,40701.75,20218.51,811942.83,832426.07,20483.24,1,0,7,0.033596,22929.78
C003,2023-01-04,40622.67,28676.21,832426.07,844372.53,11946.46,2,0,8,0.028004,17857.74
C003,2023-01-05,38453.85,55787.97,844372.53,827038.41,-17334.12,3,0,9,0.023339,47041.11
C003,2023-01-06,19749.42,9017.81,827038.41,837770.02,10731.61,4,1,10,0.019446,-48252.87
C003,2023-01-07,27194.25,12391.54,837770.02,852572.73,14802.71,5,1,11,0.016194,-37175.34
C003,2023-01-08,42866.87,23659.16,852572.73,871780.44,19207.71,6,0,12,0.013476,-37142.55
C003,2023-01-09,48703.6,28226.7,871780.44,892257.34,20476.9,0,0,13,0.0112,-39584.8
C003,2023-01-10,46456.14,44053.06,892257.34,894660.42,2403.08,1,0,14,0.009288,-24732.92
C003,2023-01-11,41793.96,27865.06,894660.42,908589.32,13928.9,2,0,15,0.007674,-58555.49
C003,2023-01-12,37764.48,17292.62,908589.32,929061.18,20471.86,3,0,16,0.0063,-64016.63
C003,2023-01-13,12866.83,9432.06,929061.18,932495.95,3434.77,4,1,17,0.005117,-56953.13
C003,2023-01-14,24177.72,11479.71,932495.95,945193.96,12698.01,5,1,18,0.004076,-53612.27
C003,2023-01-15,47839.44,84679.96,945193.96,908353.44,-36840.52,6,0,19,0.003133,2997.13
C003,2023-01-16,44782.07,27325.09,908353.44,925810.42,17456.98,0,0,20,0.002242,2901.76
C003,2023-01-17,36011.0,20231.42,925810.42,941590.0,15779.58,1,0,21,0.001352,12264.39
C003,2023-01-18,43072.8,22946.55,941590.0,961716.25,20126.25,2,0,22,0.000406,2935.2
C003,2023-01-19,45714.11,17912.47,961716.25,989517.89,27801.64,3,0,23,-0.000669,-11756.1
C003,2023-01-20,16856.76,8793.43,989517.89,997581.22,8063.33,4,1,24,-0.001963,-4194.77
C003,2023-01-21,25030.73,12469.61,997581.22,1010142.34,12561.12,5,1,25,-0.003598,-6939.98
C003,2023-01-22,41796.73,24248.86,1010142.34,1027690.21,17547.87,6,0,26,-0.005737,-9768.11
C003,2023-01-23,42629.49,26530.92,1027690.21,1043788.78,16098.57,0,0,27,-0.008604,-20713.19
C003,2023-01-24,39655.44,19486.57,1043788.78,1063957.65,20168.87,1,0,28,-0.012505,-27542.05
C003,2023-01-25,38162.46,23746.16,1063957.65,1078373.95,14416.3,2,0,29,-0.017867,-36110.65
C003,2023-01-26,36568.03,18028.76,1078373.95,1096913.22,18539.27,3,0,30,-0.025282,-40074.09
C003,2023-01-27,17687.46,299773.29,1096913.22,814827.39,-282085.83,4,1,0,0.119999,260727.26
C003,2023-01-28,24796.39,10796.73,814827.39,828827.05,13999.66,5,1,1,0.100049,-30923.38
C003,2023-01-29,42031.04,24168.78,828827.05,846689.31,17862.26,6,0,2,0.083415,-18497.57
C003,2023-01-30,38215.0,25167.3,846689.31,859737.01,13047.7,0,0,3,0.069546,-72804.18
C003,2023-01-31,37189.53,19186.69,859737.01,877739.85,18002.84,1,0,4,0.057983,-66527.83
C003,2023-02-01,38978.49,84267.11,877739.85,832451.23,-45288.62,2,0,5,0.048341,-13975.16
C003,2023-02-02,38666.28,15761.66,832451.23,855355.85,22904.62,3,0,6,0.040301,-27303.07
C003,2023-02-03,14881.39,8006.97,855355.85,862230.27,6874.42,4,1,7,0.033596,-63578.75
C003,2023-02-04,22938.79,11089.54,862230.27,874079.52,11849.25,5,1,8,0.028004,-68520.91
C003,2023-02-05,47503.11,132065.48,874079.52,789517.15,-84562.37,6,0,9,0.023339,28284.85
C003,2023-02-06,50255.05,24374.81,789517.15,815397.39,25880.24,0,0,10,0.019446,6576.44
C003,2023-02-07,37083.53,17843.03,815397.39,834637.89,19240.5,1,0,11,0.016194,-1320.4
C003,2023-02-08,44465.43,26430.78,834637.89,852672.54,18034.65,2,0,12,0.013476,-39601.29
C003,2023-02-09,34973.24,17718.28,852672.54,869927.5,17254.96,3,0,13,0.0112,-52783.78
C003,2023-02-10,13752.94,33646.61,869927.5,850033.83,-19893.67,4,1,14,0.009288,-29074.8
C003,2023-02-11,27246.34,12235.62,850033.83,865044.55,15010.72,5,1,15,0.007674,-39494.92
C003,2023-02-12,36453.68,25955.41,865044.55,875542.82,10498.27,6,0,16,0.0063,-38953.5
C003,2023-02-13,39171.47,23132.6,875542.82,891581.69,16038.87,0,0,17,0.005117,-40134.58
C003,2023-02-14,37034.87,17265.99,891581.69,911350.57,19768.88,1,0,18,0.004076,-39241.98
C003,2023-02-15,42726.18,25364.57,911350.57,928712.18,17361.61,2,0,19,0.003133,-49959.53
C003,2023-02-16,42425.44,17283.23,928712.18,953854.39,25142.21,3,0,20,0.002242,-63100.45
C003,2023-02-17,18804.5,8007.44,953854.39,964651.45,10797.06,4,1,21,0.001352,-55794.11
C003,2023-02-18,24501.16,11390.82,964651.45,977761.79,13110.34,5,1,22,0.000406,-54229.33
C003,2023-02-19,37615.18,21990.52,977761.79,993386.45,15624.66,6,0,23,-0.000669,-43432.9
C003,2023-02-20,33468.03,23652.12,993386.45,1003202.36,9815.91,0,0,24,-0.001963,-33308.47
C003,2023-02-21,32890.23,18170.49,1003202.36,1017922.1,14719.74,1,0,25,-0.003598,-31250.32
C003,2023-02-22,28765.76,23612.27,1017922.1,1023075.59,5153.49,2,0,26,-0.005737,-32826.12
C003,2023-02-23,30218.25,16878.24,1023075.59,1036415.6,13340.01,3,0,27,-0.008604,-37066.69
C003,2023-02-24,13904.53,8056.83,1036415.6,1042263.3,5847.7,4,1,28,-0.012505,-34042.14
C003,2023-02-25,24291.11,9715.28,1042263.3,1056839.13,14575.83,5,1,29,-0.017867,-335564.93
C003,2023-02-26,41911.89,23196.37,1056839.13,1075554.65,18715.52,6,0,30,-0.025282,-334949.92
C003,2023-02-27,44352.6,322003.58,1075554.65,797903.67,-277650.98,0,0,0,0.119997,-37011.53
C003,2023-02-28,49143.24,18855.17,797903.67,828191.74,30288.07,1,0,1,0.100046,-113321.16
C003,2023-03-01,43426.02,84684.93,828191.74,786932.83,-41258.91,2,0,2,0.083411,-63247.93
C003,2023-03-02,42885.31,18606.12,786932.83,811212.02,24279.19,3,0,3,0.069541,-132964.5
C003,2023-03-03,16223.58,8959.53,811212.02,818476.07,7264.05,4,1,4,0.057975,-124329.0
C003,2023-03-04,23639.83,14063.12,818476.07,828052.78,9576.71,5,1,5,0.04833,-122634.59
C003,2023-03-05,37029.74,66431.0,828052.78,798651.52,-29401.26,6,0,6,0.040286,-76931.17
C003,2023-03-06,41145.8,34238.71,798651.52,805558.61,6907.09,0,0,7,0.033575,-111093.69
C003,2023-03-07,35078.1,22834.71,805558.61,817802.0,12243.39,1,0,8,0.027975,-109807.3
C003,2023-03-08,37225.41,33053.58,817802.0,821973.83,4171.83,2,0,9,0.023298,-108276.8
C003,2023-03-09,32587.27,21243.61,821973.83,833317.49,11343.66,3,0,10,0.019389,-109200.94
C003,2023-03-10,13429.73,33675.97,833317.49,813071.25,-20246.24,4,1,11,0.016116,-76523.89
C003,2023-03-11,17970.69,13898.22,813071.25,817143.72,4072.47,5,1,12,0.013367,-92716.14
C003,2023-03-12,31276.87,27461.56,817143.72,820959.03,3815.31,6,0,13,0.011047,-80948.7
C003,2023-03-13,34556.63,29966.03,820959.03,825549.63,4590.6,0,0,14,0.009074,-84813.23
C003,2023-03-14,31346.88,20307.19,825549.63,836589.32,11039.69,1,0,15,0.007375,-83650.72
C003,2023-03-15,39649.68,24791.89,836589.32,851447.11,14857.79,2,0,16,0.005884,-94430.61
C003,2023-03-16,39889.12,19227.64,851447.11,872108.59,20661.48,3,0,17,0.004535,-168727.38
C003,2023-03-17,15338.82,8694.76,872108.59,878752.65,6644.06,4,1,18,0.003264,-161382.9
C003,2023-03-18,23554.39,11553.1,878752.65,890753.94,12001.29,5,1,19,0.002,-155745.05
C003,2023-03-19,42864.25,24760.85,890753.94,908857.34,18103.4,6,0,20,0.00066,-162982.47
C003,2023-03-20,41218.09,26542.97,908857.34,923532.46,14675.12,0,0,21,-0.000855,-173363.64
C003,2023-03-21,44817.06,18395.97,923532.46,949953.55,26421.09,1,0,22,-0.002674,-196850.81
C003,2023-03-22,47041.86,27101.52,949953.55,969893.89,19940.34,2,0,23,-0.004967,-217137.85
C003,2023-03-23,34781.53,18003.64,969893.89,986671.78,16777.89,3,0,24,-0.007962,-227317.23
C003,2023-03-24,12963.72,9386.03,986671.78,990249.47,3577.69,4,1,25,-0.01197,-222223.41
C003,2023-03-25,20187.16,11087.72,990249.47,999348.91,9099.44,5,1,26,-0.017421,-225089.98
C003,2023-03-26,32856.61,23984.36,999348.91,1008221.16,8872.25,6,0,27,-0.02491,-219980.03
C003,2023-03-27,38801.19,325748.15,1008221.16,721274.2,-286946.96,0,0,0,0.119999,81530.59
C003,2023-03-28,37202.72,17872.19,721274.2,740604.73,19330.53,1,0,1,0.100049,-208875.77
C003,2023-03-29,43144.85,22857.44,740604.73,760892.14,20287.41,2,0,2,0.083415,-221475.3
C003,2023-03-30,39982.12,86003.68,760892.14,714870.58,-46021.56,3,0,3,0.069546,-163225.79
C003,2023-03-31,15936.8,7122.48,714870.58,723684.9,8814.32,4,1,4,0.057983,-149847.57
C003,2023-04-01,21499.02,66936.4,723684.9,678247.52,-45437.38,5,1,5,0.048341,-137186.1
C003,2023-04-02,38776.8,22877.25,678247.52,694147.07,15899.55,6,0,6,0.040301,-126898.43
C003,2023-04-03,35775.85,24504.73,694147.07,705418.19,11271.12,0,0,7,0.033596,-118682.61
C003,2023-04-04,33592.77,17290.61,705418.19,721720.35,16302.16,1,0,8,0.028004,-119423.92
C003,2023-04-05,36163.05,63418.48,721720.35,694464.92,-27255.43,2,0,9,0.023339,-123800.68
C003,2023-04-06,30449.66,16919.88,694464.92,707994.7,13529.78,3,0,10,0.019446,-128899.71
C003,2023-04-07,12927.02,7224.69,707994.7,713697.03,5702.33,4,1,11,0.016194,-122899.36
C003,2023-04-08,20396.18,9976.66,713697.03,724116.55,10419.52,5,1,12,0.013476,-129693.41
C003,2023-04-09,32913.01,20482.2,724116.55,736547.36,12430.81,6,0,13,0.0112,-121031.8
C003,2023-04-10,34641.11,46760.89,736547.36,724427.58,-12119.78,0,0,14,0.009288,-117897.55
C003,2023-04-11,32078.91,16496.16,724427.58,740010.33,15582.75,1,0,15,0.007674,-110275.77
C003,2023-04-12,23869.38,23143.31,740010.33,740736.4,726.07,2,0,16,0.0063,-105099.76
C003,2023-04-13,27012.86,14810.66,740736.4,752938.6,12202.2,3,0,17,0.005117,-105752.7
C003,2023-04-14,12038.01,7960.11,752938.6,757016.5,4077.9,4,1,18,0.004076,-96075.2
C003,2023-04-15,17380.85,71016.14,757016.5,703381.21,-53635.29,5,1,19,0.003133,-29514.45
C003,2023-04-16,33226.51,19237.97,703381.21,717369.75,13988.54,6,0,20,0.002242,-28272.46
C003,2023-04-17,37730.68,20091.54,717369.75,735008.89,17639.14,0,0,21,0.001352,-32439.71
C003,2023-04-18,26608.33,15742.35,735008.89,745874.87,10865.98,1,0,22,0.000406,-29171.86
C003,2023-04-19,22911.48,18617.53,745874.87,750168.82,4293.95,2,0,23,-0.000669,-26219.69
C003,2023-04-20,18456.88,15522.96,750168.82,753102.74,2933.92,3,0,24,-0.001963,-19093.71
C003,2023-04-21,6840.27,7186.97,753102.74,752756.04,-346.7,4,1,25,-0.003598,-2940.25
C003,2023-04-22,15801.89,9203.38,752756.04,759354.55,6598.51,5,1,26,-0.005737,4919.26
C003,2023-04-23,26024.68,17353.17,759354.55,768026.06,8671.51,6,0,27,-0.008604,14391.21
C003,2023-04-24,23069.59,16836.72,768026.06,774258.93,6232.87,0,0,28,-0.012505,16321.39
C003,2023-04-25,27543.77,13561.57,774258.93,788241.13,13982.2,1,0,29,-0.017867,19478.48
C003,2023-04-26,31101.03,16537.37,788241.13,802804.79,14563.66,2,0,30,-0.025282,10780.59
C003,2023-04-27,39604.16,310679.99,802804.79,531728.96,-271075.83,3,0,0,0.119998,5168.39
C003,2023-04-28,14801.52,7113.64,531728.96,539416.84,7687.88,4,1,1,0.100048,11602.53
C003,2023-04-29,21700.86,9472.91,539416.84,551644.79,12227.95,5,1,2,0.083414,14178.68
C003,2023-04-30,42004.21,19811.67,551644.79,573837.33,22192.54,6,0,3,0.069545,10849.77
C003,2023-05-01,48012.65,80788.56,573837.33,541061.42,-32775.91,0,0,4,0.057981,57816.52
C003,2023-05-02,44565.09,18377.87,541061.42,567248.64,26187.22,1,0,5,0.048338,-4558.94
C003,2023-05-03,43301.3,23814.36,567248.64,586735.58,19486.94,2,0,6,0.040297,-18426.14
C003,2023-05-04,34253.07,18692.22,586735.58,602296.43,15560.85,3,0,7,0.033591,-21967.95
C003,2023-05-05,13944.19,45576.38,602296.43,570664.24,-31632.19,4,1,8,0.027997,28309.26
C003,2023-05-06,18940.7,10509.95,570664.24,579094.99,8430.75,5,1,9,0.02333,-4023.67
C003,2023-05-07,33628.62,21925.94,579094.99,590797.67,11702.68,6,0,10,0.019433,6727.87
C003,2023-05-08,30108.78,26483.31,590797.67,594423.14,3625.47,0,0,11,0.016176,22175.41
C003,2023-05-09,35820.78,14728.36,594423.14,615515.56,21092.42,1,0,12,0.013451,24168.82
C003,2023-05-10,40329.82,49315.35,615515.56,606530.03,-8985.53,2,0,13,0.011165,39877.75
C003,2023-05-11,39360.8,16156.27,606530.03,629734.56,23204.53,3,0,14,0.009239,-1548.96
C003,2023-05-12,13721.4,7819.32,629734.56,635636.64,5902.08,4,1,15,0.007605,2194.15
C003,2023-05-13,22015.18,10465.92,635636.64,647185.9,11549.26,5,1,16,0.006205,10677.36
C003,2023-05-14,34243.92,20488.52,647185.9,660941.3,13755.4,6,0,17,0.004983,25342.47
C003,2023-05-15,35860.46,22935.0,660941.3,673866.76,12925.46,0,0,18,0.003889,24423.29
C003,2023-05-16,33987.2,18756.67,673866.76,689097.29,15230.53,1,0,19,0.002872,23169.84
C003,2023-05-17,35827.32,22355.43,689097.29,702569.18,13471.89,2,0,20,0.001877,12981.67
C003,2023-05-18,32961.64,18827.81,702569.18,716703.01,14133.83,3,0,21,0.000844,4747.4
C003,2023-05-19,15080.88,7834.76,716703.01,723949.13,7246.12,4,1,22,-0.000304,10373.44
C003,2023-05-20,20678.0,10618.1,723949.13,734009.03,10059.9,5,1,23,-0.001659,13488.42
C003,2023-05-21,36207.97,20401.21,734009.03,749815.79,15806.76,6,0,24,-0.003344,11800.13
C003,2023-05-22,38075.19,23617.17,749815.79,764273.81,14458.02,0,0,25,-0.005526,3534.64
C003,2023-05-23,36184.41,18040.95,764273.81,782417.27,18143.46,1,0,26,-0.008427,-1059.09
C003,2023-05-24,33551.99,25388.94,782417.27,790580.32,8163.05,2,0,27,-0.012358,-4089.56
C003,2023-05-25,33972.32,16833.03,790580.32,807719.61,17139.29,3,0,28,-0.017745,-13577.13
C003,2023-05-26,13647.4,7781.63,807719.61,813585.38,5865.77,4,1,29,-0.02518,-2049.15
C003,2023-05-27,23762.67,300450.7,813585.38,536897.35,-276688.03,5,1,0,0.119999,279406.73
C003,2023-05-28,35746.15,21624.13,536897.35,551019.37,14122.02,6,0,1,0.100049,-13882.24
C003,2023-05-29,40958.58,26154.48,551019.37,565823.47,14804.1,0,0,2,0.083415,-25734.42
C003,2023-05-30,37562.1,18698.47,565823.47,584687.1,18863.63,1,0,3,0.069546,-37062.32
C003,2023-05-31,41894.93,27704.09,584687.1,598877.94,14190.84,2,0,4,0.057983,-49211.02
C003,2023-06-01,38059.83,74248.07,598877.94,562689.7,-36188.24,3,0,5,0.048341,-64981.36
C003,2023-06-02,14195.49,8575.75,562689.7,568309.44,5619.74,4,1,6,0.040301,-52960.77
C003,2023-06-03,22987.45,10968.41,568309.44,580328.48,12019.04,5,1,7,0.033596,-49315.66
C003,2023-06-04,40395.74,21750.72,580328.48,598973.5,18645.02,6,0,8,0.028004,-51871.59
C003,2023-06-05,40646.32,64548.5,598973.5,575071.32,-23902.18,0,0,9,0.023339,-49814.96
C003,2023-06-06,39336.56,16882.34,575071.32,597525.54,22454.22,1,0,10,0.019446,-53994.65
C003,2023-06-07,44457.73,25384.72,597525.54,616598.55,19073.01,2,0,11,0.016194,-68769.24
C003,2023-06-08,41242.5,18156.67,616598.55,639684.38,23085.83,3,0,12,0.013476,-83105.5
C003,2023-06-09,15358.3,8634.9,639684.38,646407.78,6723.4,4,1,13,0.0112,-79120.38
C003,2023-06-10,23805.36,42027.54,646407.78,628185.6,-18222.18,5,1,14,0.009288,-79459.37
C003,2023-06-11,33748.09,24102.9,628185.6,637830.79,9645.19,6,0,15,0.007674,-74983.78
C003,2023-06-12,46785.66,26753.19,637830.79,657863.26,20032.47,0,0,16,0.0063,-84396.01
C003,2023-06-13,46813.49,18392.98,657863.26,686283.77,28420.51,1,0,17,0.005117,-94411.99
C003,2023-06-14,40315.22,28308.94,686283.77,698290.05,12006.28,2,0,18,0.004076,-102004.03
C003,2023-06-15,32353.34,18376.26,698290.05,712267.13,13977.08,3,0,19,0.003133,-169396.5
C003,2023-06-16,11406.89,8123.17,712267.13,715550.85,3283.72,4,1,20,0.002242,-158229.46
C003,2023-06-17,16945.9,11046.34,715550.85,721450.41,5899.56,5,1,21,0.001352,-147133.43
C003,2023-06-18,35352.43,22480.27,721450.41,734322.57,12872.16,6,0,22,0.000406,-143608.88
C003,2023-06-19,38437.5,25262.62,734322.57,747497.45,13174.88,0,0,23,-0.000669,-143397.9
C003,2023-06-20,32446.6,18328.13,747497.45,761615.92,14118.47,1,0,24,-0.001963,-145263.46
C003,2023-06-21,29071.6,22879.07,761615.92,767808.45,6192.53,2,0,25,-0.003598,-146152.97
C003,2023-06-22,28841.73,15292.0,767808.45,781358.18,13549.73,3,0,26,-0.005737,-149400.58
C003,2023-06-23,12288.82,7156.24,781358.18,786490.76,5132.58,4,1,27,-0.008604,-138088.67
C003,2023-06-24,16776.65,9124.93,786490.76,794142.48,7651.72,5,1,28,-0.012505,-126629.47
C003,2023-06-25,36803.28,19409.53,794142.48,811536.23,17393.75,6,0,29,-0.017867,-119158.35
C003,2023-06-26,28510.11,23742.26,811536.23,816304.08,4767.85,0,0,30,-0.025282,-101496.55
C003,2023-06-27,28004.14,307171.09,816304.08,537137.13,-279166.95,1,0,0,0.119998,-97602.06
C003,2023-06-28,23903.16,20951.24,537137.13,540089.05,2951.92,2,0,1,0.100048,-91995.92
C003,2023-06-29,22862.27,15326.54,540089.05,547624.78,7535.73,3,0,2,0.083414,-81812.64
C003,2023-06-30,8987.56,6945.42,547624.78,549666.92,2042.14,4,1,3,0.069545,-61843.54
C003,2023-07-01,14919.35,66877.93,549666.92,497708.34,-51958.58,5,1,4,0.057981,17121.06
C003,2023-07-02,36193.85,18553.52,497708.34,515348.67,17640.33,6,0,5,0.048338,-31223.6
C003,2023-07-03,36911.22,21247.07,515348.67,531012.82,15664.15,0,0,6,0.040297,-29107.67
C003,2023-07-04,29951.79,13862.7,531012.82,547101.91,16089.09,1,0,7,0.033591,-26255.9
C003,2023-07-05,36339.19,58184.74,547101.91,525256.36,-21845.55,2,0,8,0.027997,2164.81
C003,2023-07-06,33287.34,15012.81,525256.36,543530.89,18274.53,3,0,9,0.02333,-44841.98
C003,2023-07-07,12537.15,8238.73,543530.89,547829.31,4298.42,4,1,10,0.019433,-40368.55
C003,2023-07-08,19284.41,10534.84,547829.31,556578.88,8749.57,5,1,11,0.016176,-65639.36
C003,2023-07-09,30085.16,19376.64,556578.88,567287.4,10708.52,6,0,12,0.013451,-53781.38
C003,2023-07-10,39441.57,58002.74,567287.4,548726.23,-18561.17,0,0,13,0.011165,-23110.94
C003,2023-07-11,32139.24,18018.46,548726.23,562847.01,14120.78,1,0,14,0.009239,-51317.45
C003,2023-07-12,34209.99,23589.75,562847.01,573467.25,10620.24,2,0,15,0.007605,-57453.24
C003,2023-07-13,33819.63,15415.1,573467.25,591871.78,18404.53,3,0,16,0.006205,-67045.99
C003,2023-07-14,12008.72,7594.48,591871.78,596286.02,4414.24,4,1,17,0.004983,-63744.4
C003,2023-07-15,18838.37,72253.76,596286.02,542870.63,-53415.39,5,1,18,0.003889,-5744.52
C003,2023-07-16,34736.86,20286.1,542870.63,557321.39,14450.76,6,0,19,0.002872,-4021.92
C003,2023-07-17,37987.35,20991.76,557321.39,574316.98,16995.59,0,0,20,0.001877,-11681.6
C003,2023-07-18,32826.28,16429.57,574316.98,590713.69,16396.71,1,0,21,0.000844,-10166.62
C003,2023-07-19,35543.37,22157.51,590713.69,604099.55,13385.86,2,0,22,-0.000304,-17100.83
C003,2023-07-20,28871.03,16618.12,604099.55,616352.46,12252.91,3,0,23,-0.001659,-16633.7
C003,2023-07-21,13547.61,8244.59,616352.46,621655.48,5303.02,4,1,24,-0.003344,-2714.32
C003,2023-07-22,20277.28,9975.16,621655.48,631957.6,10302.12,5,1,25,-0.005526,1297.34
C003,2023-07-23,39708.64,23264.15,631957.6,648402.09,16444.49,6,0,26,-0.008427,2213.7
C003,2023-07-24,41619.83,22508.91,648402.09,667513.01,19110.92,0,0,27,-0.012358,-1764.01
C003,2023-07-25,43253.6,18388.73,667513.01,692377.88,24864.87,1,0,28,-0.017745,-11025.49
C003,2023-07-26,44968.74,22539.09,692377.88,714807.53,22429.65,2,0,29,-0.02518,-26685.37
C003,2023-07-27,39990.44,315262.9,714807.53,439535.07,-275272.46,3,0,0,0.119999,262982.27
C003,2023-07-28,17133.49,8575.43,439535.07,448093.13,8558.06,4,1,1,0.100049,-24537.45
C003,2023-07-29,29072.07,11353.06,448093.13,465812.14,17719.01,5,1,2,0.083415,-19704.02
C003,2023-07-30,45627.42,23616.18,465812.14,487823.38,22011.24,6,0,3,0.069546,-15675.45
C003,2023-07-31,52691.9,25685.88,487823.38,514829.4,27006.02,0,0,4,0.057983,-26120.55
C003,2023-08-01,47932.81,78637.14,514829.4,484125.07,-30704.33,1,0,5,0.048341,29190.25
C003,2023-08-02,46210.49,28430.41,484125.07,501905.15,17780.08,2,0,6,0.040301,-38015.0
C003,2023-08-03,38256.12,19315.26,501905.15,520846.01,18940.86,3,0,7,0.033596,-37959.57
C003,2023-08-04,16378.48,9803.32,520846.01,527421.17,6575.16,4,1,8,0.028004,-13476.13
C003,2023-08-05,22624.16,51356.42,527421.17,498688.91,-28732.26,5,1,9,0.023339,27120.08
C003,2023-08-06,37032.01,28260.16,498688.91,507460.76,8771.85,6,0,10,0.019446,5784.18
C003,2023-08-07,45861.26,62382.5,507460.76,490939.52,-16521.24,0,0,11,0.016194,51102.15
C003,2023-08-08,43458.54,20892.04,490939.52,513506.02,22566.5,1,0,12,0.013476,53781.36
C003,2023-08-09,41307.4,29198.13,513506.02,525615.29,12109.27,2,0,13,0.0112,53280.77
C003,2023-08-10,38993.71,53079.44,525615.29,511529.56,-14085.73,3,0,14,0.009288,86559.41
C003,2023-08-11,14270.81,9786.36,511529.56,516014.01,4484.45,4,1,15,0.007674,74634.6
C003,2023-08-12,21779.57,12967.79,516014.01,524825.79,8811.78,5,1,16,0.0063,87429.7
C003,2023-08-13,35878.98,28163.15,524825.79,532541.62,7715.83,6,0,17,0.005117,102434.36
C003,2023-08-14,35003.03,30418.54,532541.62,537126.11,4584.49,0,0,18,0.004076,123208.02
C003,2023-08-15,37245.03,21071.67,537126.11,553299.47,16173.36,1,0,19,0.003133,132848.43
C003,2023-08-16,37085.71,27749.8,553299.47,562635.38,9335.91,2,0,20,0.002242,136385.78
C003,2023-08-17,38543.05,20631.36,562635.38,580547.07,17911.69,3,0,21,0.001352,134042.17
C003,2023-08-18,15750.24,9298.59,580547.07,586998.72,6451.65,4,1,22,0.000406,146875.58
C003,2023-08-19,25721.41,13001.37,586998.72,599718.76,12720.04,5,1,23,-0.000669,164188.11
C003,2023-08-20,44094.93,24872.53,599718.76,618941.16,19222.4,6,0,24,-0.001963,118349.96
C003,2023-08-21,43409.37,29095.59,618941.16,633254.94,14313.78,0,0,25,-0.003598,120622.43
C003,2023-08-22,40017.79,22656.94,633254.94,650615.79,17360.85,1,0,26,-0.005737,135344.04
C003,2023-08-23,44499.23,29366.02,650615.79,665749.0,15133.21,2,0,27,-0.008604,133479.56
C003,2023-08-24,35526.46,19923.07,665749.0,681352.39,15603.39,3,0,28,-0.012505,137285.96
C003,2023-08-25,16511.24,9741.47,681352.39,688122.16,6769.77,4,1,29,-0.017867,154923.12
C003,2023-08-26,27156.08,12760.9,688122.16,702517.34,14395.18,5,1,30,-0.025282,164389.02
C003,2023-08-27,44744.42,323706.08,702517.34,423555.68,-278961.66,6,0,0,0.119999,464126.52
C003,2023-08-28,53068.31,30515.87,423555.68,446108.12,22552.44,0,0,1,0.100049,171350.52
C003,2023-08-29,46660.5,20620.69,446108.12,472147.93,26039.81,1,0,2,0.083415,179215.93
C003,2023-08-30,43053.68,26492.76,472147.93,488708.85,16560.92,2,0,3,0.069546,173189.67
C003,2023-08-31,43062.8,18456.33,488708.85,513315.32,24606.47,3,0,4,0.057983,171463.66
C003,2023-09-01,17244.36,66669.53,513315.32,463890.15,-49425.17,4,1,5,0.048341,184661.42
C003,2023-09-02,31309.16,12312.87,463890.15,482886.44,18996.29,5,1,6,0.040301,186150.51
C003,2023-09-03,55368.42,24309.82,482886.44,513945.04,31058.6,6,0,7,0.033596,189580.92
C003,2023-09-04,44618.53,32754.58,513945.04,525808.99,11863.95,0,0,8,0.028004,199844.74
C003,2023-09-05,47840.37,60404.42,525808.99,513244.94,-12564.05,1,0,9,0.023339,200277.41
C003,2023-09-06,54836.76,26040.03,513244.94,542041.67,28796.73,2,0,10,0.019446,180587.28
C003,2023-09-07,46950.93,21705.22,542041.67,567287.38,25245.71,3,0,11,0.016194,177062.26
C003,2023-09-08,22387.39,10778.71,567287.38,578896.06,11608.68,4,1,12,0.013476,203373.59
C003,2023-09-09,33546.27,14353.36,578896.06,598088.97,19192.91,5,1,13,0.0112,208933.95
C003,2023-09-10,49753.29,57193.65,598088.97,590648.61,-7440.36,6,0,14,0.009288,225351.52
C003,2023-09-11,57974.34,36367.46,590648.61,612255.49,21606.88,0,0,15,0.007674,229795.61
C003,2023-09-12,50286.83,27566.34,612255.49,634975.98,22720.49,1,0,16,0.0063,239484.45
C003,2023-09-13,61645.79,36287.64,634975.98,660334.13,25358.15,2,0,17,0.005117,226579.85
C003,2023-09-14,53694.74,27880.97,660334.13,686147.9,25813.77,3,0,18,0.004076,217291.86
C003,2023-09-15,25614.38,12741.12,686147.9,699021.16,12873.26,4,1,19,0.003133,164412.36
C003,2023-09-16,34302.98,18734.9,699021.16,714589.24,15568.08,5,1,20,0.002242,173051.02
C003,2023-09-17,52001.32,32716.26,714589.24,733874.3,19285.06,6,0,21,0.001352,185983.24
C003,2023-09-18,66625.59,36593.02,733874.3,763906.87,30032.57,0,0,22,0.000406,167102.42
C003,2023-09-19,51055.0,77670.75,763906.87,737291.12,-26615.75,1,0,23,-0.000669,222731.71
C003,2023-09-20,54491.43,37905.18,737291.12,753877.37,16586.25,2,0,24,-0.001963,215745.05
C003,2023-09-21,54815.01,22732.55,753877.37,785959.83,32082.46,3,0,25,-0.003598,205836.3
C003,2023-09-22,24972.24,11703.51,785959.83,799228.56,13268.73,4,1,26,-0.005737,220111.9
C003,2023-09-23,34539.1,15129.31,799228.56,818638.35,19409.79,5,1,27,-0.008604,226918.47
C003,2023-09-24,57931.05,33524.12,818638.35,843045.28,24406.93,6,0,28,-0.012505,232174.47
C003,2023-09-25,57497.96,33636.88,843045.28,866906.36,23861.08,0,0,29,-0.017867,231615.4
C003,2023-09-26,45770.75,24994.91,866906.36,887682.2,20775.84,1,0,30,-0.025282,237915.09
C003,2023-09-27,57953.46,328177.02,887682.2,617458.64,-270223.56,2,0,0,0.119998,225577.68
C003,2023-09-28,57001.46,23096.24,617458.64,651363.86,33905.22,3,0,1,0.100048,212735.91
C003,2023-09-29,21656.65,11121.99,651363.86,661898.52,10534.66,4,1,2,0.083414,223234.55
C003,2023-09-30,37292.6,14412.14,661898.52,684778.98,22880.46,5,1,3,0.069545,219353.65
C003,2023-10-01,55172.98,91400.39,684778.98,648551.57,-36227.41,6,0,4,0.057981,287677.99
C003,2023-10-02,53109.94,32624.56,648551.57,669036.95,20485.38,0,0,5,0.048338,225335.96
C003,2023-10-03,58350.29,23861.28,669036.95,703525.96,34489.01,1,0,6,0.040297,223366.2
C003,2023-10-04,55133.36,33005.59,703525.96,725653.73,22127.77,2,0,7,0.033591,210548.32
C003,2023-10-05,47535.72,59667.1,725653.73,713522.35,-12131.38,3,0,8,0.027997,240620.76
C003,2023-10-06,19132.27,10025.67,713522.35,722628.95,9106.6,4,1,9,0.02333,221655.24
C003,2023-10-07,36201.59,14480.9,722628.95,744349.64,21720.69,5,1,10,0.019433,227269.31
C003,2023-10-08,66734.96,28814.95,744349.64,782269.65,37920.01,6,0,11,0.016176,223976.58
C003,2023-10-09,58887.49,34134.22,782269.65,807022.92,24753.27,0,0,12,0.013451,245737.75
C003,2023-10-10,56583.96,47606.75,807022.92,816000.13,8977.21,1,0,13,0.011165,274558.16
C003,2023-10-11,61692.29,35641.32,816000.13,842051.1,26050.97,2,0,14,0.009239,235399.71
C003,2023-10-12,55130.69,22721.36,842051.1,874460.43,32409.33,3,0,15,0.007605,223939.48
C003,2023-10-13,24604.85,12151.3,874460.43,886913.98,12453.55,4,1,16,0.006205,247059.36
C003,2023-10-14,33102.88,16577.1,886913.98,903439.76,16525.78,5,1,17,0.004983,249599.25
C003,2023-10-15,54688.87,94695.11,903439.76,863433.52,-40006.24,6,0,18,0.003889,319974.3
C003,2023-10-16,57623.72,33416.98,863433.52,887640.26,24206.74,0,0,19,0.002872,305922.87
C003,2023-10-17,57592.07,25374.79,887640.26,919857.54,32217.28,1,0,20,0.001877,308791.69
C003,2023-10-18,49182.74,38030.99,919857.54,931009.29,11151.75,2,0,21,0.000844,306741.55
C003,2023-10-19,51444.84,22431.3,931009.29,960022.83,29013.54,3,0,22,-0.000304,295030.44
C003,2023-10-20,19842.45,10242.86,960022.83,969622.42,9599.59,4,1,23,-0.001659,311014.72
C003,2023-10-21,35042.29,12868.58,969622.42,991796.13,22173.71,5,1,24,-0.003344,326907.72
C003,2023-10-22,55988.81,28444.48,991796.13,1019340.46,27544.33,6,0,25,-0.005526,328863.03
C003,2023-10-23,59706.04,33489.68,1019340.46,1045556.82,26216.36,0,0,26,-0.008427,326053.76
C003,2023-10-24,52929.62,23266.69,1045556.82,1075219.75,29662.93,1,0,27,-0.012358,321173.92
C003,2023-10-25,54687.38,31385.37,1075219.75,1098521.76,23302.01,2,0,28,-0.017745,307406.96
C003,2023-10-26,48239.6,21164.07,1098521.76,1125597.29,27075.53,3,0,29,-0.02518,298201.74
C003,2023-10-27,19958.06,302519.03,1125597.29,843036.32,-282560.97,4,1,0,0.119999,608388.96
C003,2023-10-28,34101.8,13038.35,843036.32,864099.77,21063.45,5,1,1,0.100049,326346.56
C003,2023-10-29,52572.73,31539.43,864099.77,885133.07,21033.3,6,0,2,0.083415,338118.5
C003,2023-10-30,53545.93,34546.37,885133.07,904132.63,18999.56,0,0,3,0.069546,341186.5
C003,2023-10-31,54408.19,22311.26,904132.63,936229.56,32096.93,1,0,4,0.057983,330503.17
C003,2023-11-01,48770.47,90627.12,936229.56,894372.91,-41856.65,2,0,5,0.048341,325103.15
C003,2023-11-02,52940.42,20421.17,894372.91,926892.16,32519.25,3,0,6,0.040301,313268.78
C003,2023-11-03,19590.02,10280.13,926892.16,936202.05,9309.89,4,1,7,0.033596,332823.54
C003,2023-11-04,32065.63,14124.57,936202.05,954143.11,17941.06,5,1,8,0.028004,331663.54
C003,2023-11-05,55331.63,65190.55,954143.11,944284.19,-9858.92,6,0,9,0.023339,330505.37
C003,2023-11-06,61845.49,34510.73,944284.19,971618.95,27334.76,0,0,10,0.019446,325297.39
C003,2023-11-07,58769.46,24142.18,971618.95,1006246.23,34627.28,1,0,11,0.016194,320899.85
C003,2023-11-08,74638.58,28124.14,1006246.23,1052760.67,46514.44,2,0,12,0.013476,281182.47
C003,2023-11-09,60774.33,22976.71,1052760.67,1090558.29,37797.62,3,0,13,0.0112,256764.96
C003,2023-11-10,21594.72,34702.2,1090558.29,1077450.81,-13107.48,4,1,14,0.009288,280864.43
C003,2023-11-11,36778.88,15829.78,1077450.81,1098399.91,20949.1,5,1,15,0.007674,293783.97
C003,2023-11-12,67639.44,32066.01,1098399.91,1133973.34,35573.43,6,0,16,0.0063,285348.21
C003,2023-11-13,58060.21,38994.54,1133973.34,1153039.01,19065.67,0,0,17,0.005117,287731.62
C003,2023-11-14,57131.72,26762.91,1153039.01,1183407.82,30368.81,1,0,18,0.004076,283574.54
C003,2023-11-15,50836.34,40681.03,1183407.82,1193563.13,10155.31,2,0,19,0.003133,282608.49
C003,2023-11-16,59553.68,24467.58,1193563.13,1228649.23,35086.1,3,0,20,0.002242,268184.7
C003,2023-11-17,21223.42,12121.81,1228649.23,1237750.84,9101.61,4,1,21,0.001352,285182.66
C003,2023-11-18,32981.39,15678.96,1237750.84,1255053.27,17302.43,5,1,22,0.000406,285184.05
C003,2023-11-19,55582.06,29998.19,1255053.27,1280637.14,25583.87,6,0,23,-0.000669,285750.85
C003,2023-11-20,74693.1,36626.39,1280637.14,1318703.85,38066.71,0,0,24,-0.001963,269581.9
C003,2023-11-21,53586.36,24086.72,1318703.85,1348203.49,29499.64,1,0,25,-0.003598,275580.72
C003,2023-11-22,58423.55,35016.46,1348203.49,1371610.58,23407.09,2,0,26,-0.005737,261785.72
C003,2023-11-23,49117.39,24334.3,1371610.58,1396393.67,24783.09,3,0,27,-0.008604,254967.75
C003,2023-11-24,20809.22,11274.17,1396393.67,1405928.72,9535.05,4,1,28,-0.012505,272242.4
C003,2023-11-25,34582.07,16711.76,1405928.72,1423799.03,17870.31,5,1,29,-0.017867,278846.95
C003,2023-11-26,57802.31,30176.06,1423799.03,1451425.28,27626.25,6,0,30,-0.025282,281692.71
C003,2023-11-27,67640.22,328619.17,1451425.28,1190446.33,-260978.95,0,0,0,0.119998,273579.32
C003,2023-11-28,57951.62,25146.38,1190446.33,1223251.57,32805.24,1,0,1,0.100048,264932.84
C003,2023-11-29,60618.55,38550.99,1223251.57,1245319.13,22067.56,2,0,2,0.083414,250410.34
C003,2023-11-30,43136.43,21722.83,1245319.13,1266732.73,21413.6,3,0,3,0.069545,244747.77
C003,2023-12-01,22048.81,69305.48,1266732.73,1219476.06,-47256.67,4,1,4,0.057981,326500.87
C003,2023-12-02,35265.41,14580.53,1219476.06,1240160.94,20684.88,5,1,5,0.048338,269016.22
C003,2023-12-03,60201.41,31336.76,1240160.94,1269025.59,28864.65,6,0,6,0.040297,281281.14
C003,2023-12-04,54395.36,37614.3,1269025.59,1285806.65,16781.06,0,0,7,0.033591,297587.98
C003,2023-12-05,49689.24,60706.33,1285806.65,1274789.56,-11017.09,1,0,8,0.027997,338489.7
C003,2023-12-06,53799.7,31672.92,1274789.56,1296916.34,22126.78,2,0,9,0.02333,265557.48
C003,2023-12-07,51711.66,21481.92,1296916.34,1327146.08,30229.74,3,0,10,0.019433,247331.88
C003,2023-12-08,17668.63,10871.57,1327146.08,1333943.14,6797.06,4,1,11,0.016176,259277.09
C003,2023-12-09,30390.77,17010.66,1333943.14,1347323.25,13380.11,5,1,12,0.013451,262311.57
C003,2023-12-10,64029.76,53037.77,1347323.25,1358315.24,10991.99,6,0,13,0.011165,273859.29
C003,2023-12-11,67980.46,34111.82,1358315.24,1392183.88,33868.64,0,0,14,0.009239,228686.38
C003,2023-12-12,52005.46,24867.79,1392183.88,1419321.55,27137.67,1,0,15,0.007605,225312.02
C003,2023-12-13,53854.56,32405.48,1419321.55,1440770.63,21449.08,2,0,16,0.006205,212230.09
C003,2023-12-14,47469.77,21258.04,1440770.63,1466982.36,26211.73,3,0,17,0.004983,201435.3
C003,2023-12-15,19908.42,10719.16,1466982.36,1476171.62,9189.26,4,1,18,0.003889,214208.56
C003,2023-12-16,34348.72,13686.41,1476171.62,1496833.93,20662.31,5,1,19,0.002872,166039.76
C003,2023-12-17,60706.57,34607.0,1496833.93,1522933.5,26099.57,6,0,20,0.001877,166381.87
C003,2023-12-18,53008.27,35704.45,1522933.5,1540237.32,17303.82,0,0,21,0.000844,159496.43
C003,2023-12-19,50276.32,24125.65,1540237.32,1566387.99,26150.67,1,0,22,-0.000304,154259.44
C003,2023-12-20,55683.79,33786.03,1566387.99,1588285.75,21897.76,2,0,23,-0.001659,140577.55
C003,2023-12-21,57210.98,21712.52,1588285.75,1623784.21,35498.46,3,0,24,-0.003344,87306.39
C003,2023-12-22,20304.32,10692.23,1623784.21,1633396.3,9612.09,4,1,25,-0.005526,106982.76
C003,2023-12-23,31930.38,13965.26,1633396.3,1651361.42,17965.12,5,1,26,-0.008427,111226.22
C003,2023-12-24,58022.91,31213.21,1651361.42,1678171.12,26809.7,6,0,27,-0.012358,115392.49
C003,2023-12-25,62568.88,38094.02,1678171.12,1702645.98,24474.86,0,0,28,-0.017745,106037.2
C003,2023-12-26,57409.86,26937.85,1702645.98,1733117.99,30472.01,1,0,29,-0.02518,100460.33
C003,2023-12-27,61040.92,330133.26,1733117.99,1464025.65,-269092.34,2,0,0,0.119999,377822.18
C003,2023-12-28,48408.51,24249.75,1464025.65,1488184.41,24158.76,3,0,1,0.100049,64188.8
C003,2023-12-29,19330.7,11785.64,1488184.41,1495729.47,7545.06,4,1,2,0.083415,89068.87
C003,2023-12-30,30587.26,14836.23,1495729.47,1511480.5,15751.03,5,1,3,0.069546,91477.79
C003,2023-12-31,63764.48,29268.05,1511480.5,1545976.93,34496.43,6,0,4,0.057983,90335.92
C003,2024-01-01,57460.77,94260.54,1545976.93,1509177.16,-36799.77,0,0,5,0.048341,148825.46
C003,2024-01-02,63854.69,22725.12,1509177.16,1550306.73,41129.57,1,0,6,0.040301,77313.6
C003,2024-01-03,67240.06,34152.16,1550306.73,1583394.63,33087.9,2,0,7,0.033596,54685.79
C003,2024-01-04,54799.63,24915.0,1583394.63,1613279.26,29884.63,3,0,8,0.028004,41341.44
C003,2024-01-05,20649.6,71455.04,1613279.26,1562473.82,-50805.44,4,1,9,0.023339,115815.36
C003,2024-01-06,27959.41,15955.27,1562473.82,1574477.96,12004.14,5,1,10,0.019446,5086.07
C003,2024-01-07,49655.83,30913.56,1574477.96,1593220.23,18742.27,6,0,11,0.016194,13603.1
C003,2024-01-08,51340.4,34925.81,1593220.23,1609634.82,16414.59,0,0,12,0.013476,16839.88
C003,2024-01-09,45853.83,23314.12,1609634.82,1632174.53,22539.71,1,0,13,0.0112,15530.96
C003,2024-01-10,45379.65,56683.92,1632174.53,1620870.26,-11304.27,2,0,14,0.009288,34513.55
C003,2024-01-11,44372.85,20609.54,1620870.26,1644633.57,23763.31,3,0,15,0.007674,-1256.36
C003,2024-01-12,18508.14,10140.99,1644633.57,1653000.72,8367.15,4,1,16,0.0063,7831.7
C003,2024-01-13,29204.15,13787.21,1653000.72,1668417.66,15416.94,5,1,17,0.005117,12561.75
C003,2024-01-14,46852.56,24890.04,1668417.66,1690380.18,21962.52,6,0,18,0.004076,14790.46
C003,2024-01-15,66958.52,94465.01,1690380.18,1662873.69,-27506.49,0,0,19,0.003133,58317.66
C003,2024-01-16,48765.19,22323.51,1662873.69,1689315.37,26441.68,1,0,20,0.002242,53894.76
C003,2024-01-17,42100.07,31681.69,1689315.37,1699733.75,10418.38,2,0,21,0.001352,49789.35
C003,2024-01-18,43345.24,22431.56,1699733.75,1720647.43,20913.68,3,0,22,0.000406,44779.09
C003,2024-01-19,18628.24,10412.37,1720647.43,1728863.3,8215.87,4,1,23,-0.000669,75092.85
C003,2024-01-20,33693.01,51465.71,1728863.3,1711090.6,-17772.7,5,1,24,-0.001963,133754.25
C003,2024-01-21,57657.26,28368.8,1711090.6,1740379.06,29288.46,6,0,25,-0.003598,135478.78
C003,2024-01-22,54262.52,32053.94,1740379.06,1762587.64,22208.58,0,0,26,-0.005737,125563.12
C003,2024-01-23,53365.73,22389.76,1762587.64,1793563.61,30975.97,1,0,27,-0.008604,120559.09
C003,2024-01-24,48186.98,33067.41,1793563.61,1808683.18,15119.57,2,0,28,-0.012505,109627.05
C003,2024-01-25,45899.76,21004.62,1808683.18,1833578.32,24895.14,3,0,29,-0.017867,92005.93
C003,2024-01-26,18490.96,10221.45,1833578.32,1841847.83,8269.51,4,1,30,-0.025282,93212.53
C003,2024-01-27,34830.52,324305.14,1841847.83,1552373.21,-289474.62,5,1,0,0.119999,394517.74
C003,2024-01-28,62204.59,29779.46,1552373.21,1584798.34,32425.13,6,0,1,0.100049,72151.36
C003,2024-01-29,51836.1,33676.15,1584798.34,1602958.29,18159.95,0,0,2,0.083415,64755.0
C003,2024-01-30,53191.95,19837.39,1602958.29,1636312.85,33354.56,1,0,3,0.069546,51040.22
C003,2024-01-31,56761.18,35071.41,1636312.85,1658002.62,21689.77,2,0,4,0.057983,-22439.37
C003,2024-02-01,51917.57,82299.86,1658002.62,1627620.33,-30382.29,3,0,5,0.048341,20815.05
C003,2024-02-02,21178.92,10718.83,1627620.33,1638080.42,10460.09,4,1,6,0.040301,14004.93
C003,2024-02-03,32320.91,15780.63,1638080.42,1654620.7,16540.28,5,1,7,0.033596,15714.55
C003,2024-02-04,56407.16,32738.68,1654620.7,1678289.18,23668.48,6,0,8,0.028004,-44435.92
C003,2024-02-05,66233.74,164958.89,1678289.18,1579564.03,-98725.15,0,0,9,0.023339,67506.86
C003,2024-02-06,53878.45,26619.15,1579564.03,1606823.33,27259.3,1,0,10,0.019446,60390.22
C003,2024-02-07,50447.52,30796.15,1606823.33,1626474.7,19651.37,2,0,11,0.016194,47452.24
C003,2024-02-08,45994.17,24763.38,1626474.7,1647705.49,21230.79,3,0,12,0.013476,39761.36
C003,2024-02-09,18773.56,11095.24,1647705.49,1655383.81,7678.32,4,1,13,0.0112,22850.52
C003,2024-02-10,28772.86,40779.46,1655383.81,1643377.21,-12006.6,5,1,14,0.009288,44507.59
C003,2024-02-11,47727.75,30272.54,1643377.21,1660832.42,17455.21,6,0,15,0.007674,-35550.37
C003,2024-02-12,52798.48,32651.49,1660832.42,1680979.41,20146.99,0,0,16,0.0063,-48488.66
C003,2024-02-13,46553.73,22362.5,1680979.41,1705170.64,24191.23,1,0,17,0.005117,-57198.46
C003,2024-02-14,48424.6,32403.89,1705170.64,1721191.35,16020.71,2,0,18,0.004076,-68659.97
C003,2024-02-15,42852.43,20833.65,1721191.35,1743210.13,22018.78,3,0,19,0.003133,-80325.72
C003,2024-02-16,17106.48,10793.51,1743210.13,1749523.1,6312.97,4,1,20,0.002242,-74704.57
C003,2024-02-17,29099.6,13196.18,1749523.1,1765426.52,15903.42,5,1,21,0.001352,-72893.18
C003,2024-02-18,68351.97,29822.34,1765426.52,1803956.15,38529.63,6,0,22,0.000406,-96853.77
C003,2024-02-19,73667.01,32778.31,1803956.15,1844844.85,40888.7,0,0,23,-0.000669,-126445.79
C003,2024-02-20,59932.73,28919.74,1844844.85,1875857.84,31012.99,1,0,24,-0.001963,-136274.29
C003,2024-02-21,50211.02,37918.1,1875857.84,1888150.76,12292.92,2,0,25,-0.003598,-140934.33
C003,2024-02-22,51936.83,25964.89,1888150.76,1914122.7,25971.94,3,0,26,-0.005737,-154220.67
C003,2024-02-23,17008.78,12821.25,1914122.7,1918310.23,4187.53,4,1,27,-0.008604,-137677.1
C003,2024-02-24,26120.81,18846.79,1918310.23,1925584.25,7274.02,5,1,28,-0.012505,-124532.38
C003,2024-02-25,48420.4,38944.29,1925584.25,1935060.36,9476.11,6,0,29,-0.017867,-118480.67
C003,2024-02-26,59929.66,48099.07,1935060.36,1946890.95,11830.59,0,0,30,-0.025282,-429628.49
C003,2024-02-27,51542.0,341483.25,1946890.95,1656949.7,-289941.25,1,0,0,0.119998,-115723.74
C003,2024-02-28,51683.27,40919.68,1656949.7,1667713.29,10763.59,2,0,1,0.100047,-118029.56
C003,2024-02-29,49913.79,30274.01,1667713.29,1687353.07,19639.78,3,0,2,0.083413,-124498.12
C003,2024-03-01,20852.91,72642.73,1687353.07,1635563.25,-51789.82,4,1,3,0.069543,-61115.8
C003,2024-03-02,29702.68,16830.55,1635563.25,1648435.38,12872.13,5,1,4,0.057978,-118587.52
C003,2024-03-03,40207.58,36557.61,1648435.38,1652085.35,3649.97,6,0,5,0.048335,-105867.08
C003,2024-03-04,53203.62,34953.72,1652085.35,1670335.25,18249.9,0,0,6,0.040292,-113584.69
C003,2024-03-05,47721.35,84203.34,1670335.25,1633853.26,-36481.99,1,0,7,0.033584,-63351.21
C003,2024-03-06,47699.97,34482.34,1633853.26,1647070.89,13217.63,2,0,8,0.027988,-131692.42
C003,2024-03-07,44435.81,24293.15,1647070.89,1667213.55,20142.66,3,0,9,0.023317,-144088.08
C003,2024-03-08,17716.82,11003.43,1667213.55,1673926.94,6713.39,4,1,10,0.019415,-143100.1
C003,2024-03-09,28494.32,14954.41,1673926.94,1687466.85,13539.91,5,1,11,0.016151,-153448.11
C003,2024-03-10,44637.28,53869.8,1687466.85,1678234.33,-9232.52,6,0,12,0.013416,-142577.0
C003,2024-03-11,38666.87,29016.4,1678234.33,1687884.8,9650.47,0,0,13,0.011115,-174138.0
C003,2024-03-12,38067.62,100670.37,1687884.8,1625282.05,-62602.75,1,0,14,0.00917,-102918.4
C003,2024-03-13,37840.9,30632.2,1625282.05,1632490.75,7208.7,2,0,15,0.007509,-107411.03
C003,2024-03-14,34960.66,19479.23,1632490.75,1647972.18,15481.43,3,0,16,0.006071,-112550.7
C003,2024-03-15,13954.64,9395.44,1647972.18,1652531.38,4559.2,4,1,17,0.004796,-94033.01
C003,2024-03-16,23288.59,12935.56,1652531.38,1662884.41,10353.03,5,1,18,0.003628,-143311.56
C003,2024-03-17,38390.41,26456.29,1662884.41,1674818.53,11934.12,6,0,19,0.002508,-137508.41
C003,2024-03-18,40949.93,23235.12,1674818.53,1692533.34,17714.81,0,0,20,0.001369,-135928.61
C003,2024-03-19,32492.51,17923.47,1692533.34,1707102.38,14569.04,1,0,21,0.000135,-129620.32
C003,2024-03-20,38028.87,26732.19,1707102.38,1718399.06,11296.68,2,0,22,-0.001293,-134981.11
C003,2024-03-21,39680.44,18495.95,1718399.06,1739583.55,21184.49,3,0,23,-0.00304,-142045.36
C003,2024-03-22,15689.44,8056.56,1739583.55,1747216.43,7632.88,4,1,24,-0.005272,-130679.36
C003,2024-03-23,25073.84,12388.24,1747216.43,1759902.03,12685.6,5,1,25,-0.008216,-121603.02
C003,2024-03-24,43660.5,22929.4,1759902.03,1780633.13,20731.1,6,0,26,-0.012182,-114706.5
C003,2024-03-25,46146.36,25727.62,1780633.13,1801051.87,20418.74,0,0,27,-0.017598,-122275.5
C003,2024-03-26,37971.56,22443.74,1801051.87,1816579.69,15527.82,1,0,28,-0.025057,-123380.74
C003,2024-03-27,46951.94,346269.17,1816579.69,1517262.46,-299317.23,2,0,0,0.119999,182216.11
C003,2024-03-28,43194.27,19230.77,1517262.46,1541225.96,23963.5,3,0,1,0.100049,-143659.45
C003,2024-03-29,17305.28,8847.51,1541225.96,1549683.73,8457.77,4,1,2,0.083415,-134191.21
C003,2024-03-30,26248.64,13077.42,1549683.73,1562854.95,13171.22,5,1,3,0.069546,-132752.38
C003,2024-03-31,38418.63,26826.13,1562854.95,1574447.45,11592.5,6,0,4,0.057983,-127851.1
C003,2024-04-01,43215.58,87815.17,1574447.45,1529847.86,-44599.59,0,0,5,0.048341,-124637.49
C003,2024-04-02,35471.7,19101.29,1529847.86,1546218.27,16370.41,1,0,6,0.040301,-115511.29
C003,2024-04-03,40685.69,30153.4,1546218.27,1556750.56,10532.29,2,0,7,0.033596,-116116.25
C003,2024-04-04,34996.31,21244.82,1556750.56,1570502.05,13751.49,3,0,8,0.028004,-112539.28
C003,2024-04-05,14139.92,69263.5,1570502.05,1515378.47,-55123.58,4,1,9,0.023339,-92870.84
C003,2024-04-06,19910.63,12163.63,1515378.47,1523125.47,7747.0,5,1,10,0.019446,-73203.3
C003,2024-04-07,31023.82,23322.45,1523125.47,1530826.84,7701.37,6,0,11,0.016194,-54465.09
C003,2024-04-08,27256.49,24064.59,1530826.84,1534018.74,3191.9,0,0,12,0.013476,-38239.73
C003,2024-04-09,19905.2,18266.61,1534018.74,1535657.33,1638.59,1,0,13,0.0112,-14967.13
C003,2024-04-10,26486.52,48397.05,1535657.33,1513746.8,-21910.53,2,0,14,0.009288,-14368.47
C003,2024-04-11,23555.62,14938.77,1513746.8,1522363.65,8616.85,3,0,15,0.007674,-10201.27
C003,2024-04-12,10382.24,7666.17,1522363.65,1525079.72,2716.07,4,1,16,0.0063,5765.69
C003,2024-04-13,19655.38,9313.62,1525079.72,1535421.48,10341.76,5,1,17,0.005117,7801.19
C003,2024-04-14,41080.63,18003.74,1535421.48,1558498.37,23076.89,6,0,18,0.004076,3167.22
C003,2024-04-15,45956.54,84882.06,1558498.37,1519572.85,-38925.52,0,0,19,0.003133,52026.68
C003,2024-04-16,35340.08,17602.81,1519572.85,1537310.12,17737.27,1,0,20,0.002242,57149.41
C003,2024-04-17,39749.61,20455.0,1537310.12,1556604.73,19294.61,2,0,21,0.001352,43818.76
C003,2024-04-18,39386.09,18508.76,1556604.73,1577482.06,20877.33,3,0,22,0.000406,35009.56
C003,2024-04-19,14384.5,8448.61,1577482.06,1583417.95,5935.89,4,1,23,-0.000669,44590.29
C003,2024-04-20,26712.76,12592.52,1583417.95,1597538.19,14120.24,5,1,24,-0.001963,34495.98
C003,2024-04-21,43357.64,24358.76,1597538.19,1616537.07,18998.88,6,0,25,-0.003598,27305.22
C003,2024-04-22,51163.15,29401.21,1616537.07,1638299.01,21761.94,0,0,26,-0.005737,15727.56
C003,2024-04-23,48525.35,20897.73,1638299.01,1665926.63,27627.62,1,0,27,-0.008604,10033.91
C003,2024-04-24,43851.56,31001.82,1665926.63,1678776.37,12849.74,2,0,28,-0.012505,5680.56
C003,2024-04-25,35821.68,21399.1,1678776.37,1693198.95,14422.58,3,0,29,-0.017867,7727.4
C003,2024-04-26,15990.15,9710.53,1693198.95,1699478.57,6279.62,4,1,30,-0.025282,19738.01
C003,2024-04-27,26808.32,328720.38,1699478.57,1397566.51,-301912.06,5,1,0,0.119998,43023.85
C003,2024-04-28,44924.57,26998.56,1397566.51,1415492.52,17926.01,6,0,1,0.100048,45283.1
C003,2024-04-29,41985.79,27375.74,1415492.52,1430102.57,14610.05,0,0,2,0.083414,48764.42
C003,2024-04-30,36985.34,20491.56,1430102.57,1446596.35,16493.78,1,0,3,0.069545,61650.82
C003,2024-05-01,45458.37,86844.35,1446596.35,1405210.37,-41385.98,2,0,4,0.057981,111878.93
C003,2024-05-02,44618.65,19122.04,1405210.37,1430706.98,25496.61,3,0,5,0.048338,46268.2
C003,2024-05-03,18657.86,8730.53,1430706.98,1440634.31,9927.33,4,1,6,0.040297,67575.14
C003,2024-05-04,28695.15,11366.69,1440634.31,1457962.77,17328.46,5,1,7,0.033591,71430.73
C003,2024-05-05,49671.97,85127.11,1457962.77,1422507.63,-35455.14,6,0,8,0.027997,127411.78
C003,2024-05-06,56687.84,29273.3,1422507.63,1449922.17,27414.54,0,0,9,0.02333,58758.31
C003,2024-05-07,48484.66,22045.08,1449922.17,1476361.75,26439.58,1,0,10,0.019433,48891.0
C003,2024-05-08,48827.88,29410.62,1476361.75,1495779.01,19417.26,2,0,11,0.016176,33644.5
C003,2024-05-09,45263.58,20352.39,1495779.01,1520690.2,24911.19,3,0,12,0.013451,20004.43
C003,2024-05-10,16032.63,37344.5,1520690.2,1499378.33,-21311.87,4,1,13,0.011165,47713.54
C003,2024-05-11,25974.92,13190.87,1499378.33,1512162.38,12784.05,5,1,14,0.009239,14386.53
C003,2024-05-12,48722.64,30039.61,1512162.38,1530845.41,18683.03,6,0,15,0.007605,11875.53
C003,2024-05-13,44618.36,32241.1,1530845.41,1543222.67,12377.26,0,0,16,0.006205,15406.65
C003,2024-05-14,42295.79,23852.87,1543222.67,1561665.59,18442.92,1,0,17,0.004983,12195.36
C003,2024-05-15,39957.76,30023.82,1561665.59,1571599.53,9933.94,2,0,18,0.003889,6932.25
C003,2024-05-16,42022.43,19162.43,1571599.53,1594459.53,22860.0,3,0,19,0.002872,-5892.48
C003,2024-05-17,15251.95,9287.99,1594459.53,1600423.49,5963.96,4,1,20,0.001877,-681.08
C003,2024-05-18,24835.83,12767.7,1600423.49,1612491.62,12068.13,5,1,21,0.000844,-12082.19
C003,2024-05-19,41413.15,25896.53,1612491.62,1628008.24,15516.62,6,0,22,-0.000304,-23082.82
C003,2024-05-20,36063.2,32037.27,1628008.24,1632034.17,4025.93,0,0,23,-0.001659,-20329.04
C003,2024-05-21,33417.72,21609.6,1632034.17,1643842.29,11808.12,1,0,24,-0.003344,-15800.97
C003,2024-05-22,34728.39,24544.11,1643842.29,1654026.57,10184.28,2,0,25,-0.005526,-16357.36
C003,2024-05-23,40317.4,18383.43,1654026.57,1675960.54,21933.97,3,0,26,-0.008427,-22879.46
C003,2024-05-24,17057.5,8561.11,1675960.54,1684456.93,8496.39,4,1,27,-0.012358,-5714.2
C003,2024-05-25,28340.21,11870.79,1684456.93,1700926.35,16469.42,5,1,28,-0.017745,-4206.96
C003,2024-05-26,43528.32,25238.09,1700926.35,1719216.58,18290.23,6,0,29,-0.02518,-7796.98
C003,2024-05-27,52097.71,330723.93,1719216.58,1440590.36,-278626.22,0,0,0,0.119999,277266.95
C003,2024-05-28,40977.43,20792.17,1440590.36,1460775.62,20185.26,1,0,1,0.100049,-24596.12
C003,2024-05-29,48952.06,30860.69,1460775.62,1478866.99,18091.37,2,0,2,0.083415,-35002.65
C003,2024-05-30,48570.54,19190.36,1478866.99,1508247.17,29380.18,3,0,3,0.069546,-52232.66
C003,2024-05-31,18752.78,9910.65,1508247.17,1517089.3,8842.13,4,1,4,0.057983,-40009.2
C003,2024-06-01,32665.5,72779.62,1517089.3,1476975.18,-40114.12,5,1,5,0.048341,-36672.71
C003,2024-06-02,57279.25,26044.98,1476975.18,1508209.45,31234.27,6,0,6,0.040301,-46632.08
C003,2024-06-03,53050.22,31866.17,1508209.45,1529393.5,21184.05,0,0,7,0.033596,-56241.22
C003,2024-06-04,42894.37,22368.46,1529393.5,1549919.41,20525.91,1,0,8,0.028004,-55045.73
C003,2024-06-05,49705.61,90944.54,1549919.41,1508680.48,-41238.93,2,0,9,0.023339,-68323.02
C003,2024-06-06,39269.94,22697.67,1508680.48,1525252.75,16572.27,3,0,10,0.019446,-74738.68
C003,2024-06-07,14749.03,10578.27,1525252.75,1529423.51,4170.76,4,1,11,0.016194,-68871.4
C003,2024-06-08,24601.63,13330.51,1529423.51,1540694.63,11271.12,5,1,12,0.013476,-68822.67
C003,2024-06-09,36013.47,29616.23,1540694.63,1547091.87,6397.24,6,0,13,0.0112,-51918.89
C003,2024-06-10,38914.17,59457.13,1547091.87,1526548.91,-20542.96,0,0,14,0.009288,-59591.44
C003,2024-06-11,36612.17,20440.14,1526548.91,1542720.94,16172.03,1,0,15,0.007674,-54141.24
C003,2024-06-12,41312.63,25404.25,1542720.94,1558629.32,15908.38,2,0,16,0.0063,-64134.84
C003,2024-06-13,33863.2,18631.57,1558629.32,1573860.95,15231.63,3,0,17,0.005117,-70849.25
C003,2024-06-14,14158.54,9487.71,1573860.95,1578531.78,4670.83,4,1,18,0.004076,-67930.65
C003,2024-06-15,20820.22,10784.95,1578531.78,1588567.05,10035.27,5,1,19,0.003133,-129444.57
C003,2024-06-16,31986.73,20811.37,1588567.05,1599742.41,11175.36,6,0,20,0.002242,-120764.49
C003,2024-06-17,25970.72,25303.7,1599742.41,1600409.43,667.02,0,0,21,0.001352,-106431.0
C003,2024-06-18,22210.79,17694.8,1600409.43,1604925.42,4515.99,1,0,22,0.000406,-93995.59
C003,2024-06-19,28829.07,22049.36,1604925.42,1611705.13,6779.71,2,0,23,-0.000669,-93897.76
C003,2024-06-20,32485.55,16149.36,1611705.13,1628041.32,16336.19,3,0,24,-0.001963,-115084.38
C003,2024-06-21,16553.35,6925.46,1628041.32,1637669.21,9627.89,4,1,25,-0.003598,-109735.54
C003,2024-06-22,25295.38,9883.51,1637669.21,1653081.08,15411.87,5,1,26,-0.005737,-110674.83
C003,2024-06-23,43182.45,17520.8,1653081.08,1678742.73,25661.65,6,0,27,-0.008604,-118411.34
C003,2024-06-24,41062.22,23085.56,1678742.73,1696719.39,17976.66,0,0,28,-0.012505,-123204.18
C003,2024-06-25,34273.42,19573.21,1696719.39,1711419.6,14700.21,1,0,29,-0.017867,-120135.16
C003,2024-06-26,33105.75,26668.04,1711419.6,1717857.31,6437.71,2,0,30,-0.025282,-116566.48
C003,2024-06-27,41373.75,323051.56,1717857.31,1436179.5,-281677.81,3,0,0,0.119998,-131191.55
C003,2024-06-28,16696.53,9011.69,1436179.5,1443864.34,7684.84,4,1,1,0.100048,-116327.87
C003,2024-06-29,24846.69,12696.52,1443864.34,1456014.51,12150.17,5,1,2,0.083414,-113812.07
C003,2024-06-30,45496.78,24431.19,1456014.51,1477080.1,21065.59,6,0,3,0.069545,-114976.42
C003,2024-07-01,48644.01,85421.64,1477080.1,1440302.47,-36777.63,0,0,4,0.057981,-62565.74
C003,2024-07-02,40870.19,19595.29,1440302.47,1461577.37,21274.9,1,0,5,0.048338,-122720.78
C003,2024-07-03,37621.64,26046.73,1461577.37,1473152.28,11574.91,2,0,6,0.040297,-126138.7
C003,2024-07-04,39417.9,17696.5,1473152.28,1494873.68,21721.4,3,0,7,0.033591,-135307.16
C003,2024-07-05,15138.66,69654.88,1494873.68,1440357.46,-54516.22,4,1,8,0.027997,-63738.96
C003,2024-07-06,23037.86,12881.25,1440357.46,1450514.07,10156.61,5,1,9,0.02333,-122694.68
C003,2024-07-07,36022.1,25984.06,1450514.07,1460552.11,10038.04,6,0,10,0.019433,-117297.05
C003,2024-07-08,40266.16,28946.31,1460552.11,1471871.96,11319.85,0,0,11,0.016176,-113894.56
C003,2024-07-09,42172.59,18871.57,1471871.96,1495172.98,23301.02,1,0,12,0.013451,-114599.4
C003,2024-07-10,37507.24,65722.75,1495172.98,1466957.47,-28215.51,2,0,13,0.011165,-79527.82
C003,2024-07-11,37843.2,16220.97,1466957.47,1488579.7,21622.23,3,0,14,0.009239,-125590.88
C003,2024-07-12,14596.4,8681.62,1488579.7,1494494.48,5914.78,4,1,15,0.007605,-115286.19
C003,2024-07-13,20247.98,11730.76,1494494.48,1503011.7,8517.22,5,1,16,0.006205,-108954.56
C003,2024-07-14,32343.12,24753.69,1503011.7,1510601.13,7589.43,6,0,17,0.004983,-103331.74
C003,2024-07-15,42315.8,93794.45,1510601.13,1459122.48,-51478.65,0,0,18,0.003889,-43241.78
C003,2024-07-16,39532.98,19677.54,1459122.48,1478977.92,19855.44,1,0,19,0.002872,-44400.28
C003,2024-07-17,41123.27,26122.76,1478977.92,1493978.43,15000.51,2,0,20,0.001877,-49677.86
C003,2024-07-18,36721.73,19770.33,1493978.43,1510929.83,16951.4,3,0,21,0.000844,-49468.51
C003,2024-07-19,15597.78,8720.24,1510929.83,1517807.37,6877.54,4,1,22,-0.000304,-34300.58
C003,2024-07-20,23573.77,28424.2,1517807.37,1512956.94,-4850.43,5,1,23,-0.001659,-10054.2
C003,2024-07-21,38447.17,23470.44,1512956.94,1527933.67,14976.73,6,0,24,-0.003344,-7995.79
C003,2024-07-22,40479.63,26007.05,1527933.67,1542406.25,14472.58,0,0,25,-0.005526,-15661.71
C003,2024-07-23,38008.64,20083.5,1542406.25,1560331.39,17925.14,1,0,26,-0.008427,-17827.44
C003,2024-07-24,38779.45,25595.63,1560331.39,1573515.21,13183.82,2,0,27,-0.012358,-24359.87
C003,2024-07-25,37874.94,20105.71,1573515.21,1591284.44,17769.23,3,0,28,-0.017745,-28805.65
C003,2024-07-26,18764.67,8758.28,1591284.44,1601290.83,10006.39,4,1,29,-0.02518,-18666.88
C003,2024-07-27,29997.26,326300.14,1601290.83,1304987.95,-296302.88,5,1,0,0.119999,235936.27
C003,2024-07-28,48769.57,26221.05,1304987.95,1327536.47,22548.52,6,0,1,0.100049,-69012.73
C003,2024-07-29,43967.51,29301.54,1327536.47,1342202.44,14665.97,0,0,2,0.083415,-62235.85
C003,2024-07-30,41809.79,21908.55,1342202.44,1362103.68,19901.24,1,0,3,0.069546,-59683.49
C003,2024-07-31,42360.72,26727.67,1362103.68,1377736.73,15633.05,2,0,4,0.057983,-67138.04
C003,2024-08-01,42988.18,81868.32,1377736.73,1338856.59,-38880.14,3,0,5,0.048341,-13950.42
C003,2024-08-02,17928.62,9771.63,1338856.59,1347013.58,8156.99,4,1,6,0.040301,-54301.84
C003,2024-08-03,25596.53,13043.59,1347013.58,1359566.52,12552.94,5,1,7,0.033596,-30840.23
C003,2024-08-04,43792.43,26740.45,1359566.52,1376618.5,17051.98,6,0,8,0.028004,-10248.67
C003,2024-08-05,43121.77,91920.88,1376618.5,1327819.39,-48799.11,0,0,9,0.023339,71560.17
C003,2024-08-06,37824.42,22388.75,1327819.39,1343255.06,15435.67,1,0,10,0.019446,27977.69
C003,2024-08-07,44921.08,30198.74,1343255.06,1357977.4,14722.34,2,0,11,0.016194,22166.98
C003,2024-08-08,44686.5,22090.32,1357977.4,1380573.58,22596.18,3,0,12,0.013476,-56872.5
C003,2024-08-09,16626.63,9770.56,1380573.58,1387429.65,6856.07,4,1,13,0.0112,-48445.84
C003,2024-08-10,21463.83,45904.66,1387429.65,1362988.82,-24440.83,5,1,14,0.009288,-4565.56
C003,2024-08-11,45202.33,28982.86,1362988.82,1379208.29,16219.47,6,0,15,0.007674,-26741.75
C003,2024-08-12,44198.38,29349.53,1379208.29,1394057.14,14848.85,0,0,16,0.0063,-39363.67
C003,2024-08-13,36649.3,23437.05,1394057.14,1407269.39,13212.25,1,0,17,0.005117,-36625.54
C003,2024-08-14,42141.49,33530.18,1407269.39,1415880.7,8611.31,2,0,18,0.004076,-37879.64
C003,2024-08-15,40107.02,21410.08,1415880.7,1434577.64,18696.94,3,0,19,0.003133,-43185.22
C003,2024-08-16,19508.04,9785.11,1434577.64,1444300.57,9722.93,4,1,20,0.002242,-35381.33
C003,2024-08-17,31087.87,13927.12,1444300.57,1461461.32,17160.75,5,1,21,0.001352,-39202.4
C003,2024-08-18,51555.51,29510.04,1461461.32,1483506.79,22045.47,6,0,22,0.000406,-43196.62
C003,2024-08-19,52454.13,33058.18,1483506.79,1502902.74,19395.95,0,0,23,-0.000669,-45154.69
C003,2024-08-20,42390.31,25355.17,1502902.74,1519937.88,17035.14,1,0,24,-0.001963,-33989.37
C003,2024-08-21,42450.28,35643.62,1519937.88,1526744.54,6806.66,2,0,25,-0.003598,-30288.94
C003,2024-08-22,41941.63,26182.22,1526744.54,1542503.95,15759.41,3,0,26,-0.005737,-22087.33
C003,2024-08-23,17278.34,10626.95,1542503.95,1549155.34,6651.39,4,1,27,-0.008604,8650.48
C003,2024-08-24,26758.05,13434.6,1549155.34,1562478.79,13323.45,5,1,28,-0.012505,29120.05
C003,2024-08-25,48419.25,28274.09,1562478.79,1582623.95,20145.16,6,0,29,-0.017867,30760.19
C003,2024-08-26,57483.27,99183.0,1582623.95,1540924.22,-41699.73,0,0,30,-0.025282,100380.51
C003,2024-08-27,48392.61,330793.09,1540924.22,1258523.74,-282400.48,1,0,0,0.119999,405549.43
C003,2024-08-28,53454.07,32011.22,1258523.74,1279966.59,21442.85,2,0,1,0.100049,80647.12
C003,2024-08-29,46414.74,23961.14,1279966.59,1302420.19,22453.6,3,0,2,0.083415,76074.64
C003,2024-08-30,19937.75,11759.25,1302420.19,1310598.69,8178.5,4,1,3,0.069546,90031.99
C003,2024-08-31,29045.06,14737.58,1310598.69,1324906.17,14307.48,5,1,4,0.057983,96618.91
C003,2024-09-01,56334.87,88529.3,1324906.17,1292711.74,-32194.43,6,0,5,0.048341,97480.3
C003,2024-09-02,69358.68,33344.13,1292711.74,1328726.29,36014.55,0,0,6,0.040301,83418.64
C003,2024-09-03,60933.3,23289.76,1328726.29,1366369.83,37643.54,1,0,7,0.033596,75232.18
C003,2024-09-04,72986.77,39977.04,1366369.83,1399379.56,33009.73,2,0,8,0.028004,50869.09
C003,2024-09-05,58967.16,87113.97,1399379.56,1371232.75,-28146.81,3,0,9,0.023339,32535.94
C003,2024-09-06,21869.99,12958.36,1371232.75,1380144.38,8911.63,4,1,10,0.019446,47757.77
C003,2024-09-07,28697.98,85141.28,1380144.38,1323701.08,-56443.3,5,1,11,0.016194,132750.31
C003,2024-09-08,53759.33,38476.6,1323701.08,1338983.81,15282.73,6,0,12,0.013476,156013.43
C003,2024-09-09,59810.53,40371.08,1338983.81,1358423.26,19439.45,0,0,13,0.0112,156046.88
C003,2024-09-10,55279.62,61236.34,1358423.26,1352466.54,-5956.72,1,0,14,0.009288,162773.75
C003,2024-09-11,47974.7,45747.77,1352466.54,1354693.47,2226.93,2,0,15,0.007674,167660.6
C003,2024-09-12,41855.1,25904.72,1354693.47,1370643.85,15950.38,3,0,16,0.0063,170853.39
C003,2024-09-13,19275.0,11917.79,1370643.85,1378001.06,7357.21,4,1,17,0.005117,186687.98
C003,2024-09-14,31498.66,18107.3,1378001.06,1391392.42,13391.36,5,1,18,0.004076,189693.37
C003,2024-09-15,57149.63,39622.81,1391392.42,1408919.24,17526.82,6,0,19,0.003133,124017.15
C003,2024-09-16,54191.29,40851.61,1408919.24,1422258.92,13339.68,0,0,20,0.002242,127690.09
C003,2024-09-17,46636.09,28584.84,1422258.92,1440310.17,18051.25,1,0,21,0.001352,134924.25
C003,2024-09-18,50606.1,33168.22,1440310.17,1457748.05,17437.88,2,0,22,0.000406,126629.61
C003,2024-09-19,54722.35,26521.89,1457748.05,1485948.51,28200.46,3,0,23,-0.000669,120655.66
C003,2024-09-20,22920.41,12413.32,1485948.51,1496455.6,10507.09,4,1,24,-0.001963,137413.62
C003,2024-09-21,39572.99,15611.97,1496455.6,1520416.62,23961.02,5,1,25,-0.003598,135512.06
C003,2024-09-22,69293.07,31903.87,1520416.62,1557805.82,37389.2,6,0,26,-0.005737,122612.32
C003,2024-09-23,71654.23,37861.21,1557805.82,1591598.84,33793.02,0,0,27,-0.008604,106190.28
C003,2024-09-24,50917.32,29132.02,1591598.84,1613384.14,21785.3,1,0,28,-0.012505,115938.58
C003,2024-09-25,64668.77,36748.18,1613384.14,1641304.73,27920.59,2,0,29,-0.017867,99228.89
C003,2024-09-26,48681.75,25913.31,1641304.73,1664073.17,22768.44,3,0,30,-0.025282,95136.46
C003,2024-09-27,21839.52,325298.98,1664073.17,1360613.71,-303459.46,4,1,0,0.119998,120947.15
C003,2024-09-28,35108.83,17227.71,1360613.71,1378494.83,17881.12,5,1,1,0.100048,136005.65
C003,2024-09-29,56963.2,34827.35,1378494.83,1400630.68,22135.85,6,0,2,0.083414,149110.7
C003,2024-09-30,57386.85,36492.45,1400630.68,1421525.08,20894.4,0,0,3,0.069545,147917.2
C003,2024-10-01,55483.72,86816.76,1421525.08,1390192.04,-31333.04,1,0,4,0.057981,208154.53
C003,2024-10-02,58940.56,36987.67,1390192.04,1412144.93,21952.89,2,0,5,0.048338,136145.59
C003,2024-10-03,54421.38,24964.3,1412144.93,1441602.01,29457.08,3,0,6,0.040297,123562.88
C003,2024-10-04,19995.34,11348.7,1441602.01,1450248.65,8646.64,4,1,7,0.033591,137465.51
C003,2024-10-05,29833.12,76313.08,1450248.65,1403768.69,-46479.96,5,1,8,0.027997,215754.1
C003,2024-10-06,57287.16,33153.7,1403768.69,1427902.15,24133.46,6,0,9,0.02333,162855.52
C003,2024-10-07,60402.72,31853.48,1427902.15,1456451.39,28549.24,0,0,10,0.019433,160226.45
C003,2024-10-08,63540.78,24994.93,1456451.39,1494997.24,38545.85,1,0,11,0.016176,161619.37
C003,2024-10-09,58881.15,39408.25,1494997.24,1514470.14,19472.9,2,0,12,0.013451,153292.66
C003,2024-10-10,51799.13,51028.98,1514470.14,1515240.29,770.15,3,0,13,0.011165,171541.78
C003,2024-10-11,19165.39,12051.61,1515240.29,1522354.07,7113.78,4,1,14,0.009239,153254.42
C003,2024-10-12,34801.6,15658.43,1522354.07,1541497.24,19143.17,5,1,15,0.007605,152349.59
C003,2024-10-13,57898.34,34706.54,1541497.24,1564689.04,23191.8,6,0,16,0.006205,155076.53
C003,2024-10-14,53008.99,36612.24,1564689.04,1581085.79,16396.75,0,0,17,0.004983,150182.93
C003,2024-10-15,47072.38,95221.78,1581085.79,1532936.39,-48149.4,1,0,18,0.003889,226216.67
C003,2024-10-16,53780.7,36768.08,1532936.39,1549949.01,17012.62,2,0,19,0.002872,220571.91
C003,2024-10-17,46835.09,21549.68,1549949.01,1575234.42,25285.41,3,0,20,0.001877,206359.5
C003,2024-10-18,20226.75,11083.51,1575234.42,1584377.66,9143.24,4,1,21,0.000844,211738.22
C003,2024-10-19,37845.85,15619.34,1584377.66,1606604.17,22226.51,5,1,22,-0.000304,210474.63
C003,2024-10-20,60017.2,32752.15,1606604.17,1633869.22,27265.05,6,0,23,-0.001659,212258.85
C003,2024-10-21,55757.07,33697.61,1633869.22,1655928.68,22059.46,0,0,24,-0.003344,221999.4
C003,2024-10-22,52013.41,27523.95,1655928.68,1680418.14,24489.46,1,0,25,-0.005526,235048.62
C003,2024-10-23,50642.12,33271.14,1680418.14,1697789.12,17370.98,2,0,26,-0.008427,228255.08
C003,2024-10-24,53317.56,21783.96,1697789.12,1729322.72,31533.6,3,0,27,-0.012358,212827.73
C003,2024-10-25,21884.95,10674.05,1729322.72,1740533.62,11210.9,4,1,28,-0.017745,225594.9
C003,2024-10-26,34907.69,16231.68,1740533.62,1759209.63,18676.01,5,1,29,-0.02518,232269.08
C003,2024-10-27,67857.24,345506.01,1759209.63,1481560.86,-277648.77,6,0,0,0.119999,530668.07
C003,2024-10-28,69752.06,36812.44,1481560.86,1514500.48,32939.62,0,0,1,0.100049,202696.08
C003,2024-10-29,60567.76,25326.86,1514500.48,1549741.38,35240.9,1,0,2,0.083415,202924.81
C003,2024-10-30,58425.16,38724.26,1549741.38,1569442.28,19700.9,2,0,3,0.069546,190624.24
C003,2024-10-31,55669.26,26764.97,1569442.28,1598346.57,28904.29,3,0,4,0.057983,180142.65
C003,2024-11-01,22640.57,72696.62,1598346.57,1548290.52,-50056.05,4,1,5,0.048341,192292.28
C003,2024-11-02,34534.57,17660.2,1548290.52,1565164.89,16874.37,5,1,6,0.040301,198426.66
C003,2024-11-03,60306.72,37757.45,1565164.89,1587714.16,22549.27,6,0,7,0.033596,206704.78
C003,2024-11-04,71887.8,40079.17,1587714.16,1619522.79,31808.63,0,0,8,0.028004,196824.0
C003,2024-11-05,57845.87,86610.99,1619522.79,1590757.67,-28765.12,1,0,9,0.023339,193143.89
C003,2024-11-06,66002.19,40082.02,1590757.67,1616677.84,25920.17,2,0,10,0.019446,175840.59
C003,2024-11-07,66173.87,26235.1,1616677.84,1656616.61,39938.77,3,0,11,0.016194,156125.6
C003,2024-11-08,24195.44,13049.25,1656616.61,1667762.8,11146.19,4,1,12,0.013476,179238.49
C003,2024-11-09,36815.87,17796.6,1667762.8,1686782.07,19019.27,5,1,13,0.0112,186093.67
C003,2024-11-10,49573.34,60746.92,1686782.07,1675608.49,-11173.58,6,0,14,0.009288,190162.86
C003,2024-11-11,59234.21,40995.87,1675608.49,1693846.83,18238.34,0,0,15,0.007674,197664.6
C003,2024-11-12,52795.56,26876.82,1693846.83,1719765.57,25918.74,1,0,16,0.0063,197259.07
C003,2024-11-13,49388.54,37885.39,1719765.57,1731268.72,11503.15,2,0,17,0.005117,193272.37
C003,2024-11-14,55077.28,27192.94,1731268.72,1759153.06,27884.34,3,0,18,0.004076,180002.01
C003,2024-11-15,21957.71,10589.85,1759153.06,1770520.92,11367.86,4,1,19,0.003133,191734.86
C003,2024-11-16,28100.11,17027.11,1770520.92,1781593.92,11073.0,5,1,20,0.002242,199749.64
C003,2024-11-17,47276.16,32754.2,1781593.92,1796115.88,14521.96,6,0,21,0.001352,201500.46
C003,2024-11-18,57927.62,36964.7,1796115.88,1817078.8,20962.92,0,0,22,0.000406,185837.28
C003,2024-11-19,53730.52,24681.25,1817078.8,1846128.07,29049.27,1,0,23,-0.000669,181381.59
C003,2024-11-20,62027.58,30227.57,1846128.07,1877928.08,31800.01,2,0,24,-0.001963,156728.2
C003,2024-11-21,60930.58,23391.9,1877928.08,1915466.76,37538.68,3,0,25,-0.003598,131774.72
C003,2024-11-22,21764.28,11186.84,1915466.76,1926044.2,10577.44,4,1,26,-0.005737,142286.86
C003,2024-11-23,32149.01,16042.76,1926044.2,1942150.45,16106.25,5,1,27,-0.008604,153364.13
C003,2024-11-24,56068.02,32089.95,1942150.45,1966128.52,23978.07,6,0,28,-0.012505,155632.44
C003,2024-11-25,59429.31,34079.12,1966128.52,1991478.71,25350.19,0,0,29,-0.017867,148949.2
C003,2024-11-26,46745.79,25995.57,1991478.71,2012228.93,20750.22,1,0,30,-0.025282,150537.8
C003,2024-11-27,51629.85,346662.22,2012228.93,1717196.56,-295032.37,2,0,0,0.119998,142760.21
C003,2024-11-28,59305.65,23836.02,1717196.56,1752666.19,35469.63,3,0,1,0.100048,124706.09
C003,2024-11-29,19951.71,12551.38,1752666.19,1760066.52,7400.33,4,1,2,0.083414,133291.3
C003,2024-11-30,33231.15,14808.45,1760066.52,1778489.22,18422.7,5,1,3,0.069545,131576.47
C003,2024-12-01,56472.26,94378.68,1778489.22,1740582.8,-37906.42,6,0,4,0.057981,197972.02
C003,2024-12-02,60431.31,37422.56,1740582.8,1763591.55,23008.75,0,0,5,0.048338,131598.23
C003,2024-12-03,56961.38,26133.99,1763591.55,1794418.94,30827.39,1,0,6,0.040297,123494.41
C003,2024-12-04,57480.12,35552.27,1794418.94,1816346.79,21927.85,2,0,7,0.033591,108214.09
C003,2024-12-05,51164.17,83609.4,1816346.79,1783901.56,-32445.23,3,0,8,0.027997,157934.97
C003,2024-12-06,20299.7,11682.83,1783901.56,1792518.43,8616.87,4,1,9,0.02333,114946.18
C003,2024-12-07,36388.33,16164.55,1792518.43,1812742.21,20223.78,5,1,10,0.019433,108237.08
C003,2024-12-08,66306.02,32046.94,1812742.21,1847001.29,34259.08,6,0,11,0.016176,94778.57
C003,2024-12-09,63304.41,37429.96,1847001.29,1872875.74,25874.45,0,0,12,0.013451,79941.66
C003,2024-12-10,46308.62,53413.01,1872875.74,1865771.35,-7104.39,1,0,13,0.011165,110959.48
C003,2024-12-11,57501.02,31760.94,1865771.35,1891511.43,25740.08,2,0,14,0.009239,67722.62
C003,2024-12-12,49300.35,23787.14,1891511.43,1917024.64,25513.21,3,0,15,0.007605,59922.77
C003,2024-12-13,19083.03,11566.58,1917024.64,1924541.09,7516.45,4,1,16,0.006205,75969.77
C003,2024-12-14,31326.19,16712.21,1924541.09,1939155.07,14613.98,5,1,17,0.004983,85633.74
C003,2024-12-15,54848.83,31748.12,1939155.07,1962255.78,23100.71,6,0,18,0.003889,93230.58
C003,2024-12-16,54831.76,35743.98,1962255.78,1981343.56,19087.78,0,0,19,0.002872,35567.47
C003,2024-12-17,43334.26,27061.48,1981343.56,1997616.34,16272.78,1,0,20,0.001877,50708.87
C003,2024-12-18,38499.63,33199.89,1997616.34,2002916.08,5299.74,2,0,21,0.000844,52284.67
C003,2024-12-19,46474.67,21881.09,2002916.08,2027509.66,24593.58,3,0,22,-0.000304,42873.77
C003,2024-12-20,17718.32,10571.7,2027509.66,2034656.28,7146.62,4,1,23,-0.001659,44401.61
C003,2024-12-21,27329.65,14744.45,2034656.28,2047241.48,12585.2,5,1,24,-0.003344,-183779.25
C003,2024-12-22,48126.41,27036.83,2047241.48,2068331.06,21089.58,6,0,25,-0.005526,-254061.28
C003,2024-12-23,55811.03,28627.51,2068331.06,2095514.58,27183.52,0,0,26,-0.008427,-267842.64
C003,2024-12-24,47520.49,21274.11,2095514.58,2121760.96,26246.38,1,0,27,-0.012358,-275095.75
C003,2024-12-25,50590.03,31923.08,2121760.96,2140427.91,18666.95,2,0,28,-0.017745,-284502.36
C003,2024-12-26,43822.37,21483.55,2140427.91,2162766.73,22338.82,3,0,29,-0.02518,-287419.5
C003,2024-12-27,20126.81,322936.77,2162766.73,1859956.77,-302809.96,4,1,0,0.119999,38083.74
C003,2024-12-28,31351.24,13935.73,1859956.77,1877372.28,17415.51,5,1,1,0.100049,-284948.65
C003,2024-12-29,45299.14,29313.6,1877372.28,1893357.82,15985.54,6,0,2,0.083415,-275343.98
C003,2024-12-30,47220.12,30512.25,1893357.82,1910065.69,16707.87,0,0,3,0.069546,-278906.65
C003,2024-12-31,52146.45,23657.32,1910065.69,1938554.82,28489.13,1,0,4,0.057983,-278261.57
C003,2025-01-01,52686.12,96051.16,1938554.82,1895189.78,-43365.04,2,0,5,0.048341,-223335.2
C003,2025-01-02,43691.62,20968.05,1895189.78,1917913.35,22723.57,3,0,6,0.040301,-298261.96
C003,2025-01-03,16994.88,10347.35,1917913.35,1924560.88,6647.53,4,1,7,0.033596,-277197.79
C003,2025-01-04,30791.67,13516.02,1924560.88,1941836.53,17275.65,5,1,8,0.028004,-274206.19
C003,2025-01-05,51296.41,85668.33,1941836.53,1907464.61,-34371.92,6,0,9,0.023339,-213673.54
C003,2025-01-06,49181.7,35667.02,1907464.61,1920979.29,13514.68,0,0,10,0.019446,-339494.84
C003,2025-01-07,43458.35,22657.78,1920979.29,1941779.86,20800.57,1,0,11,0.016194,-343081.03
C003,2025-01-08,39670.49,28632.95,1941779.86,1952817.4,11037.54,2,0,12,0.013476,-348728.25
C003,2025-01-09,45165.78,21252.35,1952817.4,1976730.83,23913.43,3,0,13,0.0112,-365235.89
C003,2025-01-10,19209.22,36706.0,1976730.83,1959234.05,-17496.78,4,1,14,0.009288,-338393.19
C003,2025-01-11,30227.26,12513.9,1959234.05,1976947.41,17713.36,5,1,15,0.007674,-369094.97
C003,2025-01-12,49181.34,25617.89,1976947.41,2000510.86,23563.45,6,0,16,0.0063,-368277.24
C003,2025-01-13,54883.14,30605.19,2000510.86,2024788.81,24277.95,0,0,17,0.005117,-385170.34
C003,2025-01-14,53515.51,22817.96,2024788.81,2055486.36,30697.55,1,0,18,0.004076,-397079.0
C003,2025-01-15,60443.05,99018.38,2055486.36,2016911.03,-38575.33,2,0,19,0.003133,-353384.52
C003,2025-01-16,54259.33,22845.15,2016911.03,2048325.21,31414.18,3,0,20,0.002242,-375750.52
C003,2025-01-17,19047.05,12171.51,2048325.21,2055200.75,6875.54,4,1,21,0.001352,-380659.77
C003,2025-01-18,30370.7,15188.02,2055200.75,2070383.43,15182.68,5,1,22,0.000406,-397468.21
C003,2025-01-19,42166.34,33491.88,2070383.43,2079057.89,8674.46,6,0,23,-0.000669,-400163.68
C003,2025-01-20,49769.43,265365.09,2079057.89,1863462.23,-215595.66,0,0,24,-0.001963,-185717.88
C003,2025-01-21,53104.81,102297.26,1863462.23,1814269.78,-49192.45,1,0,25,-0.003598,-124312.17
C003,2025-01-22,47138.57,33736.41,1814269.78,1827671.94,13402.16,2,0,26,-0.005737,-132693.76
C003,2025-01-23,43404.67,24411.4,1827671.94,1846665.21,18993.27,3,0,27,-0.008604,-138621.98
C003,2025-01-24,19421.81,10161.47,1846665.21,1855925.55,9260.34,4,1,28,-0.012505,-133687.74
C003,2025-01-25,33952.45,14530.77,1855925.55,1875347.23,19421.68,5,1,29,-0.017867,-145360.32
C003,2025-01-26,52784.76,30091.48,1875347.23,1898040.51,22693.28,6,0,30,-0.025282,-153773.44
C003,2025-01-27,57827.03,363443.91,1898040.51,1592423.63,-305616.88,0,0,0,0.119999,117847.35
C003,2025-01-28,47845.94,22255.73,1592423.63,1618013.84,25590.21,1,0,1,0.100049,-205842.62
C003,2025-01-29,48606.51,35461.31,1618013.84,1631159.04,13145.2,2,0,2,0.083415,-213112.8
C003,2025-01-30,51489.09,22354.88,1631159.04,1660293.25,29134.21,3,0,3,0.069546,-291284.64
C003,2025-01-31,22373.48,10812.15,1660293.25,1671854.58,11561.33,4,1,4,0.057983,-280271.13
C003,2025-02-01,25913.94,78117.13,1671854.58,1619651.39,-52203.19,5,1,5,0.048341,-220146.55
C003,2025-02-02,55256.37,27544.67,1619651.39,1647363.09,27711.7,6,0,6,0.040301,-232034.12
C003,2025-02-03,55254.66,34987.41,1647363.09,1667630.34,20267.25,0,0,7,0.033596,-301802.95
C003,2025-02-04,50292.71,24131.98,1667630.34,1693791.07,26160.73,1,0,8,0.028004,-312639.71
C003,2025-02-05,54535.23,166841.85,1693791.07,1581484.45,-112306.62,2,0,9,0.023339,-195351.12
C003,2025-02-06,42607.59,25393.21,1581484.45,1598698.83,17214.38,3,0,10,0.019446,-200887.66
C003,2025-02-07,16877.25,11486.93,1598698.83,1604089.15,5390.32,4,1,11,0.016194,-191152.09
C003,2025-02-08,24703.17,17297.38,1604089.15,1611494.94,7405.79,5,1,12,0.013476,-214625.39
C003,2025-02-09,43917.36,34571.44,1611494.94,1620840.86,9345.92,6,0,13,0.0112,-203505.8
C003,2025-02-10,51026.87,64015.29,1620840.86,1607852.44,-12988.42,0,0,14,0.009288,-180411.4
C003,2025-02-11,49633.13,25251.95,1607852.44,1632233.62,24381.18,1,0,15,0.007674,-191763.56
C003,2025-02-12,40894.81,33509.96,1632233.62,1639618.47,7384.85,2,0,16,0.0063,-194352.74
C003,2025-02-13,44143.99,25355.1,1639618.47,1658407.36,18788.89,3,0,17,0.005117,-207404.59
C003,2025-02-14,16890.37,11771.22,1658407.36,1663526.51,5119.15,4,1,18,0.004076,-203984.66
C003,2025-02-15,26050.34,17002.16,1663526.51,1672574.69,9048.18,5,1,19,0.003133,-205619.23
C003,2025-02-16,36155.94,34189.65,1672574.69,1674540.98,1966.29,6,0,20,0.002242,-192850.25
C003,2025-02-17,37335.43,38961.19,1674540.98,1672915.22,-1625.76,0,0,21,0.001352,-180635.29
C003,2025-02-18,32950.62,26971.63,1672915.22,1678894.21,5978.99,1,0,22,0.000406,-169984.68
C003,2025-02-19,34077.08,35226.94,1678894.21,1677744.35,-1149.86,2,0,23,-0.000669,-163407.51
C003,2025-02-20,36596.54,24383.28,1677744.35,1689957.61,12213.26,3,0,24,-0.001963,-166532.95
C003,2025-02-21,15405.13,10384.56,1689957.61,1694978.18,5020.57,4,1,25,-0.003598,-153002.5
C003,2025-02-22,27846.06,14781.01,1694978.18,1708043.23,13065.05,5,1,26,-0.005737,-149865.37
C003,2025-02-23,42025.33,27830.75,1708043.23,1722237.81,14194.58,6,0,27,-0.008604,-152341.73
C003,2025-02-24,40035.61,32286.51,1722237.81,1729986.91,7749.1,0,0,28,-0.012505,-160189.1
C003,2025-02-25,36866.45,22586.29,1729986.91,1744267.07,14280.16,1,0,29,-0.017867,-493869.68
C003,2025-02-26,41588.54,75584.63,1744267.07,1710270.98,-33996.09,2,0,30,-0.025282,-457179.12
C003,2025-02-27,45743.1,343842.86,1710270.98,1412171.22,-298099.76,3,0,0,0.119997,-154114.79
C003,2025-02-28,17052.72,11177.7,1412171.22,1418046.24,5875.02,4,1,1,0.100046,-162378.01
C003,2025-03-01,27836.4,76874.03,1418046.24,1369008.61,-49037.63,5,1,2,0.083411,-112428.39
C003,2025-03-02,49105.19,26530.35,1369008.61,1391583.45,22574.84,6,0,3,0.069541,-188891.51
C003,2025-03-03,40339.66,32418.27,1391583.45,1399504.84,7921.39,0,0,4,0.057975,-191328.97
C003,2025-03-04,36893.84,21069.71,1399504.84,1415328.97,15824.13,1,0,5,0.04833,-187248.85
C003,2025-03-05,36965.11,86466.69,1415328.97,1365827.39,-49501.58,2,0,6,0.040286,-129318.72
C003,2025-03-06,36278.96,20954.99,1365827.39,1381151.36,15323.97,3,0,7,0.033575,-194147.87
C003,2025-03-07,15441.01,10459.04,1381151.36,1386133.33,4981.97,4,1,8,0.027975,-183977.71
C003,2025-03-08,24157.27,12479.43,1386133.33,1397811.17,11677.84,5,1,9,0.023298,-177146.08
C003,2025-03-09,41396.32,26270.43,1397811.17,1412937.06,15125.89,6,0,10,0.019389,-171794.1
C003,2025-03-10,40352.18,56419.69,1412937.06,1396869.55,-16067.51,0,0,11,0.016116,-139156.4
C003,2025-03-11,40440.57,19975.06,1396869.55,1417335.06,20465.51,1,0,12,0.013367,-168991.36
C003,2025-03-12,36476.44,26370.46,1417335.06,1427441.04,10105.98,2,0,13,0.011047,-175868.81
C003,2025-03-13,31787.37,18758.35,1427441.04,1440470.06,13029.02,3,0,14,0.009074,-176542.54
C003,2025-03-14,13442.64,8646.97,1440470.06,1445265.73,4795.67,4,1,15,0.007375,-164194.72
C003,2025-03-15,18828.6,13091.56,1445265.73,1451002.77,5737.04,5,1,16,0.005884,-156513.99
C003,2025-03-16,30766.62,22227.54,1451002.77,1459541.85,8539.08,6,0,17,0.004535,-212236.2
C003,2025-03-17,33509.66,26096.05,1459541.85,1466955.46,7413.61,0,0,18,0.003264,-212231.72
C003,2025-03-18,33220.74,18485.47,1466955.46,1481690.73,14735.27,1,0,19,0.002,-210190.29
C003,2025-03-19,36618.32,26029.12,1481690.73,1492279.93,10589.2,2,0,20,0.00066,-214541.76
C003,2025-03-20,35354.1,18724.5,1492279.93,1508909.53,16629.6,3,0,21,-0.000855,-219814.14
C003,2025-03-21,13730.93,8303.62,1508909.53,1514336.84,5427.31,4,1,22,-0.002674,-214778.02
C003,2025-03-22,19348.41,10260.59,1514336.84,1523424.66,9087.82,5,1,23,-0.004967,-215819.96
C003,2025-03-23,42131.5,23580.48,1523424.66,1541975.68,18551.02,6,0,24,-0.007962,-226840.96
C003,2025-03-24,42348.51,26146.33,1541975.68,1558177.86,16202.18,0,0,25,-0.01197,-241962.92
C003,2025-03-25,30425.91,18707.69,1558177.86,1569896.08,11718.22,1,0,26,-0.017421,-244141.11
C003,2025-03-26,27373.09,27471.36,1569896.08,1569797.81,-98.27,2,0,27,-0.02491,-240622.94
C003,2025-03-27,29667.96,349068.38,1569797.81,1250397.39,-319400.42,3,0,0,0.119999,86838.56
C003,2025-03-28,11962.05,9267.58,1250397.39,1253091.86,2694.47,4,1,1,0.100049,-235257.97
C003,2025-03-29,16979.27,12014.7,1253091.86,1258056.43,4964.57,5,1,2,0.083415,-226179.78
C003,2025-03-30,18999.8,21388.0,1258056.43,1255668.23,-2388.2,6,0,3,0.069546,-205967.63
C003,2025-03-31,25812.53,24900.54,1255668.23,1256580.22,911.99,0,0,4,0.057983,-190544.47
C003,2025-04-01,26381.36,80269.64,1256580.22,1202691.94,-53888.28,1,0,5,0.048341,-179905.82
C003,2025-04-02,28194.44,22710.51,1202691.94,1208175.87,5483.93,2,0,6,0.040301,-178315.68
C003,2025-04-03,35179.56,15275.31,1208175.87,1228080.12,19904.25,3,0,7,0.033596,-186540.32
C003,2025-04-04,15059.9,6631.35,1228080.12,1236508.67,8428.55,4,1,8,0.028004,-186654.83
C003,2025-04-05,20650.93,70156.11,1236508.67,1187003.49,-49505.18,5,1,9,0.023339,-183223.26
C003,2025-04-06,35100.5,19948.37,1187003.49,1202155.62,15152.13,6,0,10,0.019446,-187506.58
C003,2025-04-07,43078.42,24568.95,1202155.62,1220665.09,18509.47,0,0,11,0.016194,-196741.47
C003,2025-04-08,40184.81,19706.94,1220665.09,1241142.96,20477.87,1,0,12,0.013476,-197519.98
C003,2025-04-09,41693.23,25123.04,1241142.96,1257713.15,16570.19,2,0,13,0.0112,-209474.18
C003,2025-04-10,36031.04,45400.49,1257713.15,1248343.7,-9369.45,3,0,14,0.009288,-214173.65
C003,2025-04-11,12982.12,9753.59,1248343.7,1251572.23,3228.53,4,1,15,0.007674,-204350.61
C003,2025-04-12,24164.35,11809.06,1251572.23,1263927.52,12355.29,5,1,16,0.0063,-206528.17
C003,2025-04-13,42928.92,25785.43,1263927.52,1281071.01,17143.49,6,0,17,0.005117,-212034.04
C003,2025-04-14,43797.6,30379.83,1281071.01,1294488.78,13417.77,0,0,18,0.004076,-214140.96
C003,2025-04-15,42338.35,89521.48,1294488.78,1247305.65,-47183.13,1,0,19,0.003133,-151619.97
C003,2025-04-16,36756.06,29337.97,1247305.65,1254723.74,7418.09,2,0,20,0.002242,-152638.5
C003,2025-04-17,37284.54,20507.84,1254723.74,1271500.44,16776.7,3,0,21,0.001352,-160495.25
C003,2025-04-18,15609.89,9372.16,1271500.44,1277738.17,6237.73,4,1,22,0.000406,-159783.92
C003,2025-04-19,23753.84,12396.62,1277738.17,1289095.39,11357.22,5,1,23,-0.000669,-163442.36
C003,2025-04-20,39316.91,28853.48,1289095.39,1299558.82,10463.43,6,0,24,-0.001963,-156767.79
C003,2025-04-21,37497.15,29451.27,1299558.82,1307604.7,8045.88,0,0,25,-0.003598,-158891.64
C003,2025-04-22,29746.4,22216.38,1307604.7,1315134.72,7530.02,1,0,26,-0.005737,-152601.8
C003,2025-04-23,29739.9,28659.68,1315134.72,1316214.94,1080.22,2,0,27,-0.008604,-148518.99
C003,2025-04-24,28106.86,18566.83,1316214.94,1325754.97,9540.03,3,0,28,-0.012505,-147336.94
C003,2025-04-25,12612.86,9192.96,1325754.97,1329174.87,3419.9,4,1,29,-0.017867,-134665.14
C003,2025-04-26,19069.73,11008.65,1329174.87,1337235.95,8061.08,5,1,30,-0.025282,-133564.69
C003,2025-04-27,34556.88,353958.94,1337235.95,1017833.89,-319402.06,6,0,0,0.119998,-121040.41
C003,2025-04-28,40101.33,26058.57,1017833.89,1031876.65,14042.76,0,0,1,0.100048,-119926.17
C003,2025-04-29,35570.1,17746.15,1031876.65,1049700.6,17823.95,1,0,2,0.083414,-119188.03
C003,2025-04-30,38954.33,22619.18,1049700.6,1066035.75,16335.15,2,0,3,0.069545,-131622.46
C003,2025-05-01,38839.93,82089.56,1066035.75,1022786.12,-43249.63,3,0,4,0.057981,-78552.29
C003,2025-05-02,15940.79,8866.72,1022786.12,1029860.19,7074.07,4,1,5,0.048338,-136211.59
C003,2025-05-03,24663.89,12984.28,1029860.19,1041539.8,11679.61,5,1,6,0.040297,-142442.75
C003,2025-05-04,34915.33,26601.29,1041539.8,1049853.84,8314.04,6,0,7,0.033591,-141268.49
C003,2025-05-05,39603.38,85676.99,1049853.84,1003780.23,-46073.61,0,0,8,0.027997,-90656.4
C003,2025-05-06,30710.54,19841.73,1003780.23,1014649.04,10868.81,1,0,9,0.02333,-155588.22
C003,2025-05-07,34372.65,25098.07,1014649.04,1023923.62,9274.58,2,0,10,0.019433,-164975.09
C003,2025-05-08,38312.03,18612.67,1023923.62,1043622.98,19699.36,3,0,11,0.016176,-182917.61
C003,2025-05-09,13990.66,9374.67,1043622.98,1048238.97,4615.99,4,1,12,0.013451,-185162.42
C003,2025-05-10,22753.72,36822.64,1048238.97,1034170.05,-14068.92,5,1,13,0.011165,-162687.28
C003,2025-05-11,36667.21,23615.64,1034170.05,1047221.62,13051.57,6,0,14,0.009239,-198619.19
C003,2025-05-12,34295.19,24117.46,1047221.62,1057399.35,10177.73,0,0,15,0.007605,-197669.29
C003,2025-05-13,31691.95,20054.33,1057399.35,1069036.97,11637.62,1,0,16,0.006205,-194763.85
C003,2025-05-14,38341.35,27030.5,1069036.97,1080347.82,11310.85,2,0,17,0.004983,-198749.88
C003,2025-05-15,35737.38,20399.52,1080347.82,1095685.68,15337.86,3,0,18,0.003889,-203860.98
C003,2025-05-16,15387.55,8987.99,1095685.68,1102085.24,6399.56,4,1,19,0.002872,-192799.94
C003,2025-05-17,20748.95,11829.0,1102085.24,1111005.19,8919.95,5,1,20,0.001877,-186911.03
C003,2025-05-18,30922.92,23973.86,1111005.19,1117954.25,6949.06,6,0,21,0.000844,-174824.81
C003,2025-05-19,35953.77,28254.99,1117954.25,1125653.03,7698.78,0,0,22,-0.000304,-173165.22
C003,2025-05-20,36427.36,19289.36,1125653.03,1142791.03,17138.0,1,0,23,-0.001659,-174516.26
C003,2025-05-21,32439.35,26517.32,1142791.03,1148713.06,5922.03,2,0,24,-0.003344,-174290.52
C003,2025-05-22,31341.07,17521.21,1148713.06,1162532.92,13819.86,3,0,25,-0.005526,-174951.08
C003,2025-05-23,13560.16,8397.13,1162532.92,1167695.95,5163.03,4,1,26,-0.008427,-169237.13
C003,2025-05-24,21874.83,11152.75,1167695.95,1178418.03,10722.08,5,1,27,-0.012358,-174798.13
C003,2025-05-25,39397.01,23305.31,1178418.03,1194509.73,16091.7,6,0,28,-0.017745,-173586.56
C003,2025-05-26,38385.67,29224.14,1194509.73,1203671.26,9161.53,0,0,29,-0.02518,-172239.92
C003,2025-05-27,41781.81,348659.59,1203671.26,896793.48,-306877.78,1,0,0,0.119999,149792.48
C003,2025-05-28,41764.95,26607.95,896793.48,911950.48,15157.0,2,0,1,0.100049,-188484.99
C003,2025-05-29,38961.76,20399.67,911950.48,930512.57,18562.09,3,0,2,0.083415,-196259.11
C003,2025-05-30,13200.89,9300.17,930512.57,934413.29,3900.72,4,1,3,0.069546,-191933.38
C003,2025-05-31,22909.07,13088.53,934413.29,944233.83,9820.54,5,1,4,0.057983,-194348.65
C003,2025-06-01,39019.37,89604.6,944233.83,893648.6,-50585.23,6,0,5,0.048341,-191815.04
C003,2025-06-02,34899.96,29451.51,893648.6,899097.05,5448.45,0,0,6,0.040301,-184990.36
C003,2025-06-03,29541.28,20052.98,899097.05,908585.35,9488.3,1,0,7,0.033596,-182020.03
C003,2025-06-04,31906.88,27368.4,908585.35,913123.83,4538.48,2,0,8,0.028004,-182039.94
C003,2025-06-05,25471.54,79534.55,913123.83,859060.82,-54063.01,3,0,9,0.023339,-179991.54
C003,2025-06-06,8523.01,8635.3,859060.82,858948.53,-112.29,4,1,10,0.019446,-173744.11
C003,2025-06-07,13421.37,11664.53,858948.53,860705.37,1756.84,5,1,11,0.016194,-171357.96
C003,2025-06-08,24119.21,21748.03,860705.37,863076.55,2371.18,6,0,12,0.013476,-160229.62
C003,2025-06-09,30643.57,22237.35,863076.55,871482.77,8406.22,0,0,13,0.0112,-165857.0
C003,2025-06-10,28242.65,51122.99,871482.77,848602.43,-22880.34,1,0,14,0.009288,-167494.04
C003,2025-06-11,33491.32,22363.69,848602.43,859730.06,11127.63,2,0,15,0.007674,-173527.49
C003,2025-06-12,29279.55,14736.49,859730.06,874273.12,14543.06,3,0,16,0.0063,-179043.93
C003,2025-06-13,15533.8,8208.98,874273.12,881597.94,7324.82,4,1,17,0.005117,-173845.31
C003,2025-06-14,21169.18,10942.42,881597.94,891824.7,10226.76,5,1,18,0.004076,-172234.01
C003,2025-06-15,38060.36,20599.76,891824.7,909285.3,17460.6,6,0,19,0.003133,-254491.11
C003,2025-06-16,38566.17,23757.31,909285.3,924094.16,14808.86,0,0,20,0.002242,-266021.45
C003,2025-06-17,38798.46,19763.18,924094.16,943129.44,19035.28,1,0,21,0.001352,-270149.17
C003,2025-06-18,34637.51,25279.14,943129.44,952487.81,9358.37,2,0,22,0.000406,-272700.6
C003,2025-06-19,34469.33,18682.37,952487.81,968274.77,15786.96,3,0,23,-0.000669,-281701.96
C003,2025-06-20,15154.92,9007.15,968274.77,974422.54,6147.77,4,1,24,-0.001963,-279286.36
C003,2025-06-21,25050.81,11891.51,974422.54,987581.84,13159.3,5,1,25,-0.003598,-282819.46
C003,2025-06-22,36250.83,25373.85,987581.84,998458.82,10876.98,6,0,26,-0.005737,-276292.34
C003,2025-06-23,31005.27,25844.19,998458.82,1003619.9,5161.08,0,0,27,-0.008604,-274813.43
C003,2025-06-24,34896.1,17592.83,1003619.9,1020923.17,17303.27,1,0,28,-0.012505,-278492.77
C003,2025-06-25,37724.68,27216.51,1020923.17,1031431.34,10508.17,2,0,29,-0.017867,-285038.15
C003,2025-06-26,34007.89,18853.27,1031431.34,1046585.96,15154.62,3,0,30,-0.025282,-288358.64
C003,2025-06-27,16005.01,339125.48,1046585.96,723465.49,-323120.47,4,1,0,0.119998,-272845.92
C003,2025-06-28,24413.23,13625.26,723465.49,734253.46,10787.97,5,1,1,0.100048,-264309.98
C003,2025-06-29,30282.77,22056.32,734253.46,742479.91,8226.45,6,0,2,0.083414,-256352.59
C003,2025-06-30,34046.95,26641.68,742479.91,749885.18,7405.27,0,0,3,0.069545,-250345.44
C003,2025-07-01,35239.33,83290.95,749885.18,701833.56,-48051.62,1,0,4,0.057981,-182566.68
C003,2025-07-02,38032.67,25759.54,701833.56,714106.69,12273.13,2,0,5,0.048338,-249931.08
C003,2025-07-03,32219.64,19761.01,714106.69,726565.32,12458.63,3,0,6,0.040297,-251462.62
C003,2025-07-04,12810.12,8291.55,726565.32,731083.89,4518.57,4,1,7,0.033591,-243177.79
C003,2025-07-05,19390.39,71405.0,731083.89,679069.28,-52014.61,5,1,8,0.027997,-176216.4
C003,2025-07-06,28445.57,22310.43,679069.28,685204.42,6135.14,6,0,9,0.02333,-231642.59
C003,2025-07-07,30623.35,26480.36,685204.42,689347.41,4142.99,0,0,10,0.019433,-232212.63
C003,2025-07-08,33036.32,19536.8,689347.41,702846.93,13499.52,1,0,11,0.016176,-232452.6
C003,2025-07-09,29301.61,26522.77,702846.93,705625.77,2778.84,2,0,12,0.013451,-231889.21
C003,2025-07-10,33304.05,57821.43,705625.77,681108.39,-24517.38,3,0,13,0.011165,-199030.8
C003,2025-07-11,13717.01,8622.83,681108.39,686202.57,5094.18,4,1,14,0.009239,-231847.14
C003,2025-07-12,20084.2,11057.58,686202.57,695229.19,9026.62,5,1,15,0.007605,-233715.54
C003,2025-07-13,33832.1,21308.66,695229.19,707752.63,12523.44,6,0,16,0.006205,-227765.73
C003,2025-07-14,36751.69,24913.63,707752.63,719590.69,11838.06,0,0,17,0.004983,-223059.64
C003,2025-07-15,25707.2,90503.7,719590.69,654794.19,-64796.5,1,0,18,0.003889,-140616.59
C003,2025-07-16,25757.74,22479.22,654794.19,658072.71,3278.52,2,0,19,0.002872,-137657.11
C003,2025-07-17,33933.27,19025.71,658072.71,672980.27,14907.56,3,0,20,0.001877,-141238.35
C003,2025-07-18,15362.7,8555.76,672980.27,679787.21,6806.94,4,1,21,0.000844,-133516.81
C003,2025-07-19,17926.27,11140.67,679787.21,686572.81,6785.6,5,1,22,-0.000304,-128385.91
C003,2025-07-20,30139.21,21575.84,686572.81,695136.18,8563.37,6,0,23,-0.001659,-120266.96
C003,2025-07-21,35449.6,25823.4,695136.18,704762.38,9626.2,0,0,24,-0.003344,-119931.3
C003,2025-07-22,33546.36,16142.26,704762.38,722166.48,17404.1,1,0,25,-0.005526,-118850.46
C003,2025-07-23,29553.62,22913.63,722166.48,728806.47,6639.99,2,0,26,-0.008427,-121461.43
C003,2025-07-24,32301.57,18677.64,728806.47,742430.4,13623.93,3,0,27,-0.012358,-123763.72
C003,2025-07-25,12793.04,8830.25,742430.4,746393.19,3962.79,4,1,28,-0.017745,-116130.85
C003,2025-07-26,22324.44,10490.31,746393.19,758227.32,11834.13,5,1,29,-0.02518,-124235.54
C003,2025-07-27,44912.78,352520.53,758227.32,450619.57,-307607.75,6,0,0,0.119999,209824.88
C003,2025-07-28,44198.93,24875.02,450619.57,469943.48,19323.91,0,0,1,0.100049,-121233.99
C003,2025-07-29,36033.03,19849.19,469943.48,486127.32,16183.84,1,0,2,0.083415,-110621.71
C003,2025-07-30,38629.7,25217.28,486127.32,499539.74,13412.42,2,0,3,0.069546,-117020.5
C003,2025-07-31,40460.06,20732.92,499539.74,519266.88,19727.14,3,0,4,0.057983,-126532.38
C003,2025-08-01,17343.94,72435.21,519266.88,464175.61,-55091.27,4,1,5,0.048341,-53575.23
C003,2025-08-02,23942.56,13015.47,464175.61,475102.7,10927.09,5,1,6,0.040301,-108866.7
C003,2025-08-03,40418.8,27615.4,475102.7,487906.1,12803.4,6,0,7,0.033596,-89301.98
C003,2025-08-04,42467.84,27521.06,487906.1,502852.88,14946.78,0,0,8,0.028004,-92513.23
C003,2025-08-05,32301.45,81592.5,502852.88,453561.83,-49291.05,1,0,9,0.023339,-17396.05
C003,2025-08-06,32009.84,28436.89,453561.83,457134.78,3572.95,2,0,10,0.019446,-70865.23
C003,2025-08-07,33768.19,20508.64,457134.78,470394.33,13259.55,3,0,11,0.016194,-66163.03
C003,2025-08-08,12768.91,9426.68,470394.33,473736.56,3342.23,4,1,12,0.013476,-49251.54
C003,2025-08-09,21415.89,13074.86,473736.56,482077.59,8341.03,5,1,13,0.0112,-44822.71
C003,2025-08-10,36384.34,64106.5,482077.59,454355.43,-27722.16,6,0,14,0.009288,4519.91
C003,2025-08-11,37420.32,30262.1,454355.43,461513.65,7158.22,0,0,15,0.007674,-7773.83
C003,2025-08-12,40625.96,22152.71,461513.65,479986.9,18473.25,1,0,16,0.0063,4048.14
C003,2025-08-13,47385.27,30841.12,479986.9,496531.05,16544.15,2,0,17,0.005117,-4269.47
C003,2025-08-14,40401.45,22754.9,496531.05,514177.6,17646.55,3,0,18,0.004076,-6216.92
C003,2025-08-15,18150.22,11912.22,514177.6,520415.6,6238.0,4,1,19,0.003133,-3942.47
C003,2025-08-16,26319.57,14993.25,520415.6,531741.92,11326.32,5,1,20,0.002242,-11641.59
C003,2025-08-17,42358.46,27829.98,531741.92,546270.4,14528.48,6,0,21,0.001352,-3800.42
C003,2025-08-18,46925.78,35009.28,546270.4,558186.9,11916.5,0,0,22,0.000406,409.93
C003,2025-08-19,42250.71,25568.39,558186.9,574869.22,16682.32,1,0,23,-0.000669,17267.3
C003,2025-08-20,45203.4,35241.54,574869.22,584831.08,9961.86,2,0,24,-0.001963,16117.98
C003,2025-08-21,42637.2,24152.26,584831.08,603316.02,18484.94,3,0,25,-0.003598,17678.41
C003,2025-08-22,16047.89,12018.87,603316.02,607345.04,4029.02,4,1,26,-0.005737,32956.95
C003,2025-08-23,26211.92,14890.28,607345.04,618666.68,11321.64,5,1,27,-0.008604,32285.45
C003,2025-08-24,41545.66,29950.0,618666.68,630262.34,11595.66,6,0,28,-0.012505,42345.67
C003,2025-08-25,39916.63,36187.19,630262.34,633991.78,3729.44,0,0,29,-0.017867,53684.75
C003,2025-08-26,46785.85,20333.18,633991.78,660444.45,26452.67,1,0,30,-0.025282,47709.35
C003,2025-08-27,53775.83,365510.79,660444.45,348709.49,-311734.96,2,0,0,0.119999,364142.78
C003,2025-08-28,48582.18,21786.06,348709.49,375505.61,26796.12,3,0,1,0.100049,28339.45
C003,2025-08-29,17329.97,10316.34,375505.61,382519.24,7013.63,4,1,2,0.083415,40636.24
C003,2025-08-30,26387.49,16172.23,382519.24,392734.5,10215.26,5,1,3,0.069546,53472.22
C003,2025-08-31,47269.22,29403.34,392734.5,410600.38,17865.88,6,0,4,0.057983,56629.39
C003,2025-09-01,54744.94,99109.32,410600.38,366236.0,-44364.38,0,0,5,0.048341,47922.08
C003,2025-09-02,57282.55,24914.43,366236.0,398604.12,32368.12,1,0,6,0.040301,49210.02
C003,2025-09-03,47130.73,35395.2,398604.12,410339.65,11735.53,2,0,7,0.033596,47425.66
C003,2025-09-04,48324.06,22497.93,410339.65,436165.78,25826.13,3,0,8,0.028004,41377.3
C003,2025-09-05,20414.72,70310.95,436165.78,386269.55,-49896.23,4,1,9,0.023339,55073.55
C003,2025-09-06,33012.1,15050.35,386269.55,404231.3,17961.75,5,1,10,0.019446,55921.8
C003,2025-09-07,52949.18,32695.46,404231.3,424485.02,20253.72,6,0,11,0.016194,58105.52
C003,2025-09-08,51152.32,38382.46,424485.02,437254.88,12769.86,0,0,12,0.013476,67862.83
C003,2025-09-09,45982.64,24362.18,437254.88,458875.34,21620.46,1,0,13,0.0112,82572.09
C003,2025-09-10,55666.77,60802.29,458875.34,453739.82,-5135.52,2,0,14,0.009288,72324.42
C003,2025-09-11,59740.35,29445.13,453739.82,484035.04,30295.22,3,0,15,0.007674,60144.69
C003,2025-09-12,21114.71,12888.17,484035.04,492261.58,8226.54,4,1,16,0.0063,82603.87
C003,2025-09-13,34526.87,18827.77,492261.58,507960.68,15699.1,5,1,17,0.005117,90668.52
C003,2025-09-14,49229.92,40717.47,507960.68,516473.13,8512.45,6,0,18,0.004076,100964.32
C003,2025-09-15,54574.98,50947.78,516473.13,520100.33,3627.2,0,0,19,0.003133,37095.03
C003,2025-09-16,53022.65,30653.0,520100.33,542469.98,22369.65,1,0,20,0.002242,41052.06
C003,2025-09-17,60643.03,44516.18,542469.98,558596.83,16126.85,2,0,21,0.001352,30735.42
C003,2025-09-18,59549.95,26010.26,558596.83,592136.52,33539.69,3,0,22,0.000406,10190.66
C003,2025-09-19,21455.6,12643.06,592136.52,600949.06,8812.54,4,1,23,-0.000669,20715.95
C003,2025-09-20,35427.61,15382.24,600949.06,620994.43,20045.37,5,1,24,-0.001963,29660.4
C003,2025-09-21,55667.53,36359.97,620994.43,640301.99,19307.56,6,0,25,-0.003598,45106.68
C003,2025-09-22,53755.58,43105.44,640301.99,650952.13,10650.14,0,0,26,-0.005737,52715.78
C003,2025-09-23,51215.98,29560.1,650952.13,672608.01,21655.88,1,0,27,-0.008604,58025.39
C003,2025-09-24,56021.84,40953.32,672608.01,687676.53,15068.52,2,0,28,-0.012505,54583.77
C003,2025-09-25,46556.0,26078.73,687676.53,708153.8,20477.27,3,0,29,-0.017867,52894.08
C003,2025-09-26,18026.31,13327.84,708153.8,712852.27,4698.47,4,1,30,-0.025282,63090.45
C003,2025-09-27,34117.92,343125.13,712852.27,403845.06,-309007.21,5,1,0,0.119998,59047.82
C003,2025-09-28,51118.58,31808.16,403845.06,423155.48,19310.42,6,0,1,0.100048,69160.18
C003,2025-09-29,58018.56,34967.32,423155.48,446206.72,23051.24,0,0,2,0.083414,70085.6
C003,2025-09-30,45472.94,24449.89,446206.72,467229.77,21023.05,1,0,3,0.069545,76745.9
C003,2025-10-01,47362.96,100434.65,467229.77,414158.08,-53071.69,2,0,4,0.057981,138460.29
C003,2025-10-02,60515.37,26859.31,414158.08,447814.14,33656.06,3,0,5,0.048338,51809.07
C003,2025-10-03,22413.42,12462.25,447814.14,457765.31,9951.17,4,1,6,0.040297,63818.16
C003,2025-10-04,36531.79,16754.02,457765.31,477543.08,19777.77,5,1,7,0.033591,58630.68
C003,2025-10-05,58246.28,94446.26,477543.08,441343.1,-36199.98,6,0,8,0.027997,123484.21
C003,2025-10-06,55956.19,37146.19,441343.1,460153.1,18810.0,0,0,9,0.02333,72596.39
C003,2025-10-07,50612.08,28174.64,460153.1,482590.54,22437.44,1,0,10,0.019433,87284.84
C003,2025-10-08,60356.58,37829.41,482590.54,505117.71,22527.17,2,0,11,0.016176,72888.93
C003,2025-10-09,62902.14,26572.42,505117.71,541447.43,36329.72,3,0,12,0.013451,57478.92
C003,2025-10-10,23578.85,38962.04,541447.43,526064.24,-15383.19,4,1,13,0.011165,98446.16
C003,2025-10-11,34389.9,16274.41,526064.24,544179.73,18115.49,5,1,14,0.009239,67905.26
C003,2025-10-12,66645.45,35959.73,544179.73,574865.45,30685.72,6,0,15,0.007605,62201.71
C003,2025-10-13,64031.97,40268.22,574865.45,598629.2,23763.75,0,0,16,0.006205,51463.0
C003,2025-10-14,46423.63,27615.38,598629.2,617437.45,18808.25,1,0,17,0.004983,57647.42
C003,2025-10-15,49383.97,109626.06,617437.45,557195.36,-60242.09,2,0,18,0.003889,125872.26
C003,2025-10-16,52281.22,25954.54,557195.36,583522.04,26326.68,3,0,19,0.002872,115739.41
C003,2025-10-17,19168.01,13357.8,583522.04,589332.25,5810.21,4,1,20,0.001877,133062.07
C003,2025-10-18,30856.06,17861.13,589332.25,602327.18,12994.93,5,1,21,0.000844,137807.29
C003,2025-10-19,50990.72,31652.89,602327.18,621665.01,19337.83,6,0,22,-0.000304,149130.01
C003,2025-10-20,64191.56,35201.74,621665.01,650654.83,28989.82,0,0,23,-0.001659,155763.57
C003,2025-10-21,60503.07,25749.23,650654.83,685408.67,34753.84,1,0,24,-0.003344,149876.51
C003,2025-10-22,55451.48,37192.24,685408.67,703667.91,18259.24,2,0,25,-0.005526,70897.37
C003,2025-10-23,52095.32,25129.83,703667.91,730633.4,26965.49,3,0,26,-0.008427,59778.68
C003,2025-10-24,23717.45,12090.55,730633.4,742260.3,11626.9,4,1,27,-0.012358,58884.14
C003,2025-10-25,34735.87,15948.29,742260.3,761047.88,18787.58,5,1,28,-0.017745,-1773.35
C003,2025-10-26,47402.85,32508.01,761047.88,775942.72,14894.84,6,0,29,-0.02518,3674.44
C003,2025-10-27,55197.01,368246.85,775942.72,462892.88,-313049.84,0,0,0,0.119999,331347.21
C003,2025-10-28,55802.34,26379.56,462892.88,492315.66,29422.78,1,0,1,0.100049,9789.5
C003,2025-10-29,59058.88,35082.22,492315.66,516292.32,23976.66,2,0,2,0.083415,-1744.75
C003,2025-10-30,55876.06,28192.71,516292.32,543975.67,27683.35,3,0,3,0.069546,-1479.08
C003,2025-10-31,21028.23,12385.53,543975.67,552618.37,8642.7,4,1,4,0.057983,16014.28
C003,2025-11-01,28159.63,81154.79,552618.37,499623.21,-52995.16,5,1,5,0.048341,24333.76
C003,2025-11-02,54448.12,32487.86,499623.21,521583.47,21960.26,6,0,6,0.040301,30480.33
C003,2025-11-03,54471.26,39880.97,521583.47,536173.76,14590.29,0,0,7,0.033596,34404.19
C003,2025-11-04,54212.44,25558.89,536173.76,564827.31,28653.55,1,0,8,0.028004,40892.97
C003,2025-11-05,62700.83,94778.65,564827.31,532749.49,-32077.82,2,0,9,0.023339,22362.98
C003,2025-11-06,61958.3,24832.41,532749.49,569875.38,37125.89,3,0,10,0.019446,-4352.96
C003,2025-11-07,20622.16,12490.9,569875.38,578006.64,8131.26,4,1,11,0.016194,8369.62
C003,2025-11-08,37975.4,17055.69,578006.64,598926.35,20919.71,5,1,12,0.013476,20617.05
C003,2025-11-09,60294.43,34710.38,598926.35,624510.4,25584.05,6,0,13,0.0112,25798.41
C003,2025-11-10,54753.83,67179.24,624510.4,612084.99,-12425.41,0,0,14,0.009288,27815.08
C003,2025-11-11,51574.42,26592.25,612084.99,637067.16,24982.17,1,0,15,0.007674,32904.01
C003,2025-11-12,49968.52,36943.48,637067.16,650092.2,13025.04,2,0,16,0.0063,27869.52
C003,2025-11-13,49878.41,24885.74,650092.2,675084.87,24992.67,3,0,17,0.005117,14846.31
C003,2025-11-14,19794.13,11811.38,675084.87,683067.62,7982.75,4,1,18,0.004076,23503.68
C003,2025-11-15,33199.6,17005.77,683067.62,699261.45,16193.83,5,1,19,0.003133,36674.02
C003,2025-11-16,55235.7,32102.83,699261.45,722394.32,23132.87,6,0,20,0.002242,62663.35
C003,2025-11-17,54065.93,36325.78,722394.32,740134.47,17740.15,0,0,21,0.001352,70620.74
C003,2025-11-18,56234.67,25574.12,740134.47,770795.02,30660.55,1,0,22,0.000406,74038.86
C003,2025-11-19,71668.71,36045.33,770795.02,806418.4,35623.38,2,0,23,-0.000669,51324.22
C003,2025-11-20,56920.35,28053.57,806418.4,835285.18,28866.78,3,0,24,-0.001963,37691.02
C003,2025-11-21,24486.42,85206.32,835285.18,774565.28,-60719.9,4,1,25,-0.003598,111331.49
C003,2025-11-22,33727.2,17880.4,774565.28,790412.08,15846.8,5,1,26,-0.005737,111876.25
C003,2025-11-23,49207.61,38475.25,790412.08,801144.44,10732.36,6,0,27,-0.008604,119254.39
C003,2025-11-24,50114.56,91984.47,801144.44,759274.53,-41869.91,0,0,28,-0.012505,175834.93
C003,2025-11-25,48698.08,28355.45,759274.53,779617.16,20342.63,1,0,29,-0.017867,198088.48
C003,2025-11-26,54750.43,40127.5,779617.16,794240.09,14622.93,2,0,30,-0.025282,195311.76
C003,2025-11-27,64730.1,356865.03,794240.09,502105.16,-292134.93,3,0,0,0.119998,189879.65
C003,2025-11-28,24539.22,12096.81,502105.16,514547.57,12442.41,4,1,1,0.100048,213146.49
C003,2025-11-29,43578.36,15629.34,514547.57,542496.59,27949.02,5,1,2,0.083414,212393.02
C003,2025-11-30,62297.21,36161.15,542496.59,568632.65,26136.06,6,0,3,0.069545,218582.64
C003,2025-12-01,57570.43,102246.11,568632.65,523956.97,-44675.68,0,0,4,0.057981,289906.24
C003,2025-12-02,57022.65,28915.82,523956.97,552063.8,28106.83,1,0,5,0.048338,
C003,2025-12-03,60099.65,41585.5,552063.8,570577.95,18514.15,2,0,6,0.040297,
C003,2025-12-04,62599.83,27457.5,570577.95,605720.28,35142.33,3,0,7,0.033591,
C003,2025-12-05,22396.53,73004.34,605720.28,555112.47,-50607.81,4,1,8,0.027997,
C003,2025-12-06,29299.51,18889.56,555112.47,565522.42,10409.95,5,1,9,0.02333,
C003,2025-12-07,55906.26,35052.42,565522.42,586376.26,20853.84,6,0,10,0.019433,
C003,2025-12-08,73574.66,40407.52,586376.26,619543.4,33167.14,0,0,11,0.016176,
C003,2025-12-09,60307.77,29542.36,619543.4,650308.81,30765.41,1,0,12,0.013451,
C003,2025-12-10,55921.04,66329.78,650308.81,639900.07,-10408.74,2,0,13,0.011165,
C003,2025-12-11,57726.05,27654.95,639900.07,669971.17,30071.1,3,0,14,0.009239,
C003,2025-12-12,21544.67,13554.12,669971.17,677961.72,7990.55,4,1,15,0.007605,
C003,2025-12-13,29594.82,17625.36,677961.72,689931.18,11969.46,5,1,16,0.006205,
C003,2025-12-14,55611.69,38971.57,689931.18,706571.3,16640.12,6,0,17,0.004983,
C003,2025-12-15,71219.34,41855.17,706571.3,735935.47,29364.17,0,0,18,0.003889,
C003,2025-12-16,76773.87,27651.67,735935.47,785057.67,49122.2,1,0,19,0.002872,
C003,2025-12-17,62301.94,36604.4,785057.67,810755.21,25697.54,2,0,20,0.001877,
C003,2025-12-18,63316.03,29237.36,810755.21,844833.88,34078.67,3,0,21,0.000844,
C003,2025-12-19,27159.0,14250.26,844833.88,857742.62,12908.74,4,1,22,-0.000304,
C003,2025-12-20,34740.24,19506.66,857742.62,872976.2,15233.58,5,1,23,-0.001659,
C003,2025-12-21,53175.55,40254.98,872976.2,885896.77,12920.57,6,0,24,-0.003344,
C003,2025-12-22,58091.9,41700.34,885896.77,902288.33,16391.56,0,0,25,-0.005526,
C003,2025-12-23,48934.59,30824.09,902288.33,920398.83,18110.5,1,0,26,-0.008427,
C003,2025-12-24,54678.84,39968.21,920398.83,935109.46,14710.63,2,0,27,-0.012358,
C003,2025-12-25,68589.99,25993.81,935109.46,977705.64,42596.18,3,0,28,-0.017745,
C003,2025-12-26,24652.61,12806.4,977705.64,989551.85,11846.21,4,1,29,-0.02518,
C003,2025-12-27,41096.38,338663.42,989551.85,691984.81,-297567.04,5,1,0,0.119999,
C003,2025-12-28,69358.36,33649.11,691984.81,727694.06,35709.25,6,0,1,0.100049,
C003,2025-12-29,71444.18,44248.63,727694.06,754889.61,27195.55,0,0,2,0.083415,
C003,2025-12-30,59321.54,26995.86,754889.61,787215.29,32325.68,1,0,3,0.069546,
C003,2025-12-31,62752.44,36104.52,787215.29,813863.21,26647.92,2,0,4,0.057983,
C004,2021-01-01,22152.93,77838.98,1760000.0,1704313.95,-55686.05,4,1,5,0.064454,-369847.94
C004,2021-01-02,27400.86,7421.66,1704313.95,1724293.15,19979.2,5,1,6,0.053734,-439879.24
C004,2021-01-03,45305.48,16677.46,1724293.15,1752921.17,28628.02,6,0,7,0.044795,-441559.13
C004,2021-01-04,45051.47,20237.27,1752921.17,1777735.37,24814.2,0,0,8,0.037339,-450608.58
C004,2021-01-05,42900.07,133577.96,1777735.37,1687057.48,-90677.89,1,0,9,0.031119,-336104.78
C004,2021-01-06,41288.86,22075.04,1687057.48,1706271.3,19213.82,2,0,10,0.025928,-554260.81
C004,2021-01-07,43990.96,18114.98,1706271.3,1732147.28,25875.98,3,0,11,0.021593,-566929.11
C004,2021-01-08,19207.39,9061.06,1732147.28,1742293.61,10146.33,4,1,12,0.017969,-556471.21
C004,2021-01-09,23312.16,10661.38,1742293.61,1754944.39,12650.78,5,1,13,0.014933,-549214.65
C004,2021-01-10,45718.83,47857.59,1754944.39,1752805.63,-2138.76,6,0,14,0.012384,-527438.28
C004,2021-01-11,44778.04,24359.3,1752805.63,1773224.37,20418.74,0,0,15,0.010232,-559310.68
C004,2021-01-12,46125.43,16343.72,1773224.37,1803006.08,29781.71,1,0,16,0.008401,-565125.4
C004,2021-01-13,41472.72,21355.13,1803006.08,1823123.67,20117.59,2,0,17,0.006822,-575683.44
C004,2021-01-14,45183.43,17222.61,1823123.67,1851084.49,27960.82,3,0,18,0.005435,-591988.27
C004,2021-01-15,20391.03,69658.09,1851084.49,1801817.43,-49267.06,4,1,19,0.004177,-527548.48
C004,2021-01-16,24644.3,10009.14,1801817.43,1816452.59,14635.16,5,1,20,0.002989,-527923.89
C004,2021-01-17,43542.19,22054.67,1816452.59,1837940.11,21487.52,6,0,21,0.001802,-522721.52
C004,2021-01-18,41274.37,26359.46,1837940.11,1852855.02,14914.91,0,0,22,0.000541,-519060.74
C004,2021-01-19,39454.78,18205.3,1852855.02,1874104.5,21249.48,1,0,23,-0.000892,-512472.2
C004,2021-01-20,42499.68,479536.81,1874104.5,1437067.37,-437037.13,2,0,24,-0.002618,-64331.98
C004,2021-01-21,41255.06,15074.56,1437067.37,1463247.87,26180.5,3,0,25,-0.004798,-77285.56
C004,2021-01-22,17669.96,7493.6,1463247.87,1473424.23,10176.36,4,1,26,-0.00765,-66233.74
C004,2021-01-23,21629.09,11046.68,1473424.23,1484006.64,10582.41,5,1,27,-0.011472,-56576.72
C004,2021-01-24,44017.29,22569.2,1484006.64,1505454.73,21448.09,6,0,28,-0.016674,-53057.47
C004,2021-01-25,43225.02,23466.1,1505454.73,1525213.65,19758.92,0,0,29,-0.023823,-57700.25
C004,2021-01-26,42481.18,17717.49,1525213.65,1549977.34,24763.69,1,0,30,-0.033709,-60095.36
C004,2021-01-27,46634.68,354204.61,1549977.34,1242407.41,-307569.93,2,0,0,0.159998,256557.51
C004,2021-01-28,49742.48,16297.8,1242407.41,1275852.09,33444.68,3,0,1,0.133398,-93934.41
C004,2021-01-29,21464.66,8336.1,1275852.09,1288980.65,13128.56,4,1,2,0.11122,-82442.45
C004,2021-01-30,28103.82,11059.85,1288980.65,1306024.62,17043.97,5,1,3,0.092728,-146683.08
C004,2021-01-31,50454.97,22013.58,1306024.62,1334466.01,28441.39,6,0,4,0.07731,-149573.86
C004,2021-02-01,49053.19,99105.29,1334466.01,1284413.91,-50052.1,0,0,5,0.064454,-74020.75
C004,2021-02-02,46614.63,19666.5,1284413.91,1311362.04,26948.13,1,0,6,0.053734,-69443.28
C004,2021-02-03,43029.49,27264.74,1311362.04,1327126.79,15764.75,2,0,7,0.044795,-191506.27
C004,2021-02-04,43413.92,19588.01,1327126.79,1350952.7,23825.91,3,0,8,0.037339,-204691.28
C004,2021-02-05,18954.62,217896.83,1350952.7,1152010.49,-198942.21,4,1,9,0.031119,12520.11
C004,2021-02-06,25534.54,12326.86,1152010.49,1165218.17,13207.68,5,1,10,0.025928,13840.53
C004,2021-02-07,45074.22,24469.99,1165218.17,1185822.4,20604.23,6,0,11,0.021593,14767.56
C004,2021-02-08,42432.3,22524.96,1185822.4,1205729.74,19907.34,0,0,12,0.017969,-19293.18
C004,2021-02-09,40071.89,20434.28,1205729.74,1225367.35,19637.61,1,0,13,0.014933,-18115.93
C004,2021-02-10,39577.53,51031.19,1225367.35,1213913.69,-11453.66,2,0,14,0.012384,3076.05
C004,2021-02-11,41227.25,17260.26,1213913.69,1237880.68,23966.99,3,0,15,0.010232,-5873.2
C004,2021-02-12,17636.07,8076.52,1237880.68,1247440.23,9559.55,4,1,16,0.008401,11519.95
C004,2021-02-13,22298.14,10642.15,1247440.23,1259096.22,11655.99,5,1,17,0.006822,20579.33
C004,2021-02-14,37621.78,22449.05,1259096.22,1274268.95,15172.73,6,0,18,0.005435,27862.46
C004,2021-02-15,38202.97,23943.22,1274268.95,1288528.7,14259.75,0,0,19,0.004177,29889.36
C004,2021-02-16,42781.43,16091.54,1288528.7,1315218.59,26689.89,1,0,20,0.002989,28037.69
C004,2021-02-17,40681.79,22106.1,1315218.59,1333794.28,18575.69,2,0,21,0.001802,18007.36
C004,2021-02-18,43679.72,15841.7,1333794.28,1361632.3,27838.02,3,0,22,0.000541,-2062.44
C004,2021-02-19,19056.64,7953.55,1361632.3,1372735.39,11103.09,4,1,23,-0.000892,2643.21
C004,2021-02-20,24168.92,10942.0,1372735.39,1385962.31,13226.92,5,1,24,-0.002618,3423.4
C004,2021-02-21,41256.81,20028.63,1385962.31,1407190.49,21228.18,6,0,25,-0.004798,2174.37
C004,2021-02-22,44226.11,23986.68,1407190.49,1427429.92,20239.43,0,0,26,-0.00765,-7261.13
C004,2021-02-23,41996.96,17029.62,1427429.92,1452397.26,24967.34,1,0,27,-0.011472,-11179.21
C004,2021-02-24,37014.9,21898.76,1452397.26,1467513.4,15116.14,2,0,28,-0.016674,-18063.78
C004,2021-02-25,37731.9,15363.32,1467513.4,1489881.98,22368.58,3,0,29,-0.023823,-350195.55
C004,2021-02-26,16897.92,7814.98,1489881.98,1498964.92,9082.94,4,1,30,-0.033709,-341677.19
C004,2021-02-27,24904.23,341951.47,1498964.92,1181917.68,-317047.24,5,1,0,0.159996,-10176.27
C004,2021-02-28,46190.37,21569.85,1181917.68,1206538.2,24620.52,6,0,1,0.133395,-12772.17
C004,2021-03-01,46052.42,93249.08,1206538.2,1159341.54,-47196.66,0,0,2,0.111215,48100.54
C004,2021-03-02,43487.11,17936.5,1159341.54,1184892.15,25550.61,1,0,3,0.092721,-31139.57
C004,2021-03-03,48882.48,23381.47,1184892.15,1210393.16,25501.01,2,0,4,0.0773,-48872.97
C004,2021-03-04,47120.94,15595.34,1210393.16,1241918.76,31525.6,3,0,5,0.06444,-70287.5
C004,2021-03-05,20068.96,126367.2,1241918.76,1135620.52,-106298.24,4,1,6,0.053714,54658.08
C004,2021-03-06,22300.24,11659.34,1135620.52,1146261.42,10640.9,5,1,7,0.044767,-60806.45
C004,2021-03-07,39560.65,21291.47,1146261.42,1164530.6,18269.18,6,0,8,0.0373,-58080.84
C004,2021-03-08,40503.75,25975.65,1164530.6,1179058.7,14528.1,0,0,9,0.031065,-65633.39
C004,2021-03-09,38156.08,16624.82,1179058.7,1200589.96,21531.26,1,0,10,0.025852,-65421.53
C004,2021-03-10,34894.92,49048.32,1200589.96,1186436.56,-14153.4,2,0,11,0.021488,-43187.38
C004,2021-03-11,37468.55,16653.69,1186436.56,1207251.42,20814.86,3,0,12,0.017822,-79550.73
C004,2021-03-12,17340.72,7602.4,1207251.42,1216989.74,9738.32,4,1,13,0.014729,-69191.37
C004,2021-03-13,24831.56,9813.82,1216989.74,1232007.48,15017.74,5,1,14,0.012099,-71073.78
C004,2021-03-14,46141.7,19189.0,1232007.48,1258960.18,26952.7,6,0,15,0.009834,-81608.01
C004,2021-03-15,43121.31,22405.94,1258960.18,1279675.55,20715.37,0,0,16,0.007845,-91643.14
C004,2021-03-16,41096.62,18640.76,1279675.55,1302131.41,22455.86,1,0,17,0.006047,-159334.63
C004,2021-03-17,37926.76,21640.11,1302131.41,1318418.06,16286.65,2,0,18,0.004352,-167394.29
C004,2021-03-18,40131.78,15293.56,1318418.06,1343256.28,24838.22,3,0,19,0.002666,-182045.96
C004,2021-03-19,16083.91,7538.55,1343256.28,1351801.64,8545.36,4,1,20,0.00088,-175278.44
C004,2021-03-20,19212.56,11444.34,1351801.64,1359569.86,7768.22,5,1,21,-0.00114,-169917.66
C004,2021-03-21,38384.61,22575.87,1359569.86,1375378.6,15808.74,6,0,22,-0.003566,-165142.13
C004,2021-03-22,39231.85,25224.74,1375378.6,1389385.71,14007.11,0,0,23,-0.006623,-168617.99
C004,2021-03-23,38276.32,18297.17,1389385.71,1409364.86,19979.15,1,0,24,-0.010616,-169254.38
C004,2021-03-24,33797.24,22993.31,1409364.86,1420168.79,10803.93,2,0,25,-0.01596,-171286.75
C004,2021-03-25,37963.06,16913.8,1420168.79,1441218.05,21049.26,3,0,26,-0.023228,-183980.59
C004,2021-03-26,16585.32,8353.75,1441218.05,1449449.62,8231.57,4,1,27,-0.033213,-175177.59
C004,2021-03-27,26362.29,336125.48,1449449.62,1139686.43,-309763.19,5,1,0,0.159998,148325.95
C004,2021-03-28,41957.91,24356.61,1139686.43,1157287.73,17601.3,6,0,1,0.133398,-175147.11
C004,2021-03-29,42647.35,28193.67,1157287.73,1171741.41,14453.68,0,0,2,0.11122,-175724.25
C004,2021-03-30,41637.22,19612.6,1171741.41,1193766.03,22024.62,1,0,3,0.092728,-178911.15
C004,2021-03-31,40257.51,26581.46,1193766.03,1207442.08,13676.05,2,0,4,0.07731,-184214.03
C004,2021-04-01,41187.93,94877.43,1207442.08,1153752.58,-53689.5,3,0,5,0.064454,-191646.04
C004,2021-04-02,16635.42,8867.81,1153752.58,1161520.19,7767.61,4,1,6,0.053734,-182766.59
C004,2021-04-03,21990.08,11879.01,1161520.19,1171631.26,10111.07,5,1,7,0.044795,-181218.16
C004,2021-04-04,42768.3,24120.96,1171631.26,1190278.6,18647.34,6,0,8,0.037339,-182455.04
C004,2021-04-05,43186.15,148009.78,1190278.6,1085454.97,-104823.63,0,0,9,0.031119,-184568.01
C004,2021-04-06,39541.97,18547.18,1085454.97,1106449.76,20994.79,1,0,10,0.025928,-187070.14
C004,2021-04-07,33548.27,26572.72,1106449.76,1113425.31,6975.55,2,0,11,0.021593,-186922.91
C004,2021-04-08,39998.46,18255.34,1113425.31,1135168.43,21743.12,3,0,12,0.017969,-199714.29
C004,2021-04-09,16359.84,8279.09,1135168.43,1143249.18,8080.75,4,1,13,0.014933,-194515.8
C004,2021-04-10,21403.71,36952.2,1143249.18,1127700.69,-15548.49,5,1,14,0.012384,-193538.47
C004,2021-04-11,39668.82,19571.14,1127700.69,1147798.37,20097.68,6,0,15,0.010232,-200070.25
C004,2021-04-12,36785.16,23649.83,1147798.37,1160933.7,13135.33,0,0,16,0.008401,-209068.1
C004,2021-04-13,33744.49,17326.02,1160933.7,1177352.17,16418.47,1,0,17,0.006822,-214209.2
C004,2021-04-14,34527.45,23847.21,1177352.17,1188032.41,10680.24,2,0,18,0.005435,-219393.9
C004,2021-04-15,33874.81,79110.44,1188032.41,1142796.78,-45235.63,3,0,19,0.004177,-169096.74
C004,2021-04-16,15512.29,7285.3,1142796.78,1151023.77,8226.99,4,1,20,0.002989,-163133.07
C004,2021-04-17,19499.15,9312.6,1151023.77,1161210.32,10186.55,5,1,21,0.001802,-158024.95
C004,2021-04-18,35238.81,19925.93,1161210.32,1176523.2,15312.88,6,0,22,0.000541,-153261.85
C004,2021-04-19,33100.14,19971.14,1176523.2,1189652.2,13129.0,0,0,23,-0.000892,-148045.03
C004,2021-04-20,34640.86,14056.59,1189652.2,1210236.47,20584.27,1,0,24,-0.002618,-144926.27
C004,2021-04-21,32552.0,22020.75,1210236.47,1220767.72,10531.25,2,0,25,-0.004798,-144400.45
C004,2021-04-22,34108.91,14766.15,1220767.72,1240110.48,19342.76,3,0,26,-0.00765,-152301.59
C004,2021-04-23,15857.83,7086.27,1240110.48,1248882.04,8771.56,4,1,27,-0.011472,-143492.36
C004,2021-04-24,17557.33,9201.91,1248882.04,1257237.46,8355.42,5,1,28,-0.016674,-137141.36
C004,2021-04-25,35310.66,18276.09,1257237.46,1274272.03,17034.57,6,0,29,-0.023823,-137170.56
C004,2021-04-26,33766.95,20026.6,1274272.03,1288012.38,13740.35,0,0,30,-0.033709,-139150.78
C004,2021-04-27,37379.65,343251.41,1288012.38,982140.62,-305871.76,1,0,0,0.159998,-135862.09
C004,2021-04-28,32496.3,18619.76,982140.62,996017.16,13876.54,2,0,1,0.133397,-139479.51
C004,2021-04-29,33675.33,14837.61,996017.16,1014854.88,18837.72,3,0,2,0.111219,-146090.25
C004,2021-04-30,15246.82,6873.65,1014854.88,1023228.05,8373.17,4,1,3,0.092727,-133628.07
C004,2021-05-01,20761.99,81883.5,1023228.05,962106.54,-61121.51,5,1,4,0.077308,-49934.03
C004,2021-05-02,37068.47,20421.41,962106.54,978753.6,16647.06,6,0,5,0.064451,-113014.62
C004,2021-05-03,33535.33,21875.83,978753.6,990413.1,11659.5,0,0,6,0.05373,-106985.25
C004,2021-05-04,33149.02,15738.56,990413.1,1007823.56,17410.46,1,0,7,0.044788,-105096.16
C004,2021-05-05,31837.85,138774.45,1007823.56,900886.96,-106936.6,2,0,8,0.03733,10737.68
C004,2021-05-06,32593.56,14100.9,900886.96,919379.62,18492.66,3,0,9,0.031106,-114592.56
C004,2021-05-07,14483.06,7360.28,919379.62,926502.4,7122.78,4,1,10,0.02591,-103936.29
C004,2021-05-08,17723.81,8772.07,926502.4,935454.14,8951.74,5,1,11,0.021568,-99425.34
C004,2021-05-09,32881.97,19602.73,935454.14,948733.38,13279.24,6,0,12,0.017935,-89677.53
C004,2021-05-10,34094.36,48665.52,948733.38,934162.22,-14571.16,0,0,13,0.014886,-57270.26
C004,2021-05-11,29342.87,15776.97,934162.22,947728.12,13565.9,1,0,14,0.012318,-78485.85
C004,2021-05-12,22592.41,18454.93,947728.12,951865.6,4137.48,2,0,15,0.01014,-74120.69
C004,2021-05-13,25112.82,13835.45,951865.6,963142.97,11277.37,3,0,16,0.008273,-75991.14
C004,2021-05-14,11734.26,6238.72,963142.97,968638.51,5495.54,4,1,17,0.006644,-64703.0
C004,2021-05-15,13742.28,8680.75,968638.51,973700.04,5061.53,5,1,18,0.005185,-54848.02
C004,2021-05-16,29667.31,15476.65,973700.04,987890.7,14190.66,6,0,19,0.003829,-47921.83
C004,2021-05-17,33200.2,17905.53,987890.7,1003185.37,15294.67,0,0,20,0.002503,-51779.07
C004,2021-05-18,33358.37,13282.39,1003185.37,1023261.35,20075.98,1,0,21,0.001125,-52701.0
C004,2021-05-19,35387.93,17042.11,1023261.35,1041607.17,18345.82,2,0,22,-0.000405,-62183.25
C004,2021-05-20,38087.19,14384.16,1041607.17,1065310.2,23703.03,3,0,23,-0.002211,-77176.93
C004,2021-05-21,17933.69,6876.62,1065310.2,1076367.27,11057.07,4,1,24,-0.004459,-70892.04
C004,2021-05-22,20194.71,8753.09,1076367.27,1087808.89,11441.62,5,1,25,-0.007368,-66105.71
C004,2021-05-23,36366.3,18785.51,1087808.89,1105389.68,17580.79,6,0,26,-0.011237,-65753.15
C004,2021-05-24,35121.65,20415.23,1105389.68,1120096.1,14706.42,0,0,27,-0.016478,-65908.1
C004,2021-05-25,34031.04,17025.67,1120096.1,1137101.47,17005.37,1,0,28,-0.02366,-62478.55
C004,2021-05-26,33521.09,21760.96,1137101.47,1148861.6,11760.13,2,0,29,-0.033573,-66400.63
C004,2021-05-27,40443.09,343026.16,1148861.6,846278.53,-302583.07,3,0,0,0.159998,245474.67
C004,2021-05-28,17414.92,7155.8,846278.53,856537.65,10259.12,4,1,1,0.133398,-75652.75
C004,2021-05-29,22152.67,9925.69,856537.65,868764.63,12226.98,5,1,2,0.11122,-72854.71
C004,2021-05-30,39811.89,18976.54,868764.63,889599.98,20835.35,6,0,3,0.092728,-71937.06
C004,2021-05-31,43318.28,20745.75,889599.98,912172.51,22572.53,0,0,4,0.07731,-77317.9
C004,2021-06-01,43034.83,89468.36,912172.51,865738.98,-46433.53,1,0,5,0.064454,-78022.2
C004,2021-06-02,39565.64,21876.77,865738.98,883427.85,17688.87,2,0,6,0.053734,-87076.47
C004,2021-06-03,36547.43,17247.88,883427.85,902727.4,19299.55,3,0,7,0.044795,-96039.68
C004,2021-06-04,16705.37,7808.13,902727.4,911624.64,8897.24,4,1,8,0.037339,-84746.58
C004,2021-06-05,21290.98,128128.56,911624.64,804787.06,-106837.58,5,1,9,0.031119,-77822.23
C004,2021-06-06,39270.54,21491.49,804787.06,822566.11,17779.05,6,0,10,0.025928,-73053.1
C004,2021-06-07,37243.86,23781.17,822566.11,836028.8,13462.69,0,0,11,0.021593,-74597.91
C004,2021-06-08,39420.16,16393.11,836028.8,859055.85,23027.05,1,0,12,0.017969,-72860.49
C004,2021-06-09,38355.67,20519.56,859055.85,876891.96,17836.11,2,0,13,0.014933,-81646.04
C004,2021-06-10,40647.22,48296.91,876891.96,869242.27,-7649.69,3,0,14,0.012384,-100353.05
C004,2021-06-11,16411.58,7908.94,869242.27,877744.91,8502.64,4,1,15,0.010232,-93798.27
C004,2021-06-12,19178.78,9771.86,877744.91,887151.83,9406.92,5,1,16,0.008401,-91329.86
C004,2021-06-13,36499.99,19716.31,887151.83,903935.51,16783.68,6,0,17,0.006822,-88762.51
C004,2021-06-14,35987.33,21070.82,903935.51,918852.02,14916.51,0,0,18,0.005435,-90484.18
C004,2021-06-15,36037.38,14920.53,918852.02,939968.87,21116.85,1,0,19,0.004177,-159408.49
C004,2021-06-16,33331.85,21894.42,939968.87,951406.3,11437.43,2,0,20,0.002989,-162151.77
C004,2021-06-17,34832.77,15678.72,951406.3,970560.35,19154.05,3,0,21,0.001802,-174731.59
C004,2021-06-18,15994.2,7130.63,970560.35,979423.92,8863.57,4,1,22,0.000541,-172870.9
C004,2021-06-19,19282.25,10572.9,979423.92,988133.27,8709.35,5,1,23,-0.000892,-173233.9
C004,2021-06-20,37420.69,20078.73,988133.27,1005475.23,17341.96,6,0,24,-0.002618,-180477.18
C004,2021-06-21,37611.56,21383.61,1005475.23,1021703.18,16227.95,0,0,25,-0.004798,-191651.65
C004,2021-06-22,36483.63,18550.28,1021703.18,1039636.53,17933.35,1,0,26,-0.00765,-197676.61
C004,2021-06-23,36142.98,21591.51,1039636.53,1054188.0,14551.47,2,0,27,-0.011472,-206273.09
C004,2021-06-24,37271.84,16836.92,1054188.0,1074622.92,20434.92,3,0,28,-0.016674,-216394.87
C004,2021-06-25,15133.52,7295.47,1074622.92,1082460.97,7838.05,4,1,29,-0.023823,-208233.78
C004,2021-06-26,18765.93,9473.7,1082460.97,1091753.2,9292.23,5,1,30,-0.033709,-205463.86
C004,2021-06-27,38878.11,349746.41,1091753.2,780884.9,-310868.3,6,0,0,0.159998,-189539.2
C004,2021-06-28,37547.82,22522.8,780884.9,795909.92,15025.02,0,0,1,0.133397,-180359.88
C004,2021-06-29,37892.49,16139.49,795909.92,817662.92,21753.0,1,0,2,0.111219,-174997.07
C004,2021-06-30,37986.53,20794.84,817662.92,834854.61,17191.69,2,0,3,0.092727,-180946.25
C004,2021-07-01,40938.49,88076.32,834854.61,787716.78,-47137.83,3,0,4,0.077308,-121866.56
C004,2021-07-02,16773.03,8138.43,787716.78,796351.38,8634.6,4,1,5,0.064451,-180639.65
C004,2021-07-03,21046.42,10710.08,796351.38,806687.72,10336.34,5,1,6,0.05373,-175681.07
C004,2021-07-04,40521.56,20331.22,806687.72,826878.06,20190.34,6,0,7,0.044788,-175144.1
C004,2021-07-05,39930.27,139843.5,826878.06,726964.83,-99913.23,0,0,8,0.03733,-63349.43
C004,2021-07-06,39343.94,16795.76,726964.83,749513.01,22548.18,1,0,9,0.031106,-179623.77
C004,2021-07-07,36024.02,24106.14,749513.01,761430.89,11917.88,2,0,10,0.02591,-183650.66
C004,2021-07-08,40320.1,15555.63,761430.89,786195.36,24764.47,3,0,11,0.021568,-198031.5
C004,2021-07-09,17091.58,8041.02,786195.36,795245.92,9050.56,4,1,12,0.017935,-191189.39
C004,2021-07-10,20711.61,47068.31,795245.92,768889.22,-26356.7,5,1,13,0.014886,-149730.28
C004,2021-07-11,35902.11,20844.69,768889.22,783946.64,15057.42,6,0,14,0.012318,-178662.67
C004,2021-07-12,34350.31,22474.98,783946.64,795821.97,11875.33,0,0,15,0.01014,-183639.77
C004,2021-07-13,34806.32,15455.29,795821.97,815173.0,19351.03,1,0,16,0.008273,-184193.91
C004,2021-07-14,33443.28,20248.44,815173.0,828367.84,13194.84,2,0,17,0.006644,-189459.26
C004,2021-07-15,33005.37,80812.83,828367.84,780560.38,-47807.46,3,0,18,0.005185,-130081.08
C004,2021-07-16,16199.0,7504.85,780560.38,789254.53,8694.15,4,1,19,0.003829,-120396.21
C004,2021-07-17,16905.33,10331.1,789254.53,795828.76,6574.23,5,1,20,0.002503,-111135.86
C004,2021-07-18,30344.18,19619.92,795828.76,806553.02,10724.26,6,0,21,0.001125,-100521.14
C004,2021-07-19,28167.43,19821.08,806553.02,814899.37,8346.35,0,0,22,-0.000405,-93792.25
C004,2021-07-20,25676.52,15577.84,814899.37,824998.05,10098.68,1,0,23,-0.002211,-81205.1
C004,2021-07-21,24081.22,19027.74,824998.05,830051.53,5053.48,2,0,24,-0.004459,-75578.33
C004,2021-07-22,26051.17,14142.78,830051.53,841959.92,11908.39,3,0,25,-0.007368,-75134.51
C004,2021-07-23,13037.95,7082.96,841959.92,847914.91,5954.99,4,1,26,-0.011237,-63625.17
C004,2021-07-24,18387.55,8074.41,847914.91,858228.05,10313.14,5,1,27,-0.016478,-62376.77
C004,2021-07-25,32677.14,16678.0,858228.05,874227.19,15999.14,6,0,28,-0.02366,-56413.55
C004,2021-07-26,30195.65,18133.5,874227.19,886289.34,12062.15,0,0,29,-0.033573,-56317.74
C004,2021-07-27,45726.71,340670.35,886289.34,591345.7,-294943.64,1,0,0,0.159998,263467.28
C004,2021-07-28,44258.69,20054.35,591345.7,615550.04,24204.34,2,0,1,0.133398,-81120.67
C004,2021-07-29,41981.18,14865.37,615550.04,642665.85,27115.81,3,0,2,0.11122,-89502.27
C004,2021-07-30,18911.49,7668.98,642665.85,653908.36,11242.51,4,1,3,0.092728,-76346.98
C004,2021-07-31,22133.88,10192.02,653908.36,665850.22,11941.86,5,1,4,0.07731,-59483.93
C004,2021-08-01,43301.36,93439.85,665850.22,615711.73,-50138.49,6,0,5,0.064454,22277.69
C004,2021-08-02,38353.62,23058.7,615711.73,631006.65,15294.92,0,0,6,0.053734,-45768.31
C004,2021-08-03,37005.64,16278.33,631006.65,651733.96,20727.31,1,0,7,0.044795,-39623.8
C004,2021-08-04,36902.76,25021.32,651733.96,663615.4,11881.44,2,0,8,0.037339,-41411.34
C004,2021-08-05,40149.7,133875.86,663615.4,569889.24,-93726.16,3,0,9,0.031119,62760.91
C004,2021-08-06,16667.99,8777.0,569889.24,577780.23,7890.99,4,1,10,0.025928,-38608.75
C004,2021-08-07,21293.65,10910.02,577780.23,588163.86,10383.63,5,1,11,0.021593,-31944.31
C004,2021-08-08,38849.58,22956.91,588163.86,604056.53,15892.67,6,0,12,0.017969,-24256.94
C004,2021-08-09,40379.38,25276.97,604056.53,619158.94,15102.41,0,0,13,0.014933,-26842.38
C004,2021-08-10,40511.02,54385.99,619158.94,605283.97,-13874.97,1,0,14,0.012384,11532.54
C004,2021-08-11,32729.19,25830.96,605283.97,612182.2,6898.23,2,0,15,0.010232,-17422.74
C004,2021-08-12,37212.5,18415.61,612182.2,630979.09,18796.89,3,0,16,0.008401,-24797.77
C004,2021-08-13,16539.73,8610.24,630979.09,638908.58,7929.49,4,1,17,0.006822,-10438.61
C004,2021-08-14,21947.26,10376.54,638908.58,650479.3,11570.72,5,1,18,0.005435,-4405.82
C004,2021-08-15,39580.01,21200.99,650479.3,668858.32,18379.02,6,0,19,0.004177,1967.65
C004,2021-08-16,40084.45,24249.87,668858.32,684692.9,15834.58,0,0,20,0.002989,-1200.94
C004,2021-08-17,38201.41,16862.43,684692.9,706031.88,21338.98,1,0,21,0.001802,5146.44
C004,2021-08-18,40561.24,25486.0,706031.88,721107.12,15075.24,2,0,22,0.000541,-95.79
C004,2021-08-19,40627.65,17941.82,721107.12,743792.95,22685.83,3,0,23,-0.000892,-12963.67
C004,2021-08-20,18329.09,7648.84,743792.95,754473.2,10680.25,4,1,24,-0.002618,-15.47
C004,2021-08-21,24572.97,12220.76,754473.2,766825.41,12352.21,5,1,25,-0.004798,6748.33
C004,2021-08-22,42912.22,25447.89,766825.41,784289.74,17464.33,6,0,26,-0.00765,15301.86
C004,2021-08-23,38951.21,27389.67,784289.74,795851.28,11561.54,0,0,27,-0.011472,22328.79
C004,2021-08-24,40032.36,18070.0,795851.28,817813.64,21962.36,1,0,28,-0.016674,31510.41
C004,2021-08-25,37966.33,25808.37,817813.64,829971.6,12157.96,2,0,29,-0.023823,31119.4
C004,2021-08-26,42933.43,18092.05,829971.6,854812.98,24841.38,3,0,30,-0.033709,18466.65
C004,2021-08-27,26845.44,347229.05,854812.98,534429.37,-320383.61,4,1,0,0.159998,361022.53
C004,2021-08-28,29806.99,11072.78,534429.37,553163.58,18734.21,5,1,1,0.133398,39514.06
C004,2021-08-29,47727.16,23329.36,553163.58,577561.38,24397.8,6,0,2,0.11122,43546.21
C004,2021-08-30,53083.63,24278.72,577561.38,606366.29,28804.91,0,0,3,0.092728,38064.44
C004,2021-08-31,49145.29,17522.16,606366.29,637989.42,31623.13,1,0,4,0.07731,40423.99
C004,2021-09-01,46339.11,99090.19,637989.42,585238.34,-52751.08,2,0,5,0.064454,31962.94
C004,2021-09-02,46573.55,19701.73,585238.34,612110.16,26871.82,3,0,6,0.053734,17306.11
C004,2021-09-03,19646.74,9552.84,612110.16,622204.06,10093.9,4,1,7,0.044795,25912.17
C004,2021-09-04,23311.21,12865.12,622204.06,632650.15,10446.09,5,1,8,0.037339,29177.62
C004,2021-09-05,48464.38,141943.05,632650.15,539171.48,-93478.67,6,0,9,0.031119,28670.59
C004,2021-09-06,44871.72,27823.65,539171.48,556219.55,17048.07,0,0,10,0.025928,30618.6
C004,2021-09-07,43581.39,20001.35,556219.55,579799.59,23580.04,1,0,11,0.021593,35133.48
C004,2021-09-08,39046.2,26529.23,579799.59,592316.56,12516.97,2,0,12,0.017969,34924.35
C004,2021-09-09,43241.89,18741.94,592316.56,616816.51,24499.95,3,0,13,0.014933,26054.22
C004,2021-09-10,17692.5,39749.55,616816.51,594759.46,-22057.05,4,1,14,0.012384,41692.55
C004,2021-09-11,24155.99,12734.13,594759.46,606181.32,11421.86,5,1,15,0.010232,49862.76
C004,2021-09-12,45297.77,23009.12,606181.32,628469.97,22288.65,6,0,16,0.008401,52988.8
C004,2021-09-13,48366.19,30762.68,628469.97,646073.48,17603.51,0,0,17,0.006822,50478.15
C004,2021-09-14,46159.71,21407.22,646073.48,670825.97,24752.49,1,0,18,0.005435,54810.75
C004,2021-09-15,41720.52,29054.53,670825.97,683491.96,12665.99,2,0,19,0.004177,-11851.19
C004,2021-09-16,48538.78,20852.42,683491.96,711178.32,27686.36,3,0,20,0.002989,-28420.19
C004,2021-09-17,18637.78,8804.77,711178.32,721011.33,9833.01,4,1,21,0.001802,-12657.47
C004,2021-09-18,23007.47,13189.52,721011.33,730829.28,9817.95,5,1,22,0.000541,814.2
C004,2021-09-19,46749.85,23121.4,730829.28,754457.73,23628.45,6,0,23,-0.000892,7799.32
C004,2021-09-20,45316.84,26200.83,754457.73,773573.74,19116.01,0,0,24,-0.002618,7197.25
C004,2021-09-21,44591.79,18573.93,773573.74,799591.6,26017.86,1,0,25,-0.004798,10932.24
C004,2021-09-22,45102.19,26513.72,799591.6,818180.07,18588.47,2,0,26,-0.00765,3049.69
C004,2021-09-23,48110.98,16967.0,818180.07,849324.05,31143.98,3,0,27,-0.011472,-17896.79
C004,2021-09-24,20155.73,8388.78,849324.05,861091.0,11766.95,4,1,28,-0.016674,-9050.82
C004,2021-09-25,23280.29,11091.66,861091.0,873279.63,12188.63,5,1,29,-0.023823,-4660.81
C004,2021-09-26,46284.09,24111.82,873279.63,895451.9,22172.27,6,0,30,-0.033709,-1830.25
C004,2021-09-27,53831.01,356605.27,895451.9,592677.64,-302774.26,0,0,0,0.159998,-8488.99
C004,2021-09-28,46590.63,18160.68,592677.64,621107.59,28429.95,1,0,1,0.133397,-3755.01
C004,2021-09-29,48751.2,25428.06,621107.59,644430.73,23323.14,2,0,2,0.111219,-14416.4
C004,2021-09-30,49706.18,15723.5,644430.73,678413.41,33982.68,3,0,3,0.092727,-31230.96
C004,2021-10-01,20366.81,81578.94,678413.41,617201.28,-61212.13,4,1,4,0.077308,56551.36
C004,2021-10-02,25125.56,12910.57,617201.28,629416.27,12214.99,5,1,5,0.064451,-8063.35
C004,2021-10-03,43885.87,25185.91,629416.27,648116.23,18699.96,6,0,6,0.05373,1599.41
C004,2021-10-04,40373.9,26662.36,648116.23,661827.77,13711.54,0,0,7,0.044788,2167.62
C004,2021-10-05,41247.67,135233.37,661827.77,567842.07,-93985.7,1,0,8,0.03733,124470.78
C004,2021-10-06,43532.46,24536.38,567842.07,586838.15,18996.08,2,0,9,0.031106,-992.37
C004,2021-10-07,46609.06,18514.14,586838.15,614933.07,28094.92,3,0,10,0.02591,-18913.86
C004,2021-10-08,20632.21,8324.37,614933.07,627240.91,12307.84,4,1,11,0.021568,-11136.84
C004,2021-10-09,26136.49,10506.67,627240.91,642870.73,15629.82,5,1,12,0.017935,-8836.85
C004,2021-10-10,43028.18,49446.9,642870.73,636452.01,-6418.72,6,0,13,0.014886,22753.91
C004,2021-10-11,44825.83,25233.76,636452.01,656044.08,19592.07,0,0,14,0.012318,-1247.73
C004,2021-10-12,44331.56,18916.87,656044.08,681458.77,25414.69,1,0,15,0.01014,-463.96
C004,2021-10-13,41897.06,26804.2,681458.77,696551.63,15092.86,2,0,16,0.008273,-2824.34
C004,2021-10-14,47286.64,18201.55,696551.63,725636.72,29085.09,3,0,17,0.006644,-18099.07
C004,2021-10-15,19922.87,73918.82,725636.72,671640.77,-53995.95,4,1,18,0.005185,59475.42
C004,2021-10-16,23859.18,12741.82,671640.77,682758.13,11117.36,5,1,19,0.003829,74177.14
C004,2021-10-17,47301.31,21705.58,682758.13,708353.86,25595.73,6,0,20,0.002503,76349.72
C004,2021-10-18,48056.49,24766.87,708353.86,731643.48,23289.62,0,0,21,0.001125,66428.17
C004,2021-10-19,48345.46,17731.89,731643.48,762257.05,30613.57,1,0,22,-0.000405,61813.78
C004,2021-10-20,43838.26,25324.32,762257.05,780770.99,18513.94,2,0,23,-0.002211,55018.56
C004,2021-10-21,46788.44,17035.59,780770.99,810523.84,29752.85,3,0,24,-0.004459,36619.89
C004,2021-10-22,18890.32,8184.4,810523.84,821229.76,10705.92,4,1,25,-0.007368,47805.59
C004,2021-10-23,22486.08,12288.58,821229.76,831427.26,10197.5,5,1,26,-0.011237,53409.66
C004,2021-10-24,42854.19,22241.27,831427.26,852040.18,20612.92,6,0,27,-0.016478,58571.98
C004,2021-10-25,45224.35,28645.71,852040.18,868618.82,16578.64,0,0,28,-0.02366,61271.86
C004,2021-10-26,45194.9,20192.07,868618.82,893621.65,25002.83,1,0,29,-0.033573,66084.58
C004,2021-10-27,50253.78,359686.78,893621.65,584188.65,-309433.0,2,0,0,0.159998,385598.91
C004,2021-10-28,50493.08,17329.15,584188.65,617352.58,33163.93,3,0,1,0.133398,36952.04
C004,2021-10-29,21148.36,8486.61,617352.58,630014.33,12661.75,4,1,2,0.11122,54480.57
C004,2021-10-30,28081.18,10913.06,630014.33,647182.45,17168.12,5,1,3,0.092728,64474.97
C004,2021-10-31,49575.15,23004.96,647182.45,673752.64,26570.19,6,0,4,0.07731,72610.57
C004,2021-11-01,45390.15,97789.87,673752.64,621352.92,-52399.72,0,0,5,0.064454,71155.31
C004,2021-11-02,48932.43,20569.71,621352.92,649715.64,28362.72,1,0,6,0.053734,69880.62
C004,2021-11-03,44293.39,30013.64,649715.64,663995.39,14279.75,2,0,7,0.044795,66887.5
C004,2021-11-04,48121.76,19804.3,663995.39,692312.85,28317.46,3,0,8,0.037339,52397.88
C004,2021-11-05,19995.63,126462.7,692312.85,585845.78,-106467.07,4,1,9,0.031119,63580.77
C004,2021-11-06,22936.95,12763.52,585845.78,596019.21,10173.43,5,1,10,0.025928,74914.39
C004,2021-11-07,43308.13,23223.27,596019.21,616104.07,20084.86,6,0,11,0.021593,77770.45
C004,2021-11-08,46608.8,28678.99,616104.07,634033.88,17929.81,0,0,12,0.017969,80606.22
C004,2021-11-09,44857.21,19685.17,634033.88,659205.92,25172.04,1,0,13,0.014933,82579.12
C004,2021-11-10,45140.78,49550.35,659205.92,654796.35,-4409.57,2,0,14,0.012384,73092.68
C004,2021-11-11,43064.89,16866.43,654796.35,680994.81,26198.46,3,0,15,0.010232,63310.3
C004,2021-11-12,20679.78,7947.3,680994.81,693727.29,12732.48,4,1,16,0.008401,79057.55
C004,2021-11-13,24522.58,10712.22,693727.29,707537.65,13810.36,5,1,17,0.006822,82049.7
C004,2021-11-14,45815.72,22237.18,707537.65,731116.19,23578.54,6,0,18,0.005435,86474.65
C004,2021-11-15,47943.28,22124.2,731116.19,756935.27,25819.08,0,0,19,0.004177,75765.58
C004,2021-11-16,46509.97,18741.66,756935.27,784703.58,27768.31,1,0,20,0.002989,78182.56
C004,2021-11-17,40426.6,27058.53,784703.58,798071.65,13368.07,2,0,21,0.001802,76591.1
C004,2021-11-18,42052.47,16053.29,798071.65,824070.83,25999.18,3,0,22,0.000541,64911.94
C004,2021-11-19,19787.96,8069.24,824070.83,835789.55,11718.72,4,1,23,-0.000892,80205.67
C004,2021-11-20,22459.23,11105.05,835789.55,847143.73,11354.18,5,1,24,-0.002618,94978.71
C004,2021-11-21,43459.06,21567.44,847143.73,869035.35,21891.62,6,0,25,-0.004798,100952.02
C004,2021-11-22,41941.64,26140.07,869035.35,884836.92,15801.57,0,0,26,-0.00765,100460.48
C004,2021-11-23,44517.39,18742.15,884836.92,910612.16,25775.24,1,0,27,-0.011472,103049.16
C004,2021-11-24,44274.93,24996.41,910612.16,929890.68,19278.52,2,0,28,-0.016674,94566.7
C004,2021-11-25,47335.44,17519.89,929890.68,959706.23,29815.55,3,0,29,-0.023823,74899.77
C004,2021-11-26,18558.38,8477.05,959706.23,969787.56,10081.33,4,1,30,-0.033709,84260.77
C004,2021-11-27,26751.55,342234.49,969787.56,654304.62,-315482.94,5,1,0,0.159998,102119.12
C004,2021-11-28,51782.21,21591.93,654304.62,684494.9,30190.28,6,0,1,0.133397,100393.23
C004,2021-11-29,51639.39,24476.87,684494.9,711657.42,27162.52,0,0,2,0.111219,89116.22
C004,2021-11-30,51394.04,16688.25,711657.42,746363.21,34705.79,1,0,3,0.092727,84564.28
C004,2021-12-01,46667.08,100522.06,746363.21,692508.23,-53854.98,2,0,4,0.077308,151645.96
C004,2021-12-02,45778.71,18690.68,692508.23,719596.26,27088.03,3,0,5,0.064451,65987.63
C004,2021-12-03,20616.28,9329.65,719596.26,730882.89,11286.63,4,1,6,0.05373,78367.97
C004,2021-12-04,26188.73,12360.89,730882.89,744710.73,13827.84,5,1,7,0.044788,84345.25
C004,2021-12-05,46607.25,141891.43,744710.73,649426.55,-95284.18,6,0,8,0.03733,203699.34
C004,2021-12-06,47291.42,25784.37,649426.55,670933.6,21507.05,0,0,9,0.031106,141430.34
C004,2021-12-07,42439.69,19498.77,670933.6,693874.52,22940.92,1,0,10,0.02591,144189.06
C004,2021-12-08,45367.71,24602.13,693874.52,714640.1,20765.58,2,0,11,0.021568,134317.18
C004,2021-12-09,45132.64,17987.7,714640.1,741785.04,27144.94,3,0,12,0.017935,120845.37
C004,2021-12-10,21893.63,35789.64,741785.04,727889.03,-13896.01,4,1,13,0.014886,152629.48
C004,2021-12-11,26844.28,10428.2,727889.03,744305.11,16416.08,5,1,14,0.012318,123064.62
C004,2021-12-12,50286.13,21806.4,744305.11,772784.84,28479.73,6,0,15,0.01014,117295.19
C004,2021-12-13,42742.66,25940.15,772784.84,789587.35,16802.51,0,0,16,0.008273,116631.84
C004,2021-12-14,45460.34,17456.85,789587.35,817590.84,28003.49,1,0,17,0.006644,113767.2
C004,2021-12-15,41986.53,26876.52,817590.84,832700.85,15110.01,2,0,18,0.005185,107872.1
C004,2021-12-16,48658.24,18472.95,832700.85,862886.14,30185.29,3,0,19,0.003829,22291.82
C004,2021-12-17,20001.52,8224.91,862886.14,874662.75,11776.61,4,1,20,0.002503,33881.74
C004,2021-12-18,24852.74,10532.72,874662.75,888982.77,14320.02,5,1,21,0.001125,36113.62
C004,2021-12-19,50479.7,23467.25,888982.77,915995.22,27012.45,6,0,22,-0.000405,32873.41
C004,2021-12-20,50777.1,24649.88,915995.22,942122.44,26127.22,0,0,23,-0.002211,18328.98
C004,2021-12-21,48067.14,20202.21,942122.44,969987.37,27864.93,1,0,24,-0.004459,14357.58
C004,2021-12-22,40352.73,25042.7,969987.37,985297.4,15310.03,2,0,25,-0.007368,10030.29
C004,2021-12-23,46414.7,18050.78,985297.4,1013661.32,28363.92,3,0,26,-0.011237,-5933.11
C004,2021-12-24,20022.08,9226.02,1013661.32,1024457.38,10796.06,4,1,27,-0.016478,5592.03
C004,2021-12-25,23409.23,13260.61,1024457.38,1034606.0,10148.62,5,1,28,-0.02366,7986.48
C004,2021-12-26,43077.54,23635.21,1034606.0,1054048.33,19442.33,6,0,29,-0.033573,10868.63
C004,2021-12-27,51462.34,349086.93,1054048.33,756423.74,-297624.59,0,0,0,0.159998,326833.11
C004,2021-12-28,45361.4,16897.01,756423.74,784888.13,28464.39,1,0,1,0.133398,-17123.24
C004,2021-12-29,43173.64,27288.13,784888.13,800773.64,15885.51,2,0,2,0.11122,-20190.42
C004,2021-12-30,49683.16,19529.31,800773.64,830927.49,30153.85,3,0,3,0.092728,-37223.49
C004,2021-12-31,21846.05,8619.35,830927.49,844154.19,13226.7,4,1,4,0.07731,-26803.52
C004,2022-01-01,25635.43,84205.73,844154.19,785583.89,-58570.3,5,1,5,0.064454,51772.34
C004,2022-01-02,45573.39,21906.42,785583.89,809250.86,23666.97,6,0,6,0.053734,-26550.89
C004,2022-01-03,45521.55,25716.43,809250.86,829055.98,19805.12,0,0,7,0.044795,-30483.18
C004,2022-01-04,41707.71,17637.8,829055.98,853125.89,24069.91,1,0,8,0.037339,-24485.31
C004,2022-01-05,37433.53,78195.48,853125.89,812363.94,-40761.95,2,0,9,0.031119,27176.31
C004,2022-01-06,44491.89,18792.25,812363.94,838063.58,25699.64,3,0,10,0.025928,-133243.52
C004,2022-01-07,19321.12,8427.42,838063.58,848957.28,10893.7,4,1,11,0.021593,-126143.55
C004,2022-01-08,23867.23,10194.1,848957.28,862630.41,13673.13,5,1,12,0.017969,-120309.78
C004,2022-01-09,40472.04,22583.94,862630.41,880518.51,17888.1,6,0,13,0.014933,-113678.45
C004,2022-01-10,37151.11,50299.89,880518.51,867369.73,-13148.78,0,0,14,0.012384,-84673.87
C004,2022-01-11,41704.35,18994.05,867369.73,890080.03,22710.3,1,0,15,0.010232,-108763.29
C004,2022-01-12,38606.87,22467.71,890080.03,906219.19,16139.16,2,0,16,0.008401,-115777.58
C004,2022-01-13,43531.51,18392.66,906219.19,931358.04,25138.85,3,0,17,0.006822,-131764.58
C004,2022-01-14,17869.85,8654.94,931358.04,940572.95,9214.91,4,1,18,0.005435,-122776.9
C004,2022-01-15,23237.62,78632.61,940572.95,885177.96,-55394.99,5,1,19,0.004177,-52817.51
C004,2022-01-16,44973.25,21606.72,885177.96,908544.49,23366.53,6,0,20,0.002989,-57512.22
C004,2022-01-17,42465.68,25913.78,908544.49,925096.39,16551.9,0,0,21,0.001802,-56101.83
C004,2022-01-18,42103.32,18331.08,925096.39,948868.63,23772.24,1,0,22,0.000541,-55103.57
C004,2022-01-19,36878.54,25295.75,948868.63,960451.42,11582.79,2,0,23,-0.000892,-57970.66
C004,2022-01-20,40171.27,16277.74,960451.42,984344.95,23893.53,3,0,24,-0.002618,-71677.23
C004,2022-01-21,19693.52,8710.78,984344.95,995327.69,10982.74,4,1,25,-0.004798,-60609.31
C004,2022-01-22,23503.6,11103.08,995327.69,1007728.21,12400.52,5,1,26,-0.00765,-52099.77
C004,2022-01-23,42327.52,20006.32,1007728.21,1030049.41,22321.2,6,0,27,-0.011472,-49880.56
C004,2022-01-24,37936.5,25393.43,1030049.41,1042592.48,12543.07,0,0,28,-0.016674,-46607.84
C004,2022-01-25,39601.9,17277.42,1042592.48,1064916.96,22324.48,1,0,29,-0.023823,-47543.82
C004,2022-01-26,39565.27,21225.38,1064916.96,1083256.85,18339.89,2,0,30,-0.033709,-56149.39
C004,2022-01-27,49093.24,364585.2,1083256.85,767764.89,-315491.96,3,0,0,0.159998,272406.6
C004,2022-01-28,21268.58,8450.25,767764.89,780583.22,12818.33,4,1,1,0.133398,-60172.37
C004,2022-01-29,24591.9,11471.12,780583.22,793704.0,13120.78,5,1,2,0.11122,-49600.28
C004,2022-01-30,46743.3,23096.63,793704.0,817350.67,23646.67,6,0,3,0.092728,-121763.46
C004,2022-01-31,44697.1,24691.54,817350.67,837356.23,20005.56,0,0,4,0.07731,-123628.43
C004,2022-02-01,41517.54,96173.8,837356.23,782699.97,-54656.26,1,0,5,0.064454,-44544.1
C004,2022-02-02,42799.55,26926.72,782699.97,798572.8,15872.83,2,0,6,0.053734,-51850.85
C004,2022-02-03,46341.36,16273.58,798572.8,828640.58,30067.78,3,0,7,0.044795,-126347.48
C004,2022-02-04,19926.62,9026.95,828640.58,839540.25,10899.67,4,1,8,0.037339,-116665.69
C004,2022-02-05,25039.01,159759.2,839540.25,704820.06,-134720.19,5,1,9,0.031119,36837.38
C004,2022-02-06,43430.18,25436.51,704820.06,722813.73,17993.67,6,0,10,0.025928,47712.72
C004,2022-02-07,41417.64,21910.74,722813.73,742320.63,19506.9,0,0,11,0.021593,43408.61
C004,2022-02-08,40555.76,16036.33,742320.63,766840.06,24519.43,1,0,12,0.017969,16688.68
C004,2022-02-09,37712.17,21856.37,766840.06,782695.86,15855.8,2,0,13,0.014933,11664.31
C004,2022-02-10,40369.36,41748.48,782695.86,781316.74,-1379.12,3,0,14,0.012384,20728.14
C004,2022-02-11,17208.08,8083.21,781316.74,790441.61,9124.87,4,1,15,0.010232,26533.22
C004,2022-02-12,19492.39,10340.54,790441.61,799593.46,9151.85,5,1,16,0.008401,29419.64
C004,2022-02-13,39923.83,21721.24,799593.46,817796.05,18202.59,6,0,17,0.006822,30217.61
C004,2022-02-14,38128.2,23563.8,817796.05,832360.45,14564.4,0,0,18,0.005435,28323.74
C004,2022-02-15,37115.33,18443.51,832360.45,851032.27,18671.82,1,0,19,0.004177,31477.33
C004,2022-02-16,40298.38,22336.09,851032.27,868994.56,17962.29,2,0,20,0.002989,21280.63
C004,2022-02-17,41096.24,16325.74,868994.56,893765.06,24770.5,3,0,21,0.001802,5770.81
C004,2022-02-18,16556.92,7841.22,893765.06,902480.76,8715.7,4,1,22,0.000541,8256.25
C004,2022-02-19,20768.59,10581.63,902480.76,912667.72,10186.96,5,1,23,-0.000892,11352.21
C004,2022-02-20,41941.79,19891.13,912667.72,934718.38,22050.66,6,0,24,-0.002618,9651.48
C004,2022-02-21,45220.24,24310.18,934718.38,955628.44,20910.06,0,0,25,-0.004798,-1705.42
C004,2022-02-22,41664.42,17124.01,955628.44,980168.85,24540.41,1,0,26,-0.00765,-8275.98
C004,2022-02-23,39347.94,23532.15,980168.85,995984.64,15815.79,2,0,27,-0.011472,-15764.17
C004,2022-02-24,37971.84,16583.34,995984.64,1017373.14,21388.5,3,0,28,-0.016674,-28037.85
C004,2022-02-25,18145.13,8410.81,1017373.14,1027107.46,9734.32,4,1,29,-0.023823,-363713.78
C004,2022-02-26,24842.04,11778.01,1027107.46,1040171.49,13064.03,5,1,30,-0.033709,-357737.22
C004,2022-02-27,51953.44,371714.08,1040171.49,720410.85,-319760.64,6,0,0,0.159996,-18067.87
C004,2022-02-28,48249.26,24556.39,720410.85,744103.72,23692.87,0,0,1,0.133395,-27402.15
C004,2022-03-01,46849.57,95366.08,744103.72,695587.21,-48516.51,1,0,2,0.111215,42439.86
C004,2022-03-02,43412.69,25272.1,695587.21,713727.8,18140.59,2,0,3,0.092721,-41468.07
C004,2022-03-03,42667.16,18239.09,713727.8,738155.87,24428.07,3,0,4,0.0773,-58834.17
C004,2022-03-04,17402.43,8836.35,738155.87,746721.95,8566.08,4,1,5,0.06444,-53265.57
C004,2022-03-05,22589.99,67018.84,746721.95,702293.1,-44428.85,5,1,6,0.053714,3804.35
C004,2022-03-06,45629.21,25047.75,702293.1,722874.56,20581.46,6,0,7,0.044767,-55663.75
C004,2022-03-07,45104.2,26321.32,722874.56,741657.44,18782.88,0,0,8,0.0373,-65349.03
C004,2022-03-08,46008.79,17139.78,741657.44,770526.45,28869.01,1,0,9,0.031065,-75364.26
C004,2022-03-09,40120.28,24917.49,770526.45,785729.24,15202.79,2,0,10,0.025852,-83811.99
C004,2022-03-10,43678.65,45879.15,785729.24,783528.74,-2200.5,3,0,11,0.021488,-72589.23
C004,2022-03-11,19446.5,8615.07,783528.74,794360.17,10831.43,4,1,12,0.017822,-101121.38
C004,2022-03-12,20554.37,12869.66,794360.17,802044.88,7684.71,5,1,13,0.014729,-96351.29
C004,2022-03-13,38775.66,23845.71,802044.88,816974.83,14929.95,6,0,14,0.012099,-92944.7
C004,2022-03-14,38988.3,26950.03,816974.83,829013.1,12038.27,0,0,15,0.009834,-96563.38
C004,2022-03-15,39796.63,20796.07,829013.1,848013.66,19000.56,1,0,16,0.007845,-97798.46
C004,2022-03-16,37739.63,25069.1,848013.66,860684.19,12670.53,2,0,17,0.006047,-172388.81
C004,2022-03-17,40858.64,19033.23,860684.19,882509.6,21825.41,3,0,18,0.004352,-183841.6
C004,2022-03-18,17668.47,9902.88,882509.6,890275.19,7765.59,4,1,19,0.002666,-176266.0
C004,2022-03-19,21356.8,12096.12,890275.19,899535.87,9260.68,5,1,20,0.00088,-175356.19
C004,2022-03-20,38384.11,27182.97,899535.87,910737.01,11201.14,6,0,21,-0.00114,-168274.59
C004,2022-03-21,42970.78,29687.86,910737.01,924019.93,13282.92,0,0,22,-0.003566,-171171.74
C004,2022-03-22,40611.61,20261.68,924019.93,944369.86,20349.93,1,0,23,-0.006623,-176580.34
C004,2022-03-23,37807.53,28254.37,944369.86,953923.02,9553.16,2,0,24,-0.010616,-179011.59
C004,2022-03-24,37208.2,19238.35,953923.02,971892.87,17969.85,3,0,25,-0.01596,-188767.77
C004,2022-03-25,17254.54,8926.94,971892.87,980220.47,8327.6,4,1,26,-0.023228,-182731.9
C004,2022-03-26,21543.34,12428.52,980220.47,989335.29,9114.82,5,1,27,-0.033213,-178945.44
C004,2022-03-27,47538.3,373479.91,989335.29,663393.68,-325941.61,6,0,0,0.159998,169576.84
C004,2022-03-28,46037.29,26996.7,663393.68,682434.27,19040.59,0,0,1,0.133398,-178103.66
C004,2022-03-29,39774.54,19865.83,682434.27,702342.98,19908.71,1,0,2,0.11122,-176064.5
C004,2022-03-30,38485.71,24127.12,702342.98,716701.57,14358.59,2,0,3,0.092728,-183786.0
C004,2022-03-31,39976.95,18651.45,716701.57,738027.07,21325.5,3,0,4,0.07731,-198934.29
C004,2022-04-01,17675.49,83442.83,738027.07,672259.73,-65767.34,4,1,5,0.064454,-202742.85
C004,2022-04-02,18866.43,11804.46,672259.73,679321.7,7061.97,5,1,6,0.053734,-202007.58
C004,2022-04-03,36731.84,22597.16,679321.7,693456.38,14134.68,6,0,7,0.044795,-206856.54
C004,2022-04-04,38429.75,25788.68,693456.38,706097.45,12641.07,0,0,8,0.037339,-214587.02
C004,2022-04-05,32997.11,71883.75,706097.45,667210.81,-38886.64,1,0,9,0.031119,-214270.39
C004,2022-04-06,30943.26,21845.66,667210.81,676308.41,9097.6,2,0,10,0.025928,-215582.04
C004,2022-04-07,34490.56,15636.78,676308.41,695162.19,18853.78,3,0,11,0.021593,-223055.69
C004,2022-04-08,14463.68,7708.62,695162.19,701917.25,6755.06,4,1,12,0.017969,-208941.23
C004,2022-04-09,19287.48,10265.22,701917.25,710939.51,9022.26,5,1,13,0.014933,-201153.38
C004,2022-04-10,33764.08,51464.8,710939.51,693238.79,-17700.72,6,0,14,0.012384,-188793.53
C004,2022-04-11,34154.97,21700.17,693238.79,705693.59,12454.8,0,0,15,0.010232,-188764.09
C004,2022-04-12,32799.51,14462.97,705693.59,724030.13,18336.54,1,0,16,0.008401,-187459.31
C004,2022-04-13,29969.28,21549.69,724030.13,732449.72,8419.59,2,0,17,0.006822,-186048.9
C004,2022-04-14,33931.79,16166.31,732449.72,750215.2,17765.48,3,0,18,0.005435,-192340.31
C004,2022-04-15,13944.32,75864.14,750215.2,688295.38,-61919.82,4,1,19,0.004177,-111165.3
C004,2022-04-16,19548.76,9176.14,688295.38,698668.0,10372.62,5,1,20,0.002989,-99910.97
C004,2022-04-17,33743.73,18402.54,698668.0,714009.19,15341.19,6,0,21,0.001802,-90076.41
C004,2022-04-18,33537.77,23367.28,714009.19,724179.68,10170.49,0,0,22,0.000541,-86081.47
C004,2022-04-19,33204.13,14921.39,724179.68,742462.42,18282.74,1,0,23,-0.000892,-82743.53
C004,2022-04-20,30758.19,20372.42,742462.42,752848.19,10385.77,2,0,24,-0.002618,-85527.57
C004,2022-04-21,30529.47,15588.14,752848.19,767789.52,14941.33,3,0,25,-0.004798,-90086.6
C004,2022-04-22,14402.93,7281.02,767789.52,774911.43,7121.91,4,1,26,-0.00765,-81699.87
C004,2022-04-23,18162.25,9948.58,774911.43,783125.1,8213.67,5,1,27,-0.011472,-75835.24
C004,2022-04-24,33675.82,19312.35,783125.1,797488.57,14363.47,6,0,28,-0.016674,-68831.77
C004,2022-04-25,34335.58,21434.3,797488.57,810389.85,12901.28,0,0,29,-0.023823,-66637.24
C004,2022-04-26,36368.81,13788.14,810389.85,832970.52,22580.67,1,0,30,-0.033709,-68863.42
C004,2022-04-27,41763.77,370403.68,832970.52,504330.61,-328639.91,2,0,0,0.159998,-82167.08
C004,2022-04-28,37837.0,15889.13,504330.61,526278.48,21947.87,3,0,1,0.133397,-92109.6
C004,2022-04-29,15250.09,8613.0,526278.48,532915.57,6637.09,4,1,2,0.111219,-73503.36
C004,2022-04-30,17171.42,10994.21,532915.57,539092.78,6177.21,5,1,3,0.092727,-56715.19
C004,2022-05-01,26023.03,95598.93,539092.78,469516.88,-69575.9,6,0,4,0.077308,33528.34
C004,2022-05-02,29657.22,21859.98,469516.88,477314.12,7797.24,0,0,5,0.064451,-37181.02
C004,2022-05-03,27412.62,18126.9,477314.12,486599.84,9285.72,1,0,6,0.05373,-23059.66
C004,2022-05-04,26185.46,21274.87,486599.84,491510.43,4910.59,2,0,7,0.044788,-20307.89
C004,2022-05-05,30840.05,69410.06,491510.43,452940.42,-38570.01,3,0,8,0.03733,29619.11
C004,2022-05-06,15298.07,7512.12,452940.42,460726.37,7785.95,4,1,9,0.031106,-14600.01
C004,2022-05-07,19020.16,7640.03,460726.37,472106.5,11380.13,5,1,10,0.02591,-9934.96
C004,2022-05-08,38707.73,17838.21,472106.5,492976.02,20869.52,6,0,11,0.021568,-10962.5
C004,2022-05-09,36829.65,20019.54,492976.02,509786.13,16810.11,0,0,12,0.017935,-14841.45
C004,2022-05-10,39851.11,45191.98,509786.13,504445.26,-5340.87,1,0,13,0.014886,11307.96
C004,2022-05-11,33312.19,20827.95,504445.26,516929.5,12484.24,2,0,14,0.012318,-25984.09
C004,2022-05-12,34422.44,14781.12,516929.5,536570.82,19641.32,3,0,15,0.01014,-34430.29
C004,2022-05-13,16515.29,6685.29,536570.82,546400.82,9830.0,4,1,16,0.008273,-26568.12
C004,2022-05-14,20998.99,9524.92,546400.82,557874.89,11474.07,5,1,17,0.006644,-24880.45
C004,2022-05-15,40659.83,21404.64,557874.89,577130.08,19255.19,6,0,18,0.005185,-27483.18
C004,2022-05-16,43783.22,22156.27,577130.08,598757.03,21626.95,0,0,19,0.003829,-35812.23
C004,2022-05-17,42526.44,17350.69,598757.03,623932.78,25175.75,1,0,20,0.002503,-41429.85
C004,2022-05-18,37033.7,22868.27,623932.78,638098.21,14165.43,2,0,21,0.001125,-47186.56
C004,2022-05-19,38938.27,17317.59,638098.21,659718.89,21620.68,3,0,22,-0.000405,-57718.98
C004,2022-05-20,16386.28,8784.55,659718.89,667320.62,7601.73,4,1,23,-0.002211,-45508.57
C004,2022-05-21,21064.61,10682.31,667320.62,677702.92,10382.3,5,1,24,-0.004459,-42865.96
C004,2022-05-22,38343.53,22834.89,677702.92,693211.56,15508.64,6,0,25,-0.007368,-39619.29
C004,2022-05-23,37404.62,23326.32,693211.56,707289.86,14078.3,0,0,26,-0.011237,-38955.05
C004,2022-05-24,38973.48,17606.54,707289.86,728656.8,21366.94,1,0,27,-0.016478,-39042.71
C004,2022-05-25,38326.11,23230.3,728656.8,743752.61,15095.81,2,0,28,-0.02366,-45240.64
C004,2022-05-26,36621.16,16266.67,743752.61,764107.1,20354.49,3,0,29,-0.033573,-55341.8
C004,2022-05-27,18944.25,360887.82,764107.1,422163.53,-341943.57,4,1,0,0.159998,306224.76
C004,2022-05-28,22437.45,10432.1,422163.53,434168.88,12005.35,5,1,1,0.133398,-28575.19
C004,2022-05-29,46223.62,20980.29,434168.88,459412.21,25243.33,6,0,2,0.11122,-22216.38
C004,2022-05-30,45475.24,22509.86,459412.21,482377.59,22965.38,0,0,3,0.092728,-26329.66
C004,2022-05-31,39652.38,18984.75,482377.59,503045.22,20667.63,1,0,4,0.07731,-27125.03
C004,2022-06-01,37441.86,100353.98,503045.22,440133.1,-62912.12,2,0,5,0.064454,-32687.95
C004,2022-06-02,40607.98,17200.9,440133.1,463540.18,23407.08,3,0,6,0.053734,-47310.82
C004,2022-06-03,16639.44,8977.08,463540.18,471202.54,7662.36,4,1,7,0.044795,-39886.01
C004,2022-06-04,22468.86,11111.87,471202.54,482559.53,11356.99,5,1,8,0.037339,-39471.74
C004,2022-06-05,40844.84,77278.01,482559.53,446126.36,-36433.17,6,0,9,0.031119,-40439.85
C004,2022-06-06,38395.39,22350.21,446126.36,462171.54,16045.18,0,0,10,0.025928,-44020.59
C004,2022-06-07,38681.48,18839.5,462171.54,482013.52,19841.98,1,0,11,0.021593,-46711.64
C004,2022-06-08,34787.73,21856.57,482013.52,494944.68,12931.16,2,0,12,0.017969,-54865.12
C004,2022-06-09,37359.83,16551.29,494944.68,515753.22,20808.54,3,0,13,0.014933,-69955.65
C004,2022-06-10,17585.18,42392.99,515753.22,490945.41,-24807.81,4,1,14,0.012384,-74344.71
C004,2022-06-11,21852.12,10657.0,490945.41,502140.53,11195.12,5,1,15,0.010232,-77092.67
C004,2022-06-12,37712.35,20020.18,502140.53,519832.7,17692.17,6,0,16,0.008401,-80483.75
C004,2022-06-13,37227.31,24065.57,519832.7,532994.44,13161.74,0,0,17,0.006822,-79778.68
C004,2022-06-14,34429.43,17776.97,532994.44,549646.9,16652.46,1,0,18,0.005435,-74120.86
C004,2022-06-15,34807.51,21509.61,549646.9,562944.8,13297.9,2,0,19,0.004177,-148364.52
C004,2022-06-16,36579.32,17021.19,562944.8,582502.93,19558.13,3,0,20,0.002989,-156052.27
C004,2022-06-17,16611.6,8202.88,582502.93,590911.65,8408.72,4,1,21,0.001802,-146473.41
C004,2022-06-18,21426.4,10338.14,590911.65,601999.91,11088.26,5,1,22,0.000541,-139135.01
C004,2022-06-19,40742.11,20929.97,601999.91,621812.05,19812.14,6,0,23,-0.000892,-137850.52
C004,2022-06-20,36069.31,23044.4,621812.05,634836.96,13024.91,0,0,24,-0.002618,-137788.67
C004,2022-06-21,35653.33,16898.02,634836.96,653592.27,18755.31,1,0,25,-0.004798,-134815.2
C004,2022-06-22,35527.53,20784.99,653592.27,668334.81,14742.54,2,0,26,-0.00765,-141220.76
C004,2022-06-23,36545.56,15266.28,668334.81,689614.09,21279.28,3,0,27,-0.011472,-152451.83
C004,2022-06-24,16574.29,7676.41,689614.09,698511.97,8897.88,4,1,28,-0.016674,-137937.92
C004,2022-06-25,20534.62,10281.29,698511.97,708765.3,10253.33,5,1,29,-0.023823,-129343.14
C004,2022-06-26,37766.51,18143.52,708765.3,728388.29,19622.99,6,0,30,-0.033709,-125987.4
C004,2022-06-27,50695.3,373489.9,728388.29,405593.69,-322794.6,0,0,0,0.159998,-124937.33
C004,2022-06-28,50211.55,18609.41,405593.69,437195.83,31602.14,1,0,1,0.133397,-126962.63
C004,2022-06-29,43779.48,24927.38,437195.83,456047.93,18852.1,2,0,2,0.111219,-136388.24
C004,2022-06-30,38800.4,18928.14,456047.93,475920.19,19872.26,3,0,3,0.092727,-143804.88
C004,2022-07-01,15779.41,84254.45,475920.19,407445.15,-68475.04,4,1,4,0.077308,-55054.38
C004,2022-07-02,20708.24,11924.03,407445.15,416229.36,8784.21,5,1,5,0.064451,-125491.31
C004,2022-07-03,37750.67,22663.5,416229.36,431316.53,15087.17,6,0,6,0.05373,-115403.56
C004,2022-07-04,35043.28,23272.02,431316.53,443087.79,11771.26,0,0,7,0.044788,-108958.29
C004,2022-07-05,35195.99,72597.27,443087.79,405686.51,-37401.28,1,0,8,0.03733,-46401.34
C004,2022-07-06,34774.84,22310.4,405686.51,418150.95,12464.44,2,0,9,0.031106,-103676.47
C004,2022-07-07,32070.85,14919.92,418150.95,435301.88,17150.93,3,0,10,0.02591,-109058.93
C004,2022-07-08,12844.82,8067.14,435301.88,440079.56,4777.68,4,1,11,0.021568,-91909.26
C004,2022-07-09,15606.7,9888.69,440079.56,445797.57,5718.01,5,1,12,0.017935,-79489.21
C004,2022-07-10,30071.13,59268.0,445797.57,416600.7,-29196.87,6,0,13,0.014886,-27825.38
C004,2022-07-11,27920.51,19473.35,416600.7,425047.86,8447.16,0,0,14,0.012318,-58298.7
C004,2022-07-12,29980.09,15679.0,425047.86,439348.95,14301.09,1,0,15,0.01014,-50861.28
C004,2022-07-13,33245.95,19379.14,439348.95,453215.76,13866.81,2,0,16,0.008273,-56661.51
C004,2022-07-14,36293.98,13983.7,453215.76,475526.04,22310.28,3,0,17,0.006644,-68144.12
C004,2022-07-15,16246.26,77192.02,475526.04,414580.28,-60945.76,4,1,18,0.005185,11964.04
C004,2022-07-16,20704.31,8833.93,414580.28,426450.66,11870.38,5,1,19,0.003829,14502.89
C004,2022-07-17,37511.53,19523.95,426450.66,444438.24,17987.58,6,0,20,0.002503,15096.35
C004,2022-07-18,39844.28,21417.62,444438.24,462864.9,18426.66,0,0,21,0.001125,4216.23
C004,2022-07-19,36522.69,15426.06,462864.9,483961.53,21096.63,1,0,22,-0.000405,4984.7
C004,2022-07-20,35566.19,22479.43,483961.53,497048.29,13086.76,2,0,23,-0.002211,1519.96
C004,2022-07-21,37606.58,15877.8,497048.29,518777.07,21728.78,3,0,24,-0.004459,-7962.97
C004,2022-07-22,16363.81,8026.83,518777.07,527114.05,8336.98,4,1,25,-0.007368,8751.17
C004,2022-07-23,20198.78,10150.57,527114.05,537162.26,10048.21,5,1,26,-0.011237,15998.5
C004,2022-07-24,41955.32,18543.53,537162.26,560574.05,23411.79,6,0,27,-0.016478,16464.04
C004,2022-07-25,38910.51,20062.4,560574.05,579422.16,18848.11,0,0,28,-0.02366,12812.74
C004,2022-07-26,41037.39,18058.66,579422.16,602400.89,22978.73,1,0,29,-0.033573,13559.17
C004,2022-07-27,44556.28,366300.81,602400.89,280656.36,-321744.53,2,0,0,0.159998,344614.47
C004,2022-07-28,46476.07,16899.23,280656.36,310233.2,29576.84,3,0,1,0.133398,-15367.57
C004,2022-07-29,17877.43,8450.94,310233.2,319659.69,9426.49,4,1,2,0.11122,6265.39
C004,2022-07-30,23845.65,11390.03,319659.69,332115.31,12455.62,5,1,3,0.092728,25539.75
C004,2022-07-31,42982.45,22706.99,332115.31,352390.77,20275.46,6,0,4,0.07731,31939.86
C004,2022-08-01,39518.81,101171.53,352390.77,290738.05,-61652.72,0,0,5,0.064454,114465.22
C004,2022-08-02,42896.83,17721.91,290738.05,315912.97,25174.92,1,0,6,0.053734,48222.03
C004,2022-08-03,43471.25,25254.72,315912.97,334129.5,18216.53,2,0,7,0.044795,43046.76
C004,2022-08-04,43135.37,17979.7,334129.5,359285.17,25155.67,3,0,8,0.037339,34313.73
C004,2022-08-05,19064.2,63874.89,359285.17,314474.48,-44810.69,4,1,9,0.031119,108272.56
C004,2022-08-06,23384.53,11616.06,314474.48,326242.95,11768.47,5,1,10,0.025928,64263.63
C004,2022-08-07,44674.59,22747.24,326242.95,348170.3,21927.35,6,0,11,0.021593,74537.68
C004,2022-08-08,45603.55,27465.49,348170.3,366308.36,18138.06,0,0,12,0.017969,73306.56
C004,2022-08-09,42024.44,19557.48,366308.36,388775.32,22466.96,1,0,13,0.014933,77409.51
C004,2022-08-10,39588.72,61614.88,388775.32,366749.16,-22026.16,2,0,14,0.012384,111158.28
C004,2022-08-11,39512.9,17774.39,366749.16,388487.67,21738.51,3,0,15,0.010232,72825.18
C004,2022-08-12,17475.03,9408.45,388487.67,396554.25,8066.58,4,1,16,0.008401,84593.43
C004,2022-08-13,22237.82,11410.15,396554.25,407381.92,10827.67,5,1,17,0.006822,89991.73
C004,2022-08-14,45539.24,26376.84,407381.92,426544.32,19162.4,6,0,18,0.005435,91772.86
C004,2022-08-15,42590.5,28181.27,426544.32,440953.55,14409.23,0,0,19,0.004177,90916.83
C004,2022-08-16,40809.73,22228.69,440953.55,459534.59,18581.04,1,0,20,0.002989,96908.47
C004,2022-08-17,36666.35,29119.81,459534.59,467081.13,7546.54,2,0,21,0.001802,100672.93
C004,2022-08-18,42599.46,20734.36,467081.13,488946.23,21865.1,3,0,22,0.000541,93485.96
C004,2022-08-19,19200.26,9578.24,488946.23,498568.25,9622.02,4,1,23,-0.000892,107954.4
C004,2022-08-20,23871.62,11625.77,498568.25,510814.1,12245.85,5,1,24,-0.002618,118634.1
C004,2022-08-21,48045.69,22994.57,510814.1,535865.22,25051.12,6,0,25,-0.004798,126504.51
C004,2022-08-22,47936.34,30640.8,535865.22,553160.76,17295.54,0,0,26,-0.00765,127019.17
C004,2022-08-23,44694.03,20816.7,553160.76,577038.09,23877.33,1,0,27,-0.011472,132409.17
C004,2022-08-24,41964.77,26767.96,577038.09,592234.9,15196.81,2,0,28,-0.016674,130517.57
C004,2022-08-25,43859.21,20134.05,592234.9,615960.06,23725.16,3,0,29,-0.023823,120404.98
C004,2022-08-26,18626.45,9315.68,615960.06,625270.83,9310.77,4,1,30,-0.033709,135419.45
C004,2022-08-27,32119.54,362524.74,625270.83,294865.63,-330405.2,5,1,0,0.159998,481073.17
C004,2022-08-28,57079.33,26019.88,294865.63,325925.08,31059.45,6,0,1,0.133398,128902.15
C004,2022-08-29,59156.86,27426.88,325925.08,357655.06,31729.98,0,0,2,0.11122,119445.74
C004,2022-08-30,47360.51,20684.94,357655.06,384330.63,26675.57,1,0,3,0.092728,127146.45
C004,2022-08-31,48470.65,27598.01,384330.63,405203.27,20872.64,2,0,4,0.07731,119065.12
C004,2022-09-01,52814.4,93882.67,405203.27,364135.0,-41068.27,3,0,5,0.064454,99691.5
C004,2022-09-02,22731.37,9690.11,364135.0,377176.26,13041.26,4,1,6,0.053734,113648.34
C004,2022-09-03,29999.0,13576.36,377176.26,393598.9,16422.64,5,1,7,0.044795,120110.61
C004,2022-09-04,55329.34,26181.2,393598.9,422747.04,29148.14,6,0,8,0.037339,121701.56
C004,2022-09-05,53885.85,86126.31,422747.04,390506.58,-32240.46,0,0,9,0.031119,116936.67
C004,2022-09-06,54846.08,22644.68,390506.58,422707.98,32201.4,1,0,10,0.025928,116758.45
C004,2022-09-07,48159.03,31252.09,422707.98,439614.92,16906.94,2,0,11,0.021593,114063.44
C004,2022-09-08,47218.36,20648.45,439614.92,466184.83,26569.91,3,0,12,0.017969,103423.95
C004,2022-09-09,22005.53,10282.92,466184.83,477907.44,11722.61,4,1,13,0.014933,118309.22
C004,2022-09-10,25469.55,42064.14,477907.44,461312.85,-16594.59,5,1,14,0.012384,122638.09
C004,2022-09-11,48904.83,29070.0,461312.85,481147.68,19834.83,6,0,15,0.010232,130573.83
C004,2022-09-12,52827.87,36601.9,481147.68,497373.65,16225.97,0,0,16,0.008401,134965.27
C004,2022-09-13,47601.14,26657.61,497373.65,518317.18,20943.53,1,0,17,0.006822,147339.09
C004,2022-09-14,48220.28,34667.08,518317.18,531870.38,13553.2,2,0,18,0.005435,146262.84
C004,2022-09-15,47161.72,22589.04,531870.38,556443.06,24572.68,3,0,19,0.004177,64114.33
C004,2022-09-16,21343.95,10032.95,556443.06,567754.06,11311.0,4,1,20,0.002989,79802.61
C004,2022-09-17,28328.11,13649.98,567754.06,582432.19,14678.13,5,1,21,0.001802,88383.02
C004,2022-09-18,55449.87,31359.41,582432.19,606522.65,24090.46,6,0,22,0.000541,100166.34
C004,2022-09-19,53411.5,30485.95,606522.65,629448.2,22925.55,0,0,23,-0.000892,98701.17
C004,2022-09-20,52413.56,19492.03,629448.2,662369.73,32921.53,1,0,24,-0.002618,93967.53
C004,2022-09-21,47364.99,29554.79,662369.73,680179.93,17810.2,2,0,25,-0.004798,87472.77
C004,2022-09-22,52225.71,22958.38,680179.93,709447.26,29267.33,3,0,26,-0.00765,73515.87
C004,2022-09-23,22946.0,9640.79,709447.26,722752.47,13305.21,4,1,27,-0.011472,85525.21
C004,2022-09-24,26519.67,12907.1,722752.47,736365.04,13612.57,5,1,28,-0.016674,90319.13
C004,2022-09-25,50252.37,25927.13,736365.04,760690.28,24325.24,6,0,29,-0.023823,94552.13
C004,2022-09-26,45054.34,29805.82,760690.28,775938.8,15248.52,0,0,30,-0.033709,99546.15
C004,2022-09-27,48417.17,369528.74,775938.8,454827.23,-321111.57,1,0,0,0.159998,114947.95
C004,2022-09-28,49912.6,27639.03,454827.23,477100.8,22273.57,2,0,1,0.133397,111532.02
C004,2022-09-29,54868.83,20492.55,477100.8,511477.08,34376.28,3,0,2,0.111219,93879.69
C004,2022-09-30,22826.32,10035.01,511477.08,524268.39,12791.31,4,1,3,0.092727,106475.63
C004,2022-10-01,27725.97,88167.86,524268.39,463826.5,-60441.89,5,1,4,0.077308,186980.32
C004,2022-10-02,52799.96,25801.86,463826.5,490824.6,26998.1,6,0,5,0.064451,118054.76
C004,2022-10-03,52415.27,29530.36,490824.6,513709.51,22884.91,0,0,6,0.05373,114593.96
C004,2022-10-04,50181.57,19442.48,513709.51,544448.6,30739.09,1,0,7,0.044788,113985.42
C004,2022-10-05,46131.73,83137.08,544448.6,507443.25,-37005.35,2,0,8,0.03733,164165.98
C004,2022-10-06,52260.1,20236.92,507443.25,539466.43,32023.18,3,0,9,0.031106,91739.75
C004,2022-10-07,23376.15,9164.22,539466.43,553678.36,14211.93,4,1,10,0.02591,99734.08
C004,2022-10-08,28851.35,12920.93,553678.36,569608.78,15930.42,5,1,11,0.021568,108576.97
C004,2022-10-09,51436.06,24828.18,569608.78,596216.66,26607.88,6,0,12,0.017935,117784.71
C004,2022-10-10,46874.59,59140.31,596216.66,583950.94,-12265.72,0,0,13,0.014886,152149.33
C004,2022-10-11,46572.67,18802.1,583950.94,611721.51,27770.57,1,0,14,0.012318,136230.96
C004,2022-10-12,48434.95,27817.54,611721.51,632338.92,20617.41,2,0,15,0.01014,130373.88
C004,2022-10-13,52994.23,19676.88,632338.92,665656.27,33317.35,3,0,16,0.008273,112120.92
C004,2022-10-14,22917.32,10440.37,665656.27,678133.22,12476.95,4,1,17,0.006644,123147.01
C004,2022-10-15,26532.63,84108.46,678133.22,620557.39,-57575.83,5,1,18,0.005185,204828.93
C004,2022-10-16,49989.06,22989.78,620557.39,647556.67,26999.28,6,0,19,0.003829,212369.07
C004,2022-10-17,53004.5,29745.96,647556.67,670815.21,23258.54,0,0,20,0.002503,210291.2
C004,2022-10-18,56636.92,20763.14,670815.21,706688.99,35873.78,1,0,21,0.001125,208434.54
C004,2022-10-19,50571.59,29111.21,706688.99,728149.37,21460.38,2,0,22,-0.000405,199323.07
C004,2022-10-20,48864.05,20676.16,728149.37,756337.26,28187.89,3,0,23,-0.002211,185917.68
C004,2022-10-21,20302.01,8986.57,756337.26,767652.7,11315.44,4,1,24,-0.004459,197800.81
C004,2022-10-22,27790.72,12480.29,767652.7,782963.13,15310.43,5,1,25,-0.007368,207134.49
C004,2022-10-23,50855.19,25540.64,782963.13,808277.68,25314.55,6,0,26,-0.011237,209039.56
C004,2022-10-24,48973.01,30566.52,808277.68,826684.17,18406.49,0,0,27,-0.016478,218754.17
C004,2022-10-25,51900.88,23342.64,826684.17,855242.41,28558.24,1,0,28,-0.02366,219958.7
C004,2022-10-26,48139.63,27897.09,855242.41,875484.95,20242.54,2,0,29,-0.033573,211901.2
C004,2022-10-27,64468.5,370178.27,875484.95,569775.18,-305709.77,3,0,0,0.159998,532123.4
C004,2022-10-28,28881.64,10024.0,569775.18,588632.82,18857.64,4,1,1,0.133398,195780.83
C004,2022-10-29,31774.59,15050.64,588632.82,605356.77,16723.95,5,1,2,0.11122,202882.76
C004,2022-10-30,54612.12,29224.87,605356.77,630744.02,25387.25,6,0,3,0.092728,209765.18
C004,2022-10-31,53337.25,33274.45,630744.02,650806.82,20062.8,0,0,4,0.07731,214228.71
C004,2022-11-01,53260.62,95188.08,650806.82,608879.36,-41927.46,1,0,5,0.064454,214779.59
C004,2022-11-02,51641.94,32217.83,608879.36,628303.47,19424.11,2,0,6,0.053734,210798.1
C004,2022-11-03,52386.03,22255.48,628303.47,658434.02,30130.55,3,0,7,0.044795,195958.56
C004,2022-11-04,23461.26,10286.05,658434.02,671609.23,13175.21,4,1,8,0.037339,211275.72
C004,2022-11-05,28630.25,69033.3,671609.23,631206.18,-40403.05,5,1,9,0.031119,224242.47
C004,2022-11-06,52468.17,30261.91,631206.18,653412.44,22206.26,6,0,10,0.025928,230352.35
C004,2022-11-07,55042.96,30269.65,653412.44,678185.75,24773.31,0,0,11,0.021593,222394.46
C004,2022-11-08,59020.92,23205.3,678185.75,714001.37,35815.62,1,0,12,0.017969,218888.87
C004,2022-11-09,50854.49,28755.59,714001.37,736100.27,22098.9,2,0,13,0.014933,209504.22
C004,2022-11-10,59188.04,47335.84,736100.27,747952.47,11852.2,3,0,14,0.012384,185969.59
C004,2022-11-11,25255.78,10495.45,747952.47,762712.8,14760.33,4,1,15,0.010232,195813.74
C004,2022-11-12,28355.02,13290.63,762712.8,777777.19,15064.39,5,1,16,0.008401,201964.96
C004,2022-11-13,50253.93,26750.89,777777.19,801280.23,23503.04,6,0,17,0.006822,209706.23
C004,2022-11-14,54682.36,30576.27,801280.23,825386.32,24106.09,0,0,18,0.005435,209924.1
C004,2022-11-15,55921.44,21382.02,825386.32,859925.74,34539.42,1,0,19,0.004177,206526.03
C004,2022-11-16,51133.13,29952.46,859925.74,881106.41,21180.67,2,0,20,0.002989,198442.43
C004,2022-11-17,53131.59,19114.47,881106.41,915123.53,34017.12,3,0,21,0.001802,176803.59
C004,2022-11-18,22422.19,10073.28,915123.53,927472.44,12348.91,4,1,22,0.000541,183754.1
C004,2022-11-19,28044.57,13262.07,927472.44,942254.94,14782.5,5,1,23,-0.000892,185582.32
C004,2022-11-20,50724.67,27526.1,942254.94,965453.51,23198.57,6,0,24,-0.002618,193295.6
C004,2022-11-21,54899.82,30255.71,965453.51,990097.62,24644.11,0,0,25,-0.004798,188336.98
C004,2022-11-22,49115.13,21895.51,990097.62,1017317.24,27219.62,1,0,26,-0.00765,189139.77
C004,2022-11-23,56809.61,28688.51,1017317.24,1045438.34,28121.1,2,0,27,-0.011472,172174.94
C004,2022-11-24,51289.94,21527.17,1045438.34,1075201.11,29762.77,3,0,28,-0.016674,155849.1
C004,2022-11-25,22023.33,9838.29,1075201.11,1087386.15,12185.04,4,1,29,-0.023823,166367.47
C004,2022-11-26,27716.2,13203.77,1087386.15,1101898.58,14512.43,5,1,30,-0.033709,169694.72
C004,2022-11-27,58446.57,375931.5,1101898.58,784413.65,-317484.93,6,0,0,0.159998,167124.16
C004,2022-11-28,55702.07,31876.19,784413.65,808239.53,23825.88,0,0,1,0.133397,167719.89
C004,2022-11-29,53732.71,21463.04,808239.53,840509.2,32269.67,1,0,2,0.111219,173677.98
C004,2022-11-30,54344.96,29818.63,840509.2,865035.53,24526.33,2,0,3,0.092727,163498.65
C004,2022-12-01,55948.82,97325.4,865035.53,823658.95,-41376.58,3,0,4,0.077308,220179.75
C004,2022-12-02,25601.88,10159.26,823658.95,839101.57,15442.62,4,1,5,0.064451,152294.87
C004,2022-12-03,30451.96,15160.95,839101.57,854392.58,15291.01,5,1,6,0.05373,158963.14
C004,2022-12-04,56007.31,27514.94,854392.58,882884.95,28492.37,6,0,7,0.044788,157655.25
C004,2022-12-05,56900.79,84337.09,882884.95,855448.65,-27436.3,0,0,8,0.03733,203173.96
C004,2022-12-06,50823.46,22507.32,855448.65,883764.79,28316.14,1,0,9,0.031106,157354.5
C004,2022-12-07,46239.7,29424.28,883764.79,900580.21,16815.42,2,0,10,0.02591,152345.08
C004,2022-12-08,54010.87,21700.84,900580.21,932890.24,32310.03,3,0,11,0.021568,134795.99
C004,2022-12-09,22177.63,9463.38,932890.24,945604.49,12714.25,4,1,12,0.017935,148440.66
C004,2022-12-10,29172.77,40855.2,945604.49,933922.06,-11682.43,5,1,13,0.014886,179657.47
C004,2022-12-11,49944.89,25340.41,933922.06,958526.54,24604.48,6,0,14,0.012318,156699.39
C004,2022-12-12,52759.24,31543.63,958526.54,979742.15,21215.61,0,0,15,0.01014,151934.9
C004,2022-12-13,53594.64,22350.33,979742.15,1010986.46,31244.31,1,0,16,0.008273,149408.07
C004,2022-12-14,51159.92,26835.96,1010986.46,1035310.42,24323.96,2,0,17,0.006644,136942.76
C004,2022-12-15,52486.93,21345.58,1035310.42,1066451.77,31141.35,3,0,18,0.005185,121207.91
C004,2022-12-16,22849.76,9752.69,1066451.77,1079548.84,13097.07,4,1,19,0.003829,64692.33
C004,2022-12-17,24991.72,12613.44,1079548.84,1091927.12,12378.28,5,1,20,0.002503,73751.49
C004,2022-12-18,47953.15,28653.73,1091927.12,1111226.54,19299.42,6,0,21,0.001125,82832.24
C004,2022-12-19,49351.39,32740.67,1111226.54,1127837.26,16610.72,0,0,22,-0.000405,86108.51
C004,2022-12-20,51889.39,20977.54,1127837.26,1158749.11,30911.85,1,0,23,-0.002211,79853.86
C004,2022-12-21,49500.32,29814.83,1158749.11,1178434.6,19685.49,2,0,24,-0.004459,69360.66
C004,2022-12-22,47401.33,19378.92,1178434.6,1206457.01,28022.41,3,0,25,-0.007368,53913.04
C004,2022-12-23,20501.64,9345.37,1206457.01,1217613.28,11156.27,4,1,26,-0.011237,71190.84
C004,2022-12-24,26451.37,13014.44,1217613.28,1231050.21,13436.93,5,1,27,-0.016478,71213.75
C004,2022-12-25,48180.85,25477.44,1231050.21,1253753.62,22703.41,6,0,28,-0.02366,72193.2
C004,2022-12-26,46638.64,28798.96,1253753.62,1271593.3,17839.68,0,0,29,-0.033573,76532.3
C004,2022-12-27,55281.49,375336.98,1271593.3,951537.81,-320055.49,1,0,0,0.159998,421181.18
C004,2022-12-28,51039.35,26617.74,951537.81,975959.42,24421.61,2,0,1,0.133398,41831.22
C004,2022-12-29,57512.64,19284.88,975959.42,1014187.18,38227.76,3,0,2,0.11122,22274.53
C004,2022-12-30,23276.84,8929.84,1014187.18,1028534.18,14347.0,4,1,3,0.092728,41361.92
C004,2022-12-31,28747.97,13443.45,1028534.18,1043838.7,15304.52,5,1,4,0.07731,57756.58
C004,2023-01-01,50136.32,102578.58,1043838.7,991396.44,-52442.26,6,0,5,0.064454,142671.16
C004,2023-01-02,51880.9,29921.62,991396.44,1013355.72,21959.28,0,0,6,0.053734,55888.01
C004,2023-01-03,47155.93,19971.45,1013355.72,1040540.2,27184.48,1,0,7,0.044795,61319.91
C004,2023-01-04,49754.34,31671.93,1040540.2,1058622.61,18082.41,2,0,8,0.037339,55082.44
C004,2023-01-05,52152.19,69655.51,1058622.61,1041119.29,-17503.32,3,0,9,0.031119,87224.32
C004,2023-01-06,21211.05,9405.05,1041119.29,1052925.29,11806.0,4,1,10,0.025928,-37857.71
C004,2023-01-07,28469.09,13708.15,1052925.29,1067686.23,14760.94,5,1,11,0.021593,-29148.09
C004,2023-01-08,53770.63,27411.71,1067686.23,1094045.15,26358.92,6,0,12,0.017969,-27405.29
C004,2023-01-09,49558.78,30024.4,1094045.15,1113579.53,19534.38,0,0,13,0.014933,-25466.74
C004,2023-01-10,51369.17,49722.77,1113579.53,1115225.93,1646.4,1,0,14,0.012384,6617.69
C004,2023-01-11,46781.83,30330.71,1115225.93,1131677.05,16451.12,2,0,15,0.010232,-25901.15
C004,2023-01-12,50667.42,21949.94,1131677.05,1160394.53,28717.48,3,0,16,0.008401,-39601.29
C004,2023-01-13,21380.62,9521.97,1160394.53,1172253.18,11858.65,4,1,17,0.006822,-28042.62
C004,2023-01-14,27451.33,12044.83,1172253.18,1187659.68,15406.5,5,1,18,0.005435,-26639.47
C004,2023-01-15,53985.22,97403.73,1187659.68,1144241.17,-43418.51,6,0,19,0.004177,40699.37
C004,2023-01-16,54548.38,33110.94,1144241.17,1165678.61,21437.44,0,0,20,0.002989,32495.53
C004,2023-01-17,48176.44,19796.27,1165678.61,1194058.78,28380.17,1,0,21,0.001802,29039.43
C004,2023-01-18,47315.42,27428.43,1194058.78,1213945.77,19886.99,2,0,22,0.000541,21273.44
C004,2023-01-19,46044.84,21387.64,1213945.77,1238602.97,24657.2,3,0,23,-0.000892,11478.06
C004,2023-01-20,19989.11,10796.82,1238602.97,1247795.26,9192.29,4,1,24,-0.002618,25046.3
C004,2023-01-21,24856.23,12281.44,1247795.26,1260370.05,12574.79,5,1,25,-0.004798,37573.42
C004,2023-01-22,50923.14,22489.07,1260370.05,1288804.12,28434.07,6,0,26,-0.00765,37718.21
C004,2023-01-23,46256.85,32797.01,1288804.12,1302263.96,13459.84,0,0,27,-0.011472,40417.66
C004,2023-01-24,44410.14,20727.28,1302263.96,1325946.82,23682.86,1,0,28,-0.016674,40949.54
C004,2023-01-25,46378.6,24199.82,1325946.82,1348125.6,22178.78,2,0,29,-0.023823,29241.43
C004,2023-01-26,44042.53,19449.14,1348125.6,1372718.99,24593.39,3,0,30,-0.033709,18068.44
C004,2023-01-27,26513.34,381441.69,1372718.99,1017790.64,-354928.35,4,1,0,0.159998,393208.64
C004,2023-01-28,30997.97,12326.9,1017790.64,1036461.71,18671.07,5,1,1,0.133398,19050.36
C004,2023-01-29,58156.23,24721.84,1036461.71,1069896.1,33434.39,6,0,2,0.11122,18684.92
C004,2023-01-30,59917.47,28218.29,1069896.1,1101595.28,31699.18,0,0,3,0.092728,-71701.39
C004,2023-01-31,53631.7,21159.38,1101595.28,1134067.6,32472.32,1,0,4,0.07731,-71771.72
C004,2023-02-01,48532.74,113356.61,1134067.6,1069243.73,-64823.87,2,0,5,0.064454,4913.9
C004,2023-02-02,52482.98,19866.6,1069243.73,1101860.11,32616.38,3,0,6,0.053734,-14868.62
C004,2023-02-03,21646.95,9802.01,1101860.11,1113705.05,11844.94,4,1,7,0.044795,-50246.16
C004,2023-02-04,29411.69,14773.13,1113705.05,1128343.61,14638.56,5,1,8,0.037339,-50339.27
C004,2023-02-05,55090.64,168366.67,1128343.61,1015067.58,-113276.03,6,0,9,0.031119,89313.36
C004,2023-02-06,54150.82,30680.26,1015067.58,1038538.14,23470.56,0,0,10,0.025928,74428.12
C004,2023-02-07,50150.28,22048.56,1038538.14,1066639.86,28101.72,1,0,11,0.021593,70399.34
C004,2023-02-08,50215.25,28742.32,1066639.86,1088112.79,21472.93,2,0,12,0.017969,29168.86
C004,2023-02-09,52249.37,18518.54,1088112.79,1121843.62,33730.83,3,0,13,0.014933,4057.57
C004,2023-02-10,22259.0,38326.72,1121843.62,1105775.9,-16067.72,4,1,14,0.012384,36474.53
C004,2023-02-11,27658.25,12640.91,1105775.9,1120793.24,15017.34,5,1,15,0.010232,32908.23
C004,2023-02-12,51166.27,27748.95,1120793.24,1144210.56,23417.32,6,0,16,0.008401,28311.21
C004,2023-02-13,46346.6,29536.95,1144210.56,1161020.21,16809.65,0,0,17,0.006822,23749.42
C004,2023-02-14,45879.22,21958.89,1161020.21,1184940.54,23920.33,1,0,18,0.005435,29434.06
C004,2023-02-15,42567.65,29334.05,1184940.54,1198174.14,13233.6,2,0,19,0.004177,27576.76
C004,2023-02-16,45763.23,20839.16,1198174.14,1223098.21,24924.07,3,0,20,0.002989,14063.16
C004,2023-02-17,21358.04,9237.04,1223098.21,1235219.21,12121.0,4,1,21,0.001802,28926.37
C004,2023-02-18,27668.26,12806.44,1235219.21,1250081.03,14861.82,5,1,22,0.000541,31237.8
C004,2023-02-19,46997.04,24236.51,1250081.03,1272841.56,22760.53,6,0,23,-0.000892,29089.28
C004,2023-02-20,52553.93,27452.02,1272841.56,1297943.47,25101.91,0,0,24,-0.002618,12740.75
C004,2023-02-21,48955.76,20376.9,1297943.47,1326522.33,28578.86,1,0,25,-0.004798,2060.22
C004,2023-02-22,43450.69,27291.4,1326522.33,1342681.62,16159.29,2,0,26,-0.00765,-5818.2
C004,2023-02-23,46193.96,21979.22,1342681.62,1366896.36,24214.74,3,0,27,-0.011472,-18502.99
C004,2023-02-24,20218.17,9747.5,1366896.36,1377367.03,10470.67,4,1,28,-0.016674,-16766.6
C004,2023-02-25,26168.63,12748.23,1377367.03,1390787.43,13420.4,5,1,29,-0.023823,-375818.84
C004,2023-02-26,48684.11,28472.26,1390787.43,1410999.28,20211.85,6,0,30,-0.033709,-365313.52
C004,2023-02-27,55463.58,410950.79,1410999.28,1055512.07,-355487.21,0,0,0,0.159996,12862.36
C004,2023-02-28,52213.75,19144.8,1055512.07,1088581.02,33068.95,1,0,1,0.133395,5349.36
C004,2023-03-01,49228.63,107915.76,1088581.02,1029893.89,-58687.13,2,0,2,0.111215,74093.5
C004,2023-03-02,53908.93,21506.94,1029893.89,1062295.88,32401.99,3,0,3,0.092721,-22159.1
C004,2023-03-03,21928.43,10066.68,1062295.88,1074157.63,11861.75,4,1,4,0.0773,-9724.88
C004,2023-03-04,27826.96,14993.1,1074157.63,1086991.49,12833.86,5,1,5,0.06444,-8367.08
C004,2023-03-05,55552.33,79084.93,1086991.49,1063458.89,-23532.6,6,0,6,0.053714,36117.99
C004,2023-03-06,52912.89,38367.44,1063458.89,1078004.34,14545.45,0,0,7,0.044767,-17937.91
C004,2023-03-07,50825.39,24448.79,1078004.34,1104380.94,26376.6,1,0,8,0.0373,-24148.35
C004,2023-03-08,43805.71,35220.39,1104380.94,1112966.26,8585.32,2,0,9,0.031065,-23976.31
C004,2023-03-09,48965.0,24892.06,1112966.26,1137039.2,24072.94,3,0,10,0.025852,-36595.33
C004,2023-03-10,20067.95,39825.5,1137039.2,1117281.65,-19757.55,4,1,11,0.021488,3840.95
C004,2023-03-11,24399.94,15780.4,1117281.65,1125901.19,8619.54,5,1,12,0.017822,-15252.5
C004,2023-03-12,48212.63,31863.39,1125901.19,1142250.43,16349.24,6,0,13,0.014729,-10117.43
C004,2023-03-13,48781.15,37330.11,1142250.43,1153701.47,11451.04,0,0,14,0.012099,-8289.43
C004,2023-03-14,45375.22,26554.92,1153701.47,1172521.77,18820.3,1,0,15,0.009834,-4447.92
C004,2023-03-15,45348.74,33100.88,1172521.77,1184769.63,12247.86,2,0,16,0.007845,-8009.2
C004,2023-03-16,51473.97,21869.0,1184769.63,1214374.6,29604.97,3,0,17,0.006047,-100493.67
C004,2023-03-17,21506.07,10129.77,1214374.6,1225750.9,11376.3,4,1,18,0.004352,-96169.69
C004,2023-03-18,26121.18,14710.71,1225750.9,1237161.37,11410.47,5,1,19,0.002666,-91531.06
C004,2023-03-19,54144.53,27160.32,1237161.37,1264145.58,26984.21,6,0,20,0.00088,-97393.61
C004,2023-03-20,45212.77,28039.52,1264145.58,1281318.83,17173.25,0,0,21,-0.00114,-109258.87
C004,2023-03-21,41676.27,21064.26,1281318.83,1301930.84,20612.01,1,0,22,-0.003566,-120302.98
C004,2023-03-22,38621.76,29868.38,1301930.84,1310684.22,8753.38,2,0,23,-0.006623,-126798.76
C004,2023-03-23,37851.79,19953.46,1310684.22,1328582.55,17898.33,3,0,24,-0.010616,-139308.0
C004,2023-03-24,16817.76,8536.89,1328582.55,1336863.42,8280.87,4,1,25,-0.01596,-132714.85
C004,2023-03-25,22732.85,11202.9,1336863.42,1348393.37,11529.95,5,1,26,-0.023228,-127869.4
C004,2023-03-26,38480.12,26273.06,1348393.37,1360600.43,12207.06,6,0,27,-0.033213,-116426.67
C004,2023-03-27,47281.18,392913.02,1360600.43,1014968.59,-345631.84,0,0,0,0.159998,248008.77
C004,2023-03-28,48776.18,18059.01,1014968.59,1045685.76,30717.17,1,0,1,0.133398,-115232.52
C004,2023-03-29,47083.74,24395.07,1045685.76,1068374.43,22688.67,2,0,2,0.11122,-123810.88
C004,2023-03-30,44340.12,18784.17,1068374.43,1093930.38,25555.95,3,0,3,0.092728,-135409.65
C004,2023-03-31,19269.53,9212.52,1093930.38,1103987.39,10057.01,4,1,4,0.07731,-120084.53
C004,2023-04-01,26697.64,90548.25,1103987.39,1040136.78,-63850.61,5,1,5,0.064454,-112457.43
C004,2023-04-02,47906.43,23610.46,1040136.78,1064432.75,24295.97,6,0,6,0.053734,-107957.56
C004,2023-04-03,42479.72,28288.06,1064432.75,1078624.41,14191.66,0,0,7,0.044795,-102868.53
C004,2023-04-04,42101.17,21148.7,1078624.41,1099576.88,20952.47,1,0,8,0.037339,-90823.15
C004,2023-04-05,38703.83,78214.28,1099576.88,1060066.43,-39510.45,2,0,9,0.031119,-86358.22
C004,2023-04-06,39117.45,18951.29,1060066.43,1080232.59,20166.16,3,0,10,0.025928,-93460.04
C004,2023-04-07,17483.39,8726.03,1080232.59,1088989.95,8757.36,4,1,11,0.021593,-74985.58
C004,2023-04-08,23011.27,11557.35,1088989.95,1100443.87,11453.92,5,1,12,0.017969,-68287.61
C004,2023-04-09,46347.8,25669.07,1100443.87,1121122.6,20678.73,6,0,13,0.014933,-62228.04
C004,2023-04-10,42819.09,53293.0,1121122.6,1110648.69,-10473.91,0,0,14,0.012384,-64607.99
C004,2023-04-11,39507.72,18023.41,1110648.69,1132133.0,21484.31,1,0,15,0.010232,-59174.77
C004,2023-04-12,38037.29,24758.25,1132133.0,1145412.04,13279.04,2,0,16,0.008401,-60857.45
C004,2023-04-13,40585.9,17924.09,1145412.04,1168073.85,22661.81,3,0,17,0.006822,-72064.63
C004,2023-04-14,17944.04,9257.46,1168073.85,1176760.43,8686.58,4,1,18,0.005435,-60432.37
C004,2023-04-15,21998.18,84877.68,1176760.43,1113880.93,-62879.5,5,1,19,0.004177,22803.02
C004,2023-04-16,39740.46,24040.18,1113880.93,1129581.21,15700.28,6,0,20,0.002989,31271.39
C004,2023-04-17,39949.44,23900.34,1129581.21,1145630.31,16049.1,0,0,21,0.001802,26898.35
C004,2023-04-18,37875.41,16753.75,1145630.31,1166751.97,21121.66,1,0,22,0.000541,30666.04
C004,2023-04-19,30218.87,24910.88,1166751.97,1172059.96,5307.99,2,0,23,-0.000892,36910.1
C004,2023-04-20,27702.22,18134.32,1172059.96,1181627.86,9567.9,3,0,24,-0.002618,36976.1
C004,2023-04-21,10499.13,8241.53,1181627.86,1183885.46,2257.6,4,1,25,-0.004798,56367.07
C004,2023-04-22,15768.11,10379.02,1183885.46,1189274.55,5389.09,5,1,26,-0.00765,67549.66
C004,2023-04-23,32188.5,17314.48,1189274.55,1204148.57,14874.02,6,0,27,-0.011472,80174.41
C004,2023-04-24,38743.81,22368.41,1204148.57,1220523.97,16375.4,0,0,28,-0.016674,78353.16
C004,2023-04-25,39679.3,16029.51,1220523.97,1244173.76,23649.79,1,0,29,-0.023823,76733.18
C004,2023-04-26,38710.21,19906.61,1244173.76,1262977.36,18803.6,2,0,30,-0.033709,65362.22
C004,2023-04-27,51797.82,384321.94,1262977.36,930453.24,-332524.12,3,0,0,0.159998,46225.55
C004,2023-04-28,21593.41,7483.1,930453.24,944563.55,14110.31,4,1,1,0.133397,62198.73
C004,2023-04-29,26104.16,12146.98,944563.55,958520.73,13957.18,5,1,2,0.111219,72744.29
C004,2023-04-30,48054.78,22672.65,958520.73,983902.86,25382.13,6,0,3,0.092727,85361.3
C004,2023-05-01,49523.58,105747.09,983902.86,927679.35,-56223.51,0,0,4,0.077308,160758.78
C004,2023-05-02,48609.24,19813.4,927679.35,956475.19,28795.84,1,0,5,0.064451,82892.88
C004,2023-05-03,49176.36,29895.67,956475.19,975755.88,19280.69,2,0,6,0.05373,75683.08
C004,2023-05-04,53529.8,20531.95,975755.88,1008753.73,32997.85,3,0,7,0.044788,56419.88
C004,2023-05-05,23723.66,58769.18,1008753.73,973708.21,-35045.52,4,1,8,0.03733,111070.38
C004,2023-05-06,26360.76,13296.42,973708.21,986772.55,13064.34,5,1,9,0.031106,64830.04
C004,2023-05-07,52213.43,24981.61,986772.55,1014004.37,27231.82,6,0,10,0.02591,60726.93
C004,2023-05-08,49682.18,31530.29,1014004.37,1032156.26,18151.89,0,0,11,0.021568,54843.53
C004,2023-05-09,47077.3,20339.0,1032156.26,1058894.56,26738.3,1,0,12,0.017935,57362.83
C004,2023-05-10,43723.37,56577.23,1058894.56,1046040.7,-12853.86,2,0,13,0.014886,81808.14
C004,2023-05-11,47312.37,20394.84,1046040.7,1072958.23,26917.53,3,0,14,0.012318,32948.87
C004,2023-05-12,20635.11,9038.75,1072958.23,1084554.59,11596.36,4,1,15,0.01014,46876.64
C004,2023-05-13,23828.93,12374.3,1084554.59,1096009.22,11454.63,5,1,16,0.008273,54779.06
C004,2023-05-14,46619.29,26300.45,1096009.22,1116328.06,20318.84,6,0,17,0.006644,57968.58
C004,2023-05-15,48449.08,28093.19,1116328.06,1136683.95,20355.89,0,0,18,0.005185,48661.25
C004,2023-05-16,44762.11,20593.46,1136683.95,1160852.6,24168.65,1,0,19,0.003829,49593.47
C004,2023-05-17,43027.81,31351.75,1160852.6,1172528.66,11676.06,2,0,20,0.002503,45829.87
C004,2023-05-18,44781.46,19892.11,1172528.66,1197418.01,24889.35,3,0,21,0.001125,31092.86
C004,2023-05-19,20553.17,9001.12,1197418.01,1208970.06,11552.05,4,1,22,-0.000405,41733.64
C004,2023-05-20,22958.62,13324.72,1208970.06,1218603.96,9633.9,5,1,23,-0.002211,48963.91
C004,2023-05-21,43921.31,22272.74,1218603.96,1240252.53,21648.57,6,0,24,-0.004459,51914.13
C004,2023-05-22,45192.35,28620.67,1240252.53,1256824.21,16571.68,0,0,25,-0.007368,51195.88
C004,2023-05-23,46738.7,19239.93,1256824.21,1284322.98,27498.77,1,0,26,-0.011237,52450.02
C004,2023-05-24,43277.69,28723.54,1284322.98,1298877.13,14554.15,2,0,27,-0.016478,48349.92
C004,2023-05-25,43077.66,21047.85,1298877.13,1320906.94,22029.81,3,0,28,-0.02366,37395.29
C004,2023-05-26,16541.34,9108.7,1320906.94,1328339.58,7432.64,4,1,29,-0.033573,49732.63
C004,2023-05-27,27325.16,378985.95,1328339.58,976678.79,-351660.79,5,1,0,0.159998,412897.26
C004,2023-05-28,53116.7,23033.21,976678.79,1006762.28,30083.49,6,0,1,0.133398,38046.66
C004,2023-05-29,54419.65,29916.91,1006762.28,1031265.02,24502.74,0,0,2,0.11122,24606.59
C004,2023-05-30,57327.28,19328.14,1031265.02,1069264.16,37999.14,1,0,3,0.092728,4958.26
C004,2023-05-31,45135.93,25961.96,1069264.16,1088438.13,19173.97,2,0,4,0.07731,-5847.55
C004,2023-06-01,49895.96,98966.02,1088438.13,1039368.07,-49070.06,3,0,5,0.064454,-26458.0
C004,2023-06-02,22239.3,10168.41,1039368.07,1051438.96,12070.89,4,1,6,0.053734,-17507.36
C004,2023-06-03,26598.69,12864.04,1051438.96,1065173.61,13734.65,5,1,7,0.044795,-12165.31
C004,2023-06-04,47879.12,28274.14,1065173.61,1084778.59,19604.98,6,0,8,0.037339,-6628.91
C004,2023-06-05,43635.86,76811.86,1084778.59,1051602.59,-33176.0,0,0,9,0.031119,-1692.01
C004,2023-06-06,43975.95,20847.24,1051602.59,1074731.3,23128.71,1,0,10,0.025928,-469.13
C004,2023-06-07,41174.8,28906.31,1074731.3,1086999.79,12268.49,2,0,11,0.021593,-2578.49
C004,2023-06-08,47648.67,18391.07,1086999.79,1116257.39,29257.6,3,0,12,0.017969,-21009.34
C004,2023-06-09,21065.77,9474.32,1116257.39,1127848.84,11591.45,4,1,13,0.014933,-18386.26
C004,2023-06-10,25959.74,47901.48,1127848.84,1105907.1,-21941.74,5,1,14,0.012384,-14163.37
C004,2023-06-11,47455.61,21931.48,1105907.1,1131431.23,25524.13,6,0,15,0.010232,-16336.88
C004,2023-06-12,46030.49,26673.44,1131431.23,1150788.28,19357.05,0,0,16,0.008401,-19689.57
C004,2023-06-13,41579.06,18070.7,1150788.28,1174296.64,23508.36,1,0,17,0.006822,-18182.35
C004,2023-06-14,39435.3,28386.74,1174296.64,1185345.2,11048.56,2,0,18,0.005435,-15867.37
C004,2023-06-15,45189.71,20088.84,1185345.2,1210446.07,25100.87,3,0,19,0.004177,-100249.45
C004,2023-06-16,17344.11,9431.65,1210446.07,1218358.53,7912.46,4,1,20,0.002989,-81399.43
C004,2023-06-17,22596.21,12443.87,1218358.53,1228510.87,10152.34,5,1,21,0.001802,-71371.46
C004,2023-06-18,43848.28,21655.45,1228510.87,1250703.7,22192.83,6,0,22,0.000541,-70259.43
C004,2023-06-19,43797.32,26933.15,1250703.7,1267567.87,16864.17,0,0,23,-0.000892,-65596.19
C004,2023-06-20,41974.28,17375.49,1267567.87,1292166.66,24598.79,1,0,24,-0.002618,-63223.25
C004,2023-06-21,41403.83,25550.4,1292166.66,1308020.09,15853.43,2,0,25,-0.004798,-70303.76
C004,2023-06-22,47140.32,18387.41,1308020.09,1336773.0,28752.91,3,0,26,-0.00765,-91071.28
C004,2023-06-23,18962.77,8508.72,1336773.0,1347227.05,10454.05,4,1,27,-0.011472,-81607.08
C004,2023-06-24,22527.21,11452.03,1347227.05,1358302.23,11075.18,5,1,28,-0.016674,-73437.99
C004,2023-06-25,43689.72,23919.74,1358302.23,1378072.21,19769.98,6,0,29,-0.023823,-67219.8
C004,2023-06-26,40100.63,28596.79,1378072.21,1389576.05,11503.84,0,0,30,-0.033709,-66970.26
C004,2023-06-27,45385.82,390152.93,1389576.05,1044808.94,-344767.11,1,0,0,0.159998,-63929.22
C004,2023-06-28,38029.86,26967.19,1044808.94,1055871.61,11062.67,2,0,1,0.133397,-63636.89
C004,2023-06-29,37893.59,19542.78,1055871.61,1074222.42,18350.81,3,0,2,0.111219,-67218.4
C004,2023-06-30,16477.24,8109.08,1074222.42,1082590.58,8368.16,4,1,3,0.092727,-48525.38
C004,2023-07-01,22100.73,91781.24,1082590.58,1012910.07,-69680.51,5,1,4,0.077308,41652.98
C004,2023-07-02,44554.38,23532.85,1012910.07,1033931.6,21021.53,6,0,5,0.064451,-30819.51
C004,2023-07-03,45506.45,26429.75,1033931.6,1053008.3,19076.7,0,0,6,0.05373,-30491.52
C004,2023-07-04,44040.78,18899.4,1053008.3,1078149.68,25141.38,1,0,7,0.044788,-29242.35
C004,2023-07-05,44543.35,72782.45,1078149.68,1049910.58,-28239.1,2,0,8,0.03733,8903.51
C004,2023-07-06,43023.03,18671.44,1049910.58,1074262.17,24351.59,3,0,9,0.031106,-53378.8
C004,2023-07-07,19268.36,9109.23,1074262.17,1084421.3,10159.13,4,1,10,0.02591,-39392.4
C004,2023-07-08,22860.48,12033.73,1084421.3,1095248.05,10826.75,5,1,11,0.021568,-28131.06
C004,2023-07-09,41677.34,27462.81,1095248.05,1109462.58,14214.53,6,0,12,0.017935,-16854.96
C004,2023-07-10,46330.36,64049.21,1109462.58,1091743.73,-17718.85,0,0,13,0.014886,21104.54
C004,2023-07-11,41666.47,18315.85,1091743.73,1115094.35,23350.62,1,0,14,0.012318,-14152.42
C004,2023-07-12,41625.28,25620.92,1115094.35,1131098.71,16004.36,2,0,15,0.01014,-19228.26
C004,2023-07-13,43808.38,18792.8,1131098.71,1156114.29,25015.58,3,0,16,0.008273,-34106.04
C004,2023-07-14,22041.53,8677.99,1156114.29,1169477.83,13363.54,4,1,17,0.006644,-28199.21
C004,2023-07-15,26816.26,86097.47,1169477.83,1110196.62,-59281.21,5,1,18,0.005185,47569.83
C004,2023-07-16,51532.44,24769.96,1110196.62,1136959.1,26762.48,6,0,19,0.003829,44546.01
C004,2023-07-17,45831.11,25650.8,1136959.1,1157139.41,20180.31,0,0,20,0.002503,38963.67
C004,2023-07-18,43155.14,19850.28,1157139.41,1180444.27,23304.86,1,0,21,0.001125,42275.72
C004,2023-07-19,48576.43,27049.02,1180444.27,1201971.68,21527.41,2,0,22,-0.000405,33536.45
C004,2023-07-20,45072.56,18100.83,1201971.68,1228943.41,26971.73,3,0,23,-0.002211,18793.75
C004,2023-07-21,18122.43,9349.51,1228943.41,1237716.33,8772.92,4,1,24,-0.004459,33991.27
C004,2023-07-22,21714.0,13728.61,1237716.33,1245701.72,7985.39,5,1,25,-0.007368,43297.9
C004,2023-07-23,43908.66,23990.41,1245701.72,1265619.97,19918.25,6,0,26,-0.011237,53943.58
C004,2023-07-24,45693.36,26449.09,1265619.97,1284864.24,19244.27,0,0,27,-0.016478,54368.47
C004,2023-07-25,46258.94,20270.77,1284864.24,1310852.41,25988.17,1,0,28,-0.02366,56607.37
C004,2023-07-26,39664.64,27911.26,1310852.41,1322605.79,11753.38,2,0,29,-0.033573,57516.89
C004,2023-07-27,48883.81,390609.88,1322605.79,980879.72,-341726.07,3,0,0,0.159998,414969.87
C004,2023-07-28,21585.77,10230.77,980879.72,992234.72,11355.0,4,1,1,0.133398,65017.54
C004,2023-07-29,27347.83,12578.53,992234.72,1007004.02,14769.3,5,1,2,0.11122,84496.66
C004,2023-07-30,51690.39,24629.21,1007004.02,1034065.2,27061.18,6,0,3,0.092728,94904.55
C004,2023-07-31,48898.09,28400.24,1034065.2,1054563.05,20497.85,0,0,4,0.07731,105830.37
C004,2023-08-01,48931.17,100382.13,1054563.05,1003112.09,-51450.96,1,0,5,0.064454,195720.12
C004,2023-08-02,49388.94,29984.25,1003112.09,1022516.78,19404.69,2,0,6,0.053734,112011.16
C004,2023-08-03,45569.95,19179.4,1022516.78,1048907.33,26390.55,3,0,7,0.044795,103337.37
C004,2023-08-04,19724.29,9817.53,1048907.33,1058814.09,9906.76,4,1,8,0.037339,119038.75
C004,2023-08-05,24553.86,62484.58,1058814.09,1020883.37,-37930.72,5,1,9,0.031119,179251.82
C004,2023-08-06,49984.82,25839.29,1020883.37,1045028.9,24145.53,6,0,10,0.025928,132730.55
C004,2023-08-07,50205.1,28117.01,1045028.9,1067116.99,22088.09,0,0,11,0.021593,128785.87
C004,2023-08-08,48143.47,22652.84,1067116.99,1092607.62,25490.63,1,0,12,0.017969,134138.0
C004,2023-08-09,47944.52,27703.87,1092607.62,1112848.27,20240.65,2,0,13,0.014933,129713.98
C004,2023-08-10,47374.56,59280.9,1112848.27,1100941.93,-11906.34,3,0,14,0.012384,157774.13
C004,2023-08-11,20675.21,9746.69,1100941.93,1111870.45,10928.52,4,1,15,0.010232,145647.01
C004,2023-08-12,25503.93,15366.13,1111870.45,1122008.25,10137.8,5,1,16,0.008401,161388.94
C004,2023-08-13,49752.41,30482.04,1122008.25,1141278.62,19270.37,6,0,17,0.006822,167461.54
C004,2023-08-14,50771.74,34283.91,1141278.62,1157766.45,16487.83,0,0,18,0.005435,164407.9
C004,2023-08-15,46276.23,22537.57,1157766.45,1181505.11,23738.66,1,0,19,0.004177,164168.14
C004,2023-08-16,47402.27,32804.3,1181505.11,1196103.08,14597.97,2,0,20,0.002989,161322.53
C004,2023-08-17,50332.14,23715.23,1196103.08,1222719.99,26616.91,3,0,21,0.001802,150244.19
C004,2023-08-18,22558.51,9770.37,1222719.99,1235508.13,12788.14,4,1,22,0.000541,164791.5
C004,2023-08-19,25809.9,13580.87,1235508.13,1247737.16,12229.03,5,1,23,-0.000892,171406.85
C004,2023-08-20,53156.07,29185.63,1247737.16,1271707.6,23970.44,6,0,24,-0.002618,172739.6
C004,2023-08-21,50592.7,33300.68,1271707.6,1288999.62,17292.02,0,0,25,-0.004798,171620.82
C004,2023-08-22,52392.08,21828.15,1288999.62,1319563.55,30563.93,1,0,26,-0.00765,172597.89
C004,2023-08-23,51419.4,31750.24,1319563.55,1339232.71,19669.16,2,0,27,-0.011472,166537.23
C004,2023-08-24,51127.18,22900.11,1339232.71,1367459.78,28227.07,3,0,28,-0.016674,156117.86
C004,2023-08-25,23465.05,10802.15,1367459.78,1380122.68,12662.9,4,1,29,-0.023823,171854.92
C004,2023-08-26,29732.13,14005.22,1380122.68,1395849.59,15726.91,5,1,30,-0.033709,188770.18
C004,2023-08-27,66812.29,405409.62,1395849.59,1057252.26,-338597.33,6,0,0,0.159998,557816.53
C004,2023-08-28,68984.21,34735.79,1057252.26,1091500.68,34248.42,0,0,1,0.133398,180912.62
C004,2023-08-29,63858.13,26389.06,1091500.68,1128969.75,37469.07,1,0,2,0.11122,185309.28
C004,2023-08-30,64549.06,33125.39,1128969.75,1160393.42,31423.67,2,0,3,0.092728,172509.78
C004,2023-08-31,60241.32,21802.53,1160393.42,1198832.21,38438.79,3,0,4,0.07731,154149.95
C004,2023-09-01,27316.8,91621.07,1198832.21,1134527.94,-64304.27,4,1,5,0.064454,170867.3
C004,2023-09-02,33364.82,15648.06,1134527.94,1152244.7,17716.76,5,1,6,0.053734,175410.75
C004,2023-09-03,58577.07,32968.93,1152244.7,1177852.84,25608.14,6,0,7,0.044795,185922.3
C004,2023-09-04,57164.14,34881.79,1177852.84,1200135.19,22282.35,0,0,8,0.037339,188988.34
C004,2023-09-05,53494.49,75870.23,1200135.19,1177759.45,-22375.74,1,0,9,0.031119,194700.25
C004,2023-09-06,53083.08,34939.67,1177759.45,1195902.86,18143.41,2,0,10,0.025928,191587.22
C004,2023-09-07,54657.37,23814.61,1195902.86,1226745.62,30842.76,3,0,11,0.021593,174744.06
C004,2023-09-08,26384.5,10567.87,1226745.62,1242562.25,15816.63,4,1,12,0.017969,184393.65
C004,2023-09-09,31809.81,15656.0,1242562.25,1258716.06,16153.81,5,1,13,0.014933,195516.41
C004,2023-09-10,58990.45,60189.05,1258716.06,1257517.46,-1198.6,6,0,14,0.012384,199701.88
C004,2023-09-11,56743.27,30863.54,1257517.46,1283397.19,25879.73,0,0,15,0.010232,196986.56
C004,2023-09-12,51986.89,26643.92,1283397.19,1308740.16,25342.97,1,0,16,0.008401,200847.79
C004,2023-09-13,48978.84,35544.65,1308740.16,1322174.35,13434.19,2,0,17,0.006822,201317.69
C004,2023-09-14,50422.71,26923.81,1322174.35,1345673.25,23498.9,3,0,18,0.005435,195066.19
C004,2023-09-15,23507.45,11755.09,1345673.25,1357425.61,11752.36,4,1,19,0.004177,133080.67
C004,2023-09-16,31025.99,15487.42,1357425.61,1372964.18,15538.57,5,1,20,0.002989,139631.88
C004,2023-09-17,56344.29,29008.84,1372964.18,1400299.63,27335.45,6,0,21,0.001802,139214.05
C004,2023-09-18,53952.51,35108.13,1400299.63,1419144.01,18844.38,0,0,22,0.000541,139066.99
C004,2023-09-19,50608.66,25305.47,1419144.01,1444447.2,25303.19,1,0,23,-0.000892,144427.75
C004,2023-09-20,49210.51,33037.27,1444447.2,1460620.44,16173.24,2,0,24,-0.002618,142804.0
C004,2023-09-21,55385.42,23844.42,1460620.44,1492161.44,31541.0,3,0,25,-0.004798,125487.37
C004,2023-09-22,25121.65,11513.15,1492161.44,1505769.94,13608.5,4,1,26,-0.00765,134924.44
C004,2023-09-23,31790.49,13982.79,1505769.94,1523577.64,17807.7,5,1,27,-0.011472,137582.8
C004,2023-09-24,57232.48,28832.52,1523577.64,1551977.6,28399.96,6,0,28,-0.016674,137794.5
C004,2023-09-25,63460.74,30818.57,1551977.6,1584619.77,32642.17,0,0,29,-0.023823,130299.47
C004,2023-09-26,54063.7,23614.68,1584619.77,1615068.79,30449.02,1,0,30,-0.033709,129468.3
C004,2023-09-27,59592.56,402248.05,1615068.79,1272413.3,-342655.49,2,0,0,0.159998,120078.37
C004,2023-09-28,63696.71,21830.98,1272413.3,1314279.03,41865.73,3,0,1,0.133397,100079.52
C004,2023-09-29,29289.36,10665.19,1314279.03,1332903.2,18624.17,4,1,2,0.111219,113903.39
C004,2023-09-30,34211.99,14133.03,1332903.2,1352982.16,20078.96,5,1,3,0.092727,121058.08
C004,2023-10-01,64042.19,111629.11,1352982.16,1305395.24,-47586.92,6,0,4,0.077308,154862.37
C004,2023-10-02,55896.91,33636.7,1305395.24,1327655.45,22260.21,0,0,5,0.064451,74552.58
C004,2023-10-03,57679.09,21559.4,1327655.45,1363775.14,36119.69,1,0,6,0.05373,71366.29
C004,2023-10-04,57377.69,32029.3,1363775.14,1389123.53,25348.39,2,0,7,0.044788,60147.55
C004,2023-10-05,56999.68,73663.51,1389123.53,1372459.7,-16663.83,3,0,8,0.03733,90858.54
C004,2023-10-06,24916.16,9885.78,1372459.7,1387490.08,15030.38,4,1,9,0.031106,54401.36
C004,2023-10-07,28070.4,14070.8,1387490.08,1401489.68,13999.6,5,1,10,0.02591,66961.37
C004,2023-10-08,54980.9,29514.68,1401489.68,1426955.9,25466.22,6,0,11,0.021568,77287.51
C004,2023-10-09,59148.9,31872.33,1426955.9,1454232.47,27276.57,0,0,12,0.017935,66927.59
C004,2023-10-10,56705.37,53718.5,1454232.47,1457219.34,2986.87,1,0,13,0.014886,98146.35
C004,2023-10-11,52111.29,28946.88,1457219.34,1480383.75,23164.41,2,0,14,0.012318,60178.88
C004,2023-10-12,52603.83,23399.63,1480383.75,1509587.95,29204.2,3,0,15,0.01014,45886.6
C004,2023-10-13,23601.47,9697.38,1509587.95,1523492.04,13904.09,4,1,16,0.008273,60656.97
C004,2023-10-14,31575.0,14327.6,1523492.04,1540739.44,17247.4,5,1,17,0.006644,67408.11
C004,2023-10-15,54172.64,104405.8,1540739.44,1490506.28,-50233.16,6,0,18,0.005185,147990.99
C004,2023-10-16,53879.53,31789.75,1490506.28,1512596.06,22089.78,0,0,19,0.003829,146013.15
C004,2023-10-17,50862.27,23944.65,1512596.06,1539513.68,26917.62,1,0,20,0.002503,156227.45
C004,2023-10-18,48009.93,29312.61,1539513.68,1558211.0,18697.32,2,0,21,0.001125,152223.14
C004,2023-10-19,53264.72,22600.77,1558211.0,1588874.95,30663.95,3,0,22,-0.000405,134845.6
C004,2023-10-20,24679.75,10130.26,1588874.95,1603424.44,14549.49,4,1,23,-0.002211,149301.64
C004,2023-10-21,29107.73,14883.36,1603424.44,1617648.81,14224.37,5,1,24,-0.004459,159034.23
C004,2023-10-22,50609.49,27563.92,1617648.81,1640694.38,23045.57,6,0,25,-0.007368,168337.84
C004,2023-10-23,54520.76,34054.7,1640694.38,1661160.44,20466.06,0,0,26,-0.011237,165372.07
C004,2023-10-24,49450.77,20839.11,1661160.44,1689772.1,28611.66,1,0,27,-0.016478,166597.86
C004,2023-10-25,53993.71,28846.57,1689772.1,1714919.24,25147.14,2,0,28,-0.02366,155831.98
C004,2023-10-26,52804.19,23186.34,1714919.24,1744537.09,29617.85,3,0,29,-0.033573,144086.15
C004,2023-10-27,29330.74,381376.16,1744537.09,1392491.67,-352045.42,4,1,0,0.159998,525935.0
C004,2023-10-28,36178.8,14311.92,1392491.67,1414358.55,21866.88,5,1,1,0.133398,166193.06
C004,2023-10-29,60811.7,28363.66,1414358.55,1446806.59,32448.04,6,0,2,0.11122,171534.46
C004,2023-10-30,58605.44,31371.79,1446806.59,1474040.24,27233.65,0,0,3,0.092728,170083.75
C004,2023-10-31,58739.2,72521.83,1474040.24,1460257.61,-13782.63,1,0,4,0.07731,222449.26
C004,2023-11-01,56468.88,114518.46,1460257.61,1402208.03,-58049.58,2,0,5,0.064454,218288.7
C004,2023-11-02,56673.22,23739.82,1402208.03,1435141.43,32933.4,3,0,6,0.053734,205270.17
C004,2023-11-03,25638.88,11509.23,1435141.43,1449271.08,14129.65,4,1,7,0.044795,219046.27
C004,2023-11-04,29024.61,14977.45,1449271.08,1463318.24,14047.16,5,1,8,0.037339,226691.91
C004,2023-11-05,57778.54,79205.34,1463318.24,1441891.44,-21426.8,6,0,9,0.031119,229322.16
C004,2023-11-06,59334.29,32774.68,1441891.44,1468451.05,26559.61,0,0,10,0.025928,223933.57
C004,2023-11-07,57717.09,21924.73,1468451.05,1504243.41,35792.36,1,0,11,0.021593,226852.45
C004,2023-11-08,52023.0,35106.35,1504243.41,1521160.06,16916.65,2,0,12,0.017969,227076.42
C004,2023-11-09,55156.21,20950.58,1521160.06,1555365.69,34205.63,3,0,13,0.014933,211246.56
C004,2023-11-10,25032.73,39835.79,1555365.69,1540562.63,-14803.06,4,1,14,0.012384,224992.71
C004,2023-11-11,29814.3,14902.38,1540562.63,1555474.55,14911.92,5,1,15,0.010232,232542.53
C004,2023-11-12,57908.03,29233.57,1555474.55,1584149.01,28674.46,6,0,16,0.008401,234692.54
C004,2023-11-13,54670.24,30671.7,1584149.01,1608147.55,23998.54,0,0,17,0.006822,229513.77
C004,2023-11-14,53126.23,22776.51,1608147.55,1638497.27,30349.72,1,0,18,0.005435,226753.98
C004,2023-11-15,53760.32,33648.38,1638497.27,1658609.21,20111.94,2,0,19,0.004177,220458.84
C004,2023-11-16,58578.86,21446.94,1658609.21,1695741.13,37131.92,3,0,20,0.002989,199309.21
C004,2023-11-17,25070.17,10377.16,1695741.13,1710434.14,14693.01,4,1,21,0.001802,216010.1
C004,2023-11-18,29426.32,16139.91,1710434.14,1723720.55,13286.41,5,1,22,0.000541,230851.76
C004,2023-11-19,59823.56,30818.03,1723720.55,1752726.08,29005.53,6,0,23,-0.000892,231812.86
C004,2023-11-20,56547.2,32590.24,1752726.08,1776683.04,23956.96,0,0,24,-0.002618,229723.86
C004,2023-11-21,56757.2,24408.02,1776683.04,1809032.22,32349.18,1,0,25,-0.004798,230527.6
C004,2023-11-22,51305.07,33804.78,1809032.22,1826532.51,17500.29,2,0,26,-0.00765,224114.03
C004,2023-11-23,54029.42,24191.97,1826532.51,1856369.96,29837.45,3,0,27,-0.011472,207276.37
C004,2023-11-24,24940.23,10558.97,1856369.96,1870751.22,14381.26,4,1,28,-0.016674,210585.92
C004,2023-11-25,31812.7,13940.68,1870751.22,1888623.24,17872.02,5,1,29,-0.023823,210268.44
C004,2023-11-26,57953.82,28150.39,1888623.24,1918426.67,29803.43,6,0,30,-0.033709,207737.71
C004,2023-11-27,66151.3,404026.36,1918426.67,1580551.61,-337875.06,0,0,0,0.159998,193334.78
C004,2023-11-28,62157.9,24368.46,1580551.61,1618341.05,37789.44,1,0,1,0.133397,197693.37
C004,2023-11-29,57191.96,31409.02,1618341.05,1644123.99,25782.94,2,0,2,0.111219,186509.43
C004,2023-11-30,60895.51,22312.63,1644123.99,1682706.87,38582.88,3,0,3,0.092727,164172.4
C004,2023-12-01,27737.43,89947.57,1682706.87,1620496.73,-62210.14,4,1,4,0.077308,255978.21
C004,2023-12-02,35788.12,15873.25,1620496.73,1640411.6,19914.87,5,1,5,0.064451,177022.01
C004,2023-12-03,61158.22,33252.47,1640411.6,1668317.35,27905.75,6,0,6,0.05373,176682.86
C004,2023-12-04,59225.76,37532.96,1668317.35,1690010.15,21692.8,0,0,7,0.044788,179399.37
C004,2023-12-05,55663.11,74459.66,1690010.15,1671213.6,-18796.55,1,0,8,0.03733,226078.17
C004,2023-12-06,56589.67,35418.65,1671213.6,1692384.62,21171.02,2,0,9,0.031106,136518.3
C004,2023-12-07,59980.72,21269.48,1692384.62,1731095.86,38711.24,3,0,10,0.02591,110097.36
C004,2023-12-08,28473.44,11332.82,1731095.86,1748236.48,17140.62,4,1,11,0.021568,118576.53
C004,2023-12-09,33334.12,14958.35,1748236.48,1766612.25,18375.77,5,1,12,0.017935,123954.06
C004,2023-12-10,58321.24,59378.15,1766612.25,1765555.34,-1056.91,6,0,13,0.014886,153307.5
C004,2023-12-11,54781.25,32319.51,1765555.34,1788017.08,22461.74,0,0,14,0.012318,115972.76
C004,2023-12-12,55268.54,24444.07,1788017.08,1818841.55,30824.47,1,0,15,0.01014,112389.87
C004,2023-12-13,51081.11,32261.34,1818841.55,1837661.32,18819.77,2,0,16,0.008273,106388.14
C004,2023-12-14,50469.38,22879.45,1837661.32,1865251.25,27589.93,3,0,17,0.006644,90803.04
C004,2023-12-15,24954.32,11137.52,1865251.25,1879068.05,13816.8,4,1,18,0.005185,99565.76
C004,2023-12-16,30288.01,14305.72,1879068.05,1895050.34,15982.29,5,1,19,0.003829,28965.8
C004,2023-12-17,58658.05,27264.15,1895050.34,1926444.24,31393.9,6,0,20,0.002503,25189.81
C004,2023-12-18,59096.26,30968.19,1926444.24,1954572.31,28128.07,0,0,21,0.001125,16064.1
C004,2023-12-19,52271.61,22304.98,1954572.31,1984538.94,29966.63,1,0,22,-0.000405,17593.11
C004,2023-12-20,53035.6,31167.64,1984538.94,2006406.9,21867.96,2,0,23,-0.002211,8071.89
C004,2023-12-21,55598.09,22445.17,2006406.9,2039559.82,33152.92,3,0,24,-0.004459,-117782.85
C004,2023-12-22,22094.62,11007.9,2039559.82,2050646.54,11086.72,4,1,25,-0.007368,-101007.79
C004,2023-12-23,26468.63,13468.84,2050646.54,2063646.33,12999.79,5,1,26,-0.011237,-94508.13
C004,2023-12-24,47624.89,29934.08,2063646.33,2081337.14,17690.81,6,0,27,-0.016478,-85787.69
C004,2023-12-25,50525.11,32970.57,2081337.14,2098891.68,17554.54,0,0,28,-0.02366,-85776.6
C004,2023-12-26,49410.55,22137.85,2098891.68,2126164.38,27272.7,1,0,29,-0.033573,-87425.32
C004,2023-12-27,58028.35,410306.34,2126164.38,1773886.39,-352277.99,2,0,0,0.159998,275570.93
C004,2023-12-28,62635.45,20487.42,1773886.39,1816034.42,42148.03,3,0,1,0.133398,-143107.7
C004,2023-12-29,24413.64,9814.64,1816034.42,1830633.42,14599.0,4,1,2,0.11122,-129577.48
C004,2023-12-30,29710.03,13464.18,1830633.42,1846879.27,16245.85,5,1,3,0.092728,-121447.39
C004,2023-12-31,58524.42,28928.75,1846879.27,1876474.94,29595.67,6,0,4,0.07731,-115606.91
C004,2024-01-01,54014.15,113055.48,1876474.94,1817433.61,-59041.33,0,0,5,0.064454,-39931.39
C004,2024-01-02,52320.45,24753.85,1817433.61,1845000.21,27566.6,1,0,6,0.053734,-125284.71
C004,2024-01-03,56299.57,31890.26,1845000.21,1869409.52,24409.31,2,0,7,0.044795,-138944.61
C004,2024-01-04,53868.02,25985.77,1869409.52,1897291.77,27882.25,3,0,8,0.037339,-153977.68
C004,2024-01-05,24050.47,92439.32,1897291.77,1828902.92,-68388.85,4,1,9,0.031119,-61190.57
C004,2024-01-06,26840.27,14549.97,1828902.92,1841193.22,12290.3,5,1,10,0.025928,-226995.87
C004,2024-01-07,52552.97,26933.18,1841193.22,1866813.01,25619.79,6,0,11,0.021593,-220757.33
C004,2024-01-08,55303.43,31550.13,1866813.01,1890566.31,23753.3,0,0,12,0.017969,-222463.8
C004,2024-01-09,52432.88,24136.35,1890566.31,1918862.84,28296.53,1,0,13,0.014933,-217915.44
C004,2024-01-10,43862.19,58735.19,1918862.84,1903989.84,-14873.0,2,0,14,0.012384,-192588.51
C004,2024-01-11,49667.39,22425.81,1903989.84,1931231.42,27241.58,3,0,15,0.010232,-236878.0
C004,2024-01-12,22238.66,9420.62,1931231.42,1944049.46,12818.04,4,1,16,0.008401,-225045.31
C004,2024-01-13,26482.92,14478.09,1944049.46,1956054.29,12004.83,5,1,17,0.006822,-215728.04
C004,2024-01-14,50746.13,28166.61,1956054.29,1978633.81,22579.52,6,0,18,0.005435,-209969.02
C004,2024-01-15,54020.31,108637.98,1978633.81,1924016.14,-54617.67,0,0,19,0.004177,-136565.09
C004,2024-01-16,51538.19,23920.28,1924016.14,1951634.05,27617.91,1,0,20,0.002989,-139742.7
C004,2024-01-17,49903.81,30901.45,1951634.05,1970636.41,19002.36,2,0,21,0.001802,-149050.58
C004,2024-01-18,51550.06,20054.42,1970636.41,2002132.05,31495.64,3,0,22,0.000541,-168918.12
C004,2024-01-19,22113.85,9767.11,2002132.05,2014478.79,12346.74,4,1,23,-0.000892,-162878.51
C004,2024-01-20,29078.74,121780.56,2014478.79,1921776.97,-92701.82,5,1,24,-0.002618,-52977.25
C004,2024-01-21,51600.82,23739.04,1921776.97,1949638.75,27861.78,6,0,25,-0.004798,-53893.65
C004,2024-01-22,48875.2,29375.75,1949638.75,1969138.2,19499.45,0,0,26,-0.00765,-54047.74
C004,2024-01-23,47464.62,21053.37,1969138.2,1995549.45,26411.25,1,0,27,-0.011472,-51600.55
C004,2024-01-24,47413.04,29847.41,1995549.45,2013115.08,17565.63,2,0,28,-0.016674,-59596.06
C004,2024-01-25,47858.63,22234.65,2013115.08,2038739.06,25623.98,3,0,29,-0.023823,-79014.15
C004,2024-01-26,20430.89,9712.63,2038739.06,2049457.32,10718.26,4,1,30,-0.033709,-74556.08
C004,2024-01-27,32972.88,409503.48,2049457.32,1672926.72,-376530.6,5,1,0,0.159998,311905.08
C004,2024-01-28,55399.99,27270.77,1672926.72,1701055.94,28129.22,6,0,1,0.133398,-80594.0
C004,2024-01-29,55044.62,30668.68,1701055.94,1725431.88,24375.94,0,0,2,0.11122,-89364.61
C004,2024-01-30,54646.83,19210.68,1725431.88,1760868.03,35436.15,1,0,3,0.092728,-100469.11
C004,2024-01-31,49354.84,32720.65,1760868.03,1777502.22,16634.19,2,0,4,0.07731,-189527.83
C004,2024-02-01,50317.33,108104.05,1777502.22,1719715.5,-57786.72,3,0,5,0.064454,-121164.42
C004,2024-02-02,21378.18,10628.77,1719715.5,1730464.91,10749.41,4,1,6,0.053734,-111560.54
C004,2024-02-03,26705.66,13856.48,1730464.91,1743314.09,12849.18,5,1,7,0.044795,-116431.9
C004,2024-02-04,51312.47,26914.21,1743314.09,1767712.35,24398.26,6,0,8,0.037339,-201567.8
C004,2024-02-05,51319.38,204834.38,1767712.35,1614197.35,-153515.0,0,0,9,0.031119,-34099.64
C004,2024-02-06,53197.24,21338.91,1614197.35,1646055.68,31858.33,1,0,10,0.025928,-42882.13
C004,2024-02-07,49545.09,27498.26,1646055.68,1668102.51,22046.83,2,0,11,0.021593,-53001.31
C004,2024-02-08,51748.79,18903.9,1668102.51,1700947.4,32844.89,3,0,12,0.017969,-72266.87
C004,2024-02-09,20328.92,9874.99,1700947.4,1711401.33,10453.93,4,1,13,0.014933,-90643.31
C004,2024-02-10,26339.2,43387.11,1711401.33,1694353.42,-17047.91,5,1,14,0.012384,-59684.99
C004,2024-02-11,52574.25,27923.52,1694353.42,1719004.15,24650.73,6,0,15,0.010232,-61480.35
C004,2024-02-12,53133.26,31811.16,1719004.15,1740326.25,21322.1,0,0,16,0.008401,-72170.42
C004,2024-02-13,48960.16,20621.62,1740326.25,1768664.79,28338.54,1,0,17,0.006822,-79823.6
C004,2024-02-14,49184.15,30397.89,1768664.79,1787451.05,18786.26,2,0,18,0.005435,-91125.32
C004,2024-02-15,46370.27,21929.97,1787451.05,1811891.35,24440.3,3,0,19,0.004177,-142725.44
C004,2024-02-16,19735.47,10040.99,1811891.35,1821585.83,9694.48,4,1,20,0.002989,-134358.98
C004,2024-02-17,26452.47,14824.37,1821585.83,1833213.93,11628.1,5,1,21,0.001802,-132357.36
C004,2024-02-18,49170.49,30784.14,1833213.93,1851600.28,18386.35,6,0,22,0.000541,-130882.78
C004,2024-02-19,49921.63,32722.19,1851600.28,1868799.72,17199.44,0,0,23,-0.000892,-133375.87
C004,2024-02-20,48551.8,21606.42,1868799.72,1895745.1,26945.38,1,0,24,-0.002618,-141452.47
C004,2024-02-21,49731.7,30386.34,1895745.1,1915090.46,19345.36,2,0,25,-0.004798,-153444.97
C004,2024-02-22,51459.26,22600.82,1915090.46,1943948.9,28858.44,3,0,26,-0.00765,-172688.56
C004,2024-02-23,20948.45,11378.33,1943948.9,1953519.02,9570.12,4,1,27,-0.011472,-165630.13
C004,2024-02-24,22401.4,16195.51,1953519.02,1959724.91,6205.89,5,1,28,-0.016674,-158843.89
C004,2024-02-25,45641.36,30465.03,1959724.91,1974901.24,15176.33,6,0,29,-0.023823,-150079.85
C004,2024-02-26,50989.95,41059.39,1974901.24,1984831.8,9930.56,0,0,30,-0.033709,-528079.64
C004,2024-02-27,58633.99,423003.85,1984831.8,1620461.94,-364369.86,1,0,0,0.159997,-135890.78
C004,2024-02-28,53892.67,38287.34,1620461.94,1636067.27,15605.33,2,0,1,0.133396,-138930.16
C004,2024-02-29,49552.38,25220.73,1636067.27,1660398.92,24331.65,3,0,2,0.111217,-153183.15
C004,2024-03-01,22300.7,94725.23,1660398.92,1587974.39,-72424.53,4,1,3,0.092724,-56682.48
C004,2024-03-02,26692.79,16116.1,1587974.39,1598551.08,10576.69,5,1,4,0.077304,-134157.1
C004,2024-03-03,54215.79,33862.5,1598551.08,1618904.37,20353.29,6,0,5,0.064446,-131632.54
C004,2024-03-04,47401.64,39423.82,1618904.37,1626882.19,7977.82,0,0,6,0.053723,-128235.33
C004,2024-03-05,47868.18,108605.82,1626882.19,1566144.55,-60737.64,1,0,7,0.044779,-51951.59
C004,2024-03-06,48246.51,34293.35,1566144.55,1580097.71,13953.16,2,0,8,0.037317,-141978.83
C004,2024-03-07,45548.52,22472.68,1580097.71,1603173.55,23075.84,3,0,9,0.031089,-157786.09
C004,2024-03-08,22407.85,10480.2,1603173.55,1615101.2,11927.65,4,1,10,0.025886,-156644.87
C004,2024-03-09,27691.77,14112.44,1615101.2,1628680.53,13579.33,5,1,11,0.021535,-165622.56
C004,2024-03-10,49518.39,57440.9,1628680.53,1620758.02,-7922.51,6,0,12,0.017888,-147094.94
C004,2024-03-11,47451.4,33540.99,1620758.02,1634668.43,13910.41,0,0,13,0.014821,-184204.53
C004,2024-03-12,43035.88,20180.51,1634668.43,1657523.8,22855.37,1,0,14,0.012227,-190865.51
C004,2024-03-13,40310.75,29678.72,1657523.8,1668155.83,10632.03,2,0,15,0.010012,-195382.34
C004,2024-03-14,40319.44,19634.08,1668155.83,1688841.19,20685.36,3,0,16,0.008094,-206776.94
C004,2024-03-15,17285.77,9801.23,1688841.19,1696325.73,7484.54,4,1,17,0.006395,-191025.14
C004,2024-03-16,22142.46,49302.28,1696325.73,1669165.91,-27159.82,5,1,18,0.004838,-222044.93
C004,2024-03-17,41447.19,23386.25,1669165.91,1687226.85,18060.94,6,0,19,0.003344,-213386.54
C004,2024-03-18,42474.93,28845.21,1687226.85,1700856.57,13629.72,0,0,20,0.001826,-212666.4
C004,2024-03-19,40668.21,20807.28,1700856.57,1720717.5,19860.93,1,0,21,0.00018,-209559.89
C004,2024-03-20,38950.59,24244.24,1720717.5,1735423.85,14706.35,2,0,22,-0.001724,-212699.97
C004,2024-03-21,37630.69,18761.91,1735423.85,1754292.63,18868.78,3,0,23,-0.004053,-219516.58
C004,2024-03-22,16759.09,9406.23,1754292.63,1761645.49,7352.86,4,1,24,-0.007029,-202019.5
C004,2024-03-23,21811.27,12196.42,1761645.49,1771260.34,9614.85,5,1,25,-0.010954,-193084.14
C004,2024-03-24,39972.27,23343.72,1771260.34,1787888.89,16628.55,6,0,26,-0.016242,-184867.74
C004,2024-03-25,40646.31,27654.18,1787888.89,1800881.02,12992.13,0,0,27,-0.023463,-181481.36
C004,2024-03-26,43059.66,19119.29,1800881.02,1824821.39,23940.37,1,0,28,-0.033409,-181561.79
C004,2024-03-27,46405.46,414474.69,1824821.39,1456752.16,-368069.23,2,0,0,0.159998,195454.68
C004,2024-03-28,45808.51,17989.51,1456752.16,1484571.16,27819.0,3,0,1,0.133398,-214850.15
C004,2024-03-29,22200.42,9634.47,1484571.16,1497137.11,12565.95,4,1,2,0.11122,-203116.3
C004,2024-03-30,23133.73,13055.07,1497137.11,1507215.77,10078.66,5,1,3,0.092728,-185539.59
C004,2024-03-31,49657.89,25581.75,1507215.77,1531291.91,24076.14,6,0,4,0.07731,-174284.89
C004,2024-04-01,45722.92,112620.85,1531291.91,1464393.98,-66897.93,0,0,5,0.064454,-172223.47
C004,2024-04-02,43386.78,20508.93,1464393.98,1487271.83,22877.85,1,0,6,0.053734,-169269.18
C004,2024-04-03,39310.52,27935.49,1487271.83,1498646.86,11375.03,2,0,7,0.044795,-169897.41
C004,2024-04-04,35875.37,20329.27,1498646.86,1514192.96,15546.1,3,0,8,0.037339,-172688.98
C004,2024-04-05,14748.39,90822.47,1514192.96,1438118.88,-76074.08,4,1,9,0.031119,-158974.66
C004,2024-04-06,20028.46,12759.88,1438118.88,1445387.46,7268.58,5,1,10,0.025928,-149973.88
C004,2024-04-07,35459.47,22390.6,1445387.46,1458456.33,13068.87,6,0,11,0.021593,-132641.34
C004,2024-04-08,31591.11,26989.47,1458456.33,1463057.97,4601.64,0,0,12,0.017969,-121575.2
C004,2024-04-09,29169.79,18564.68,1463057.97,1473663.08,10605.11,1,0,13,0.014933,-106679.01
C004,2024-04-10,30648.26,53847.44,1473663.08,1450463.9,-23199.18,2,0,14,0.012384,-101750.78
C004,2024-04-11,30810.9,14616.51,1450463.9,1466658.29,16194.39,3,0,15,0.010232,-105116.44
C004,2024-04-12,14145.06,8029.86,1466658.29,1472773.49,6115.2,4,1,16,0.008401,-93572.49
C004,2024-04-13,19499.61,10208.85,1472773.49,1482064.25,9290.76,5,1,17,0.006822,-89768.85
C004,2024-04-14,41778.65,18542.31,1482064.25,1505300.59,23236.34,6,0,18,0.005435,-86866.07
C004,2024-04-15,41727.36,99906.97,1505300.59,1447120.98,-58179.61,0,0,19,0.004177,-16502.19
C004,2024-04-16,44418.16,17698.83,1447120.98,1473840.31,26719.33,1,0,20,0.002989,-14100.81
C004,2024-04-17,39660.28,25310.42,1473840.31,1488190.17,14349.86,2,0,21,0.001802,-16686.34
C004,2024-04-18,41780.22,18812.78,1488190.17,1511157.61,22967.44,3,0,22,0.000541,-28150.61
C004,2024-04-19,19468.51,7902.24,1511157.61,1522723.88,11566.27,4,1,23,-0.000892,-14243.63
C004,2024-04-20,24131.79,12079.62,1522723.88,1534776.05,12052.17,5,1,24,-0.002618,-7435.1
C004,2024-04-21,46276.35,21426.41,1534776.05,1559625.99,24849.94,6,0,25,-0.004798,-12063.1
C004,2024-04-22,45706.03,27155.82,1559625.99,1578176.2,18550.21,0,0,26,-0.00765,-16303.32
C004,2024-04-23,45947.65,21102.7,1578176.2,1603021.15,24844.95,1,0,27,-0.011472,-16630.6
C004,2024-04-24,44242.3,27863.79,1603021.15,1619399.66,16378.51,2,0,28,-0.016674,-22210.32
C004,2024-04-25,45012.92,21152.98,1619399.66,1643259.6,23859.94,3,0,29,-0.023823,-35211.97
C004,2024-04-26,18430.08,9482.84,1643259.6,1652206.84,8947.24,4,1,30,-0.033709,-28863.74
C004,2024-04-27,27786.55,410272.38,1652206.84,1269721.01,-382485.83,5,1,0,0.159998,-24303.93
C004,2024-04-28,49353.45,25053.65,1269721.01,1294020.81,24299.8,6,0,1,0.133397,-19962.02
C004,2024-04-29,55952.0,28296.63,1294020.81,1321676.18,27655.37,0,0,2,0.111219,-31936.39
C004,2024-04-30,55205.21,19874.37,1321676.18,1357007.02,35330.84,1,0,3,0.092727,-45682.01
C004,2024-05-01,49768.19,114604.7,1357007.02,1292170.51,-64836.51,2,0,4,0.077308,29335.34
C004,2024-05-02,48341.39,22509.25,1292170.51,1318002.65,25832.14,3,0,5,0.064451,-66795.05
C004,2024-05-03,21056.07,10309.27,1318002.65,1328749.45,10746.8,4,1,6,0.05373,-55089.58
C004,2024-05-04,26309.53,13555.0,1328749.45,1341503.98,12754.53,5,1,7,0.044788,-55473.62
C004,2024-05-05,48158.01,110517.77,1341503.98,1279144.22,-62359.76,6,0,8,0.03733,33294.02
C004,2024-05-06,46932.71,30663.35,1279144.22,1295413.58,16269.36,0,0,9,0.031106,-40217.94
C004,2024-05-07,53717.15,23315.74,1295413.58,1325814.99,30401.41,1,0,10,0.02591,-44145.61
C004,2024-05-08,45131.81,29464.03,1325814.99,1341482.77,15667.78,2,0,11,0.021568,-48993.01
C004,2024-05-09,46028.09,20526.79,1341482.77,1366984.07,25501.3,3,0,12,0.017935,-65063.44
C004,2024-05-10,19501.53,37772.48,1366984.07,1348713.12,-18270.95,4,1,13,0.014886,-28901.13
C004,2024-05-11,25956.48,13127.75,1348713.12,1361541.85,12828.73,5,1,14,0.012318,-67251.98
C004,2024-05-12,43649.11,25989.96,1361541.85,1379201.0,17659.15,6,0,15,0.01014,-67280.31
C004,2024-05-13,43506.69,30412.29,1379201.0,1392295.4,13094.4,0,0,16,0.008273,-66521.62
C004,2024-05-14,45334.87,19195.75,1392295.4,1418434.52,26139.12,1,0,17,0.006644,-73794.27
C004,2024-05-15,41716.38,29532.11,1418434.52,1430618.79,12184.27,2,0,18,0.005185,-77976.93
C004,2024-05-16,47980.11,18859.4,1430618.79,1459739.5,29120.71,3,0,19,0.003829,-99897.93
C004,2024-05-17,20934.5,9170.17,1459739.5,1471503.83,11764.33,4,1,20,0.002503,-98411.95
C004,2024-05-18,24555.75,13052.58,1471503.83,1483007.0,11503.17,5,1,21,0.001125,-103668.6
C004,2024-05-19,50946.07,25472.82,1483007.0,1508480.25,25473.25,6,0,22,-0.000405,-115231.62
C004,2024-05-20,46937.48,28076.78,1508480.25,1527340.95,18860.7,0,0,23,-0.002211,-121453.29
C004,2024-05-21,40622.21,20400.27,1527340.95,1547562.89,20221.94,1,0,24,-0.004459,-121100.41
C004,2024-05-22,42797.67,28487.68,1547562.89,1561872.88,14309.99,2,0,25,-0.007368,-127219.91
C004,2024-05-23,45060.29,20542.62,1561872.88,1586390.55,24517.67,3,0,26,-0.011237,-142639.59
C004,2024-05-24,19721.59,8922.8,1586390.55,1597189.34,10798.79,4,1,27,-0.016478,-134486.06
C004,2024-05-25,21819.25,10960.96,1597189.34,1608047.63,10858.29,5,1,28,-0.02366,-132127.48
C004,2024-05-26,43486.67,28191.2,1608047.63,1623343.1,15295.47,6,0,29,-0.033573,-125609.6
C004,2024-05-27,47271.07,425197.09,1623343.1,1245417.08,-377926.02,0,0,0,0.159998,272744.5
C004,2024-05-28,49356.92,20715.21,1245417.08,1274058.79,28641.71,1,0,1,0.133398,-109943.16
C004,2024-05-29,43236.52,27555.52,1274058.79,1289739.79,15681.0,2,0,2,0.11122,-114659.1
C004,2024-05-30,43233.48,21648.26,1289739.79,1311325.01,21585.22,3,0,3,0.092728,-126682.83
C004,2024-05-31,19758.29,9577.45,1311325.01,1321505.85,10180.84,4,1,4,0.07731,-114548.08
C004,2024-06-01,25901.3,96199.55,1321505.85,1251207.6,-70298.25,5,1,5,0.064454,-109616.89
C004,2024-06-02,48179.38,25727.11,1251207.6,1273659.87,22452.27,6,0,6,0.053734,-110674.31
C004,2024-06-03,43885.83,31515.34,1273659.87,1286030.36,12370.49,0,0,7,0.044795,-109017.77
C004,2024-06-04,46929.26,20521.38,1286030.36,1312438.24,26407.88,1,0,8,0.037339,-113999.87
C004,2024-06-05,51271.87,108514.47,1312438.24,1255195.64,-57242.6,2,0,9,0.031119,-129843.92
C004,2024-06-06,49887.19,23413.45,1255195.64,1281669.38,26473.74,3,0,10,0.025928,-146925.01
C004,2024-06-07,20311.61,9491.23,1281669.38,1292489.76,10820.38,4,1,11,0.021593,-138110.82
C004,2024-06-08,23947.66,14516.79,1292489.76,1301920.63,9430.87,5,1,12,0.017969,-132095.65
C004,2024-06-09,45413.55,27522.19,1301920.63,1319811.99,17891.36,6,0,13,0.014933,-127872.84
C004,2024-06-10,43503.09,69025.21,1319811.99,1294289.87,-25522.12,0,0,14,0.012384,-131245.6
C004,2024-06-11,38984.81,21353.99,1294289.87,1311920.69,17630.82,1,0,15,0.010232,-126278.49
C004,2024-06-12,39539.32,25686.23,1311920.69,1325773.78,13853.09,2,0,16,0.008401,-129944.15
C004,2024-06-13,38005.38,19138.91,1325773.78,1344640.25,18866.47,3,0,17,0.006822,-138224.63
C004,2024-06-14,16810.41,8808.8,1344640.25,1352641.86,8001.61,4,1,18,0.005435,-130600.72
C004,2024-06-15,20816.5,13616.79,1352641.86,1359841.57,7199.71,5,1,19,0.004177,-198567.35
C004,2024-06-16,34007.52,20757.21,1359841.57,1373091.88,13250.31,6,0,20,0.002989,-187542.01
C004,2024-06-17,33498.65,27252.13,1373091.88,1379338.4,6246.52,0,0,21,0.001802,-180928.16
C004,2024-06-18,32327.46,18417.23,1379338.4,1393248.63,13910.23,1,0,22,0.000541,-172680.48
C004,2024-06-19,36384.39,23745.36,1393248.63,1405887.66,12639.03,2,0,23,-0.000892,-175795.08
C004,2024-06-20,39395.35,18820.53,1405887.66,1426462.48,20574.82,3,0,24,-0.002618,-185054.21
C004,2024-06-21,17201.6,9011.11,1426462.48,1434652.97,8190.49,4,1,25,-0.004798,-172190.07
C004,2024-06-22,20225.92,11127.93,1434652.97,1443750.96,9097.99,5,1,26,-0.00765,-162927.89
C004,2024-06-23,38792.05,19839.73,1443750.96,1462703.28,18952.32,6,0,27,-0.011472,-161729.25
C004,2024-06-24,40230.33,27013.46,1462703.28,1475920.15,13216.87,0,0,28,-0.016674,-158612.59
C004,2024-06-25,40934.84,19121.49,1475920.15,1497733.5,21813.35,1,0,29,-0.023823,-159710.35
C004,2024-06-26,43139.43,22711.35,1497733.5,1518161.58,20428.08,2,0,30,-0.033709,-170492.27
C004,2024-06-27,54288.54,408334.49,1518161.58,1164115.63,-354045.95,3,0,0,0.159998,-199206.44
C004,2024-06-28,20241.32,9276.26,1164115.63,1175080.69,10965.06,4,1,1,0.133397,-186628.5
C004,2024-06-29,22470.38,12908.89,1175080.69,1184642.18,9561.49,5,1,2,0.111219,-173936.39
C004,2024-06-30,45329.1,23013.51,1184642.18,1206957.77,22315.59,6,0,3,0.092727,-170156.09
C004,2024-07-01,46574.0,111941.06,1206957.77,1141590.71,-65367.06,0,0,4,0.077308,-87372.5
C004,2024-07-02,42434.49,21039.64,1141590.71,1162985.56,21394.85,1,0,5,0.064451,-164576.91
C004,2024-07-03,41120.95,27093.92,1162985.56,1177012.59,14027.03,2,0,6,0.05373,-167504.43
C004,2024-07-04,42214.75,20788.97,1177012.59,1198438.37,21425.78,3,0,7,0.044788,-176407.27
C004,2024-07-05,18342.61,91429.26,1198438.37,1125351.72,-73086.65,4,1,8,0.03733,-84384.52
C004,2024-07-06,22587.8,13195.15,1125351.72,1134744.37,9392.65,5,1,9,0.031106,-158851.0
C004,2024-07-07,42899.25,23264.68,1134744.37,1154378.94,19634.57,6,0,10,0.02591,-152701.19
C004,2024-07-08,42023.76,26577.72,1154378.94,1169824.98,15446.04,0,0,11,0.021568,-157811.62
C004,2024-07-09,41236.29,19122.12,1169824.98,1191939.15,22114.17,1,0,12,0.017935,-156254.97
C004,2024-07-10,39380.17,68275.05,1191939.15,1163044.27,-28894.88,2,0,13,0.014886,-118344.31
C004,2024-07-11,42046.75,19448.82,1163044.27,1185642.2,22597.93,3,0,14,0.012318,-168535.36
C004,2024-07-12,19541.29,9353.86,1185642.2,1195829.63,10187.43,4,1,15,0.01014,-158458.03
C004,2024-07-13,23167.42,12581.43,1195829.63,1206415.62,10585.99,5,1,16,0.008273,-148563.85
C004,2024-07-14,41147.19,25521.67,1206415.62,1222041.14,15625.52,6,0,17,0.006644,-141865.54
C004,2024-07-15,44228.35,104995.27,1222041.14,1161274.22,-60766.92,0,0,18,0.005185,-71768.92
C004,2024-07-16,43317.59,19041.94,1161274.22,1185549.87,24275.65,1,0,19,0.003829,-67695.53
C004,2024-07-17,39925.25,27064.88,1185549.87,1198410.24,12860.37,2,0,20,0.002503,-67791.43
C004,2024-07-18,41443.76,19285.85,1198410.24,1220568.15,22157.91,3,0,21,0.001125,-75515.51
C004,2024-07-19,18659.83,9135.4,1220568.15,1230092.58,9524.43,4,1,22,-0.000405,-61209.0
C004,2024-07-20,24018.85,12703.16,1230092.58,1241408.27,11315.69,5,1,23,-0.002211,-59276.26
C004,2024-07-21,44899.47,23844.84,1241408.27,1262462.9,21054.63,6,0,24,-0.004459,-61268.09
C004,2024-07-22,46401.46,28041.29,1262462.9,1280823.07,18360.17,0,0,25,-0.007368,-67251.15
C004,2024-07-23,39912.59,19761.63,1280823.07,1300974.03,20150.96,1,0,26,-0.011237,-60562.66
C004,2024-07-24,41852.82,25519.29,1300974.03,1317307.56,16333.53,2,0,27,-0.016478,-63890.11
C004,2024-07-25,40854.82,20139.23,1317307.56,1338023.15,20715.59,3,0,28,-0.02366,-71559.48
C004,2024-07-26,18747.8,9101.64,1338023.15,1347669.31,9646.16,4,1,29,-0.033573,-54298.64
C004,2024-07-27,26281.0,409041.12,1347669.31,964909.19,-382760.12,5,1,0,0.159998,347196.34
C004,2024-07-28,48976.11,25433.11,964909.19,988452.19,23543.0,6,0,1,0.133398,-26107.58
C004,2024-07-29,50502.44,28248.84,988452.19,1010705.79,22253.6,0,0,2,0.11122,-26122.47
C004,2024-07-30,45822.9,19727.01,1010705.79,1036801.68,26095.89,1,0,3,0.092728,-16308.96
C004,2024-07-31,45874.34,28457.81,1036801.68,1054218.21,17416.53,2,0,4,0.07731,-16617.61
C004,2024-08-01,48757.07,104566.63,1054218.21,998408.65,-55809.56,3,0,5,0.064454,54025.11
C004,2024-08-02,20498.1,9398.59,998408.65,1009508.16,11099.51,4,1,6,0.053734,-17481.32
C004,2024-08-03,26853.72,14330.78,1009508.16,1022031.1,12522.94,5,1,7,0.044795,-10558.38
C004,2024-08-04,46650.55,27714.45,1022031.1,1040967.2,18936.1,6,0,8,0.037339,4438.4
C004,2024-08-05,49007.34,114081.17,1040967.2,975893.37,-65073.83,0,0,9,0.031119,87236.3
C004,2024-08-06,48692.24,22907.86,975893.37,1001677.75,25784.38,1,0,10,0.025928,9756.47
C004,2024-08-07,41238.25,30902.64,1001677.75,1012013.36,10335.61,2,0,11,0.021593,11710.7
C004,2024-08-08,45303.41,21632.59,1012013.36,1035684.18,23670.82,3,0,12,0.017969,4612.53
C004,2024-08-09,19879.19,10863.41,1035684.18,1044699.96,9015.78,4,1,13,0.014933,21219.91
C004,2024-08-10,24540.56,52133.68,1044699.96,1017106.84,-27593.12,5,1,14,0.012384,70766.99
C004,2024-08-11,50865.07,30600.31,1017106.84,1037371.6,20264.76,6,0,15,0.010232,49905.5
C004,2024-08-12,53016.34,32536.17,1037371.6,1057851.77,20480.17,0,0,16,0.008401,45219.77
C004,2024-08-13,45724.45,23400.62,1057851.77,1080175.6,22323.83,1,0,17,0.006822,53265.41
C004,2024-08-14,41451.18,32121.48,1080175.6,1089505.3,9329.7,2,0,18,0.005435,53999.26
C004,2024-08-15,50788.49,22439.45,1089505.3,1117854.34,28349.04,3,0,19,0.004177,36655.47
C004,2024-08-16,23493.23,10728.76,1117854.34,1130618.81,12764.47,4,1,20,0.002989,41233.37
C004,2024-08-17,29829.41,15395.58,1130618.81,1145052.64,14433.83,5,1,21,0.001802,38410.16
C004,2024-08-18,52536.51,28705.57,1145052.64,1168883.58,23830.94,6,0,22,0.000541,45438.01
C004,2024-08-19,48771.95,35523.52,1168883.58,1182132.01,13248.43,0,0,23,-0.000892,55895.74
C004,2024-08-20,42577.46,23514.66,1182132.01,1201194.81,19062.8,1,0,24,-0.002618,62895.72
C004,2024-08-21,44746.48,32369.37,1201194.81,1213571.92,12377.11,2,0,25,-0.004798,61997.67
C004,2024-08-22,49402.43,22562.98,1213571.92,1240411.37,26839.45,3,0,26,-0.00765,52453.47
C004,2024-08-23,23298.51,10292.43,1240411.37,1253417.45,13006.08,4,1,27,-0.011472,74477.6
C004,2024-08-24,28136.96,15090.74,1253417.45,1266463.67,13046.22,5,1,28,-0.016674,85986.38
C004,2024-08-25,53926.28,27019.28,1266463.67,1293370.67,26907.0,6,0,29,-0.023823,96713.24
C004,2024-08-26,51640.75,32905.89,1293370.67,1312105.53,18734.86,0,0,30,-0.033709,96951.51
C004,2024-08-27,66237.14,415998.06,1312105.53,962344.61,-349760.92,1,0,0,0.159998,475348.11
C004,2024-08-28,56379.91,34141.2,962344.61,984583.32,22238.71,2,0,1,0.133398,85396.16
C004,2024-08-29,59502.59,23593.19,984583.32,1020492.72,35909.4,3,0,2,0.11122,68965.64
C004,2024-08-30,27108.33,10000.45,1020492.72,1037600.6,17107.88,4,1,3,0.092728,84515.34
C004,2024-08-31,30670.31,15837.15,1037600.6,1052433.76,14833.16,5,1,4,0.07731,90105.94
C004,2024-09-01,56054.6,116461.52,1052433.76,992026.84,-60406.92,6,0,5,0.064454,99379.92
C004,2024-09-02,53562.19,34116.31,992026.84,1011472.72,19445.88,0,0,6,0.053734,95799.4
C004,2024-09-03,58507.59,24574.71,1011472.72,1045405.6,33932.88,1,0,7,0.044795,93550.97
C004,2024-09-04,52369.84,34645.77,1045405.6,1063129.67,17724.07,2,0,8,0.037339,87741.19
C004,2024-09-05,54732.16,106427.61,1063129.67,1011434.22,-51695.45,3,0,9,0.031119,72778.72
C004,2024-09-06,24017.2,11727.36,1011434.22,1023724.06,12289.84,4,1,10,0.025928,85810.01
C004,2024-09-07,32198.91,15626.26,1023724.06,1040296.71,16572.65,5,1,11,0.021593,86533.98
C004,2024-09-08,53933.6,28310.44,1040296.71,1065919.87,25623.16,6,0,12,0.017969,92203.98
C004,2024-09-09,58612.43,36658.47,1065919.87,1087873.83,21953.96,0,0,13,0.014933,92152.98
C004,2024-09-10,55543.53,56140.26,1087873.83,1087277.1,-596.73,1,0,14,0.012384,98929.87
C004,2024-09-11,50660.55,34866.11,1087277.1,1103071.54,15794.44,2,0,15,0.010232,96587.3
C004,2024-09-12,55759.09,25389.62,1103071.54,1133441.01,30369.47,3,0,16,0.008401,81952.85
C004,2024-09-13,22964.51,12900.96,1133441.01,1143504.56,10063.55,4,1,17,0.006822,97358.56
C004,2024-09-14,28858.19,17852.94,1143504.56,1154509.81,11005.25,5,1,18,0.005435,111269.23
C004,2024-09-15,49072.4,31730.03,1154509.81,1171852.18,17342.37,6,0,19,0.004177,45616.62
C004,2024-09-16,52257.06,40646.44,1171852.18,1183462.8,11610.62,0,0,20,0.002989,55558.98
C004,2024-09-17,55417.4,24558.61,1183462.8,1214321.59,30858.79,1,0,21,0.001802,55049.65
C004,2024-09-18,53352.07,29645.91,1214321.59,1238027.75,23706.16,2,0,22,0.000541,43843.88
C004,2024-09-19,51409.7,25346.92,1238027.75,1264090.53,26062.78,3,0,23,-0.000892,29939.18
C004,2024-09-20,23141.04,11661.98,1264090.53,1275569.59,11479.06,4,1,24,-0.002618,40071.24
C004,2024-09-21,30597.8,13302.55,1275569.59,1292864.84,17295.25,5,1,25,-0.004798,38625.11
C004,2024-09-22,66353.0,31322.79,1292864.84,1327895.05,35030.21,6,0,26,-0.00765,38523.35
C004,2024-09-23,61239.34,36684.34,1327895.05,1352450.05,24555.0,0,0,27,-0.011472,34853.2
C004,2024-09-24,61184.8,23550.94,1352450.05,1390083.91,37633.86,1,0,28,-0.016674,30874.17
C004,2024-09-25,54116.67,35143.54,1390083.91,1409057.04,18973.13,2,0,29,-0.023823,22992.8
C004,2024-09-26,51076.33,22440.65,1409057.04,1437692.72,28635.68,3,0,30,-0.033709,6349.79
C004,2024-09-27,26845.36,394558.6,1437692.72,1069979.48,-367713.24,4,1,0,0.159998,23645.61
C004,2024-09-28,35526.15,16047.27,1069979.48,1089458.36,19478.88,5,1,1,0.133397,42079.33
C004,2024-09-29,64981.98,32324.4,1089458.36,1122115.94,32657.58,6,0,2,0.111219,47815.58
C004,2024-09-30,57269.66,36845.9,1122115.94,1142539.7,20423.76,0,0,3,0.092727,53339.87
C004,2024-10-01,58045.65,109178.59,1142539.7,1091406.76,-51132.94,1,0,4,0.077308,139838.07
C004,2024-10-02,52630.82,36765.46,1091406.76,1107272.12,15865.36,2,0,5,0.064451,55715.11
C004,2024-10-03,54101.4,22416.95,1107272.12,1138956.57,31684.45,3,0,6,0.05373,38225.12
C004,2024-10-04,23315.43,11401.14,1138956.57,1150870.86,11914.29,4,1,7,0.044788,50294.45
C004,2024-10-05,30901.04,97558.96,1150870.86,1084212.94,-66657.92,5,1,8,0.03733,143681.15
C004,2024-10-06,56097.63,30776.5,1084212.94,1109534.07,25321.13,6,0,9,0.031106,71115.97
C004,2024-10-07,53723.74,36427.12,1109534.07,1126830.69,17296.62,0,0,10,0.02591,75652.45
C004,2024-10-08,53349.94,22056.78,1126830.69,1158123.85,31293.16,1,0,11,0.021568,77873.07
C004,2024-10-09,52527.47,30624.51,1158123.85,1180026.81,21902.96,2,0,12,0.017935,70061.46
C004,2024-10-10,56242.25,50062.09,1180026.81,1186206.97,6180.16,3,0,13,0.014886,77964.24
C004,2024-10-11,23441.75,9989.88,1186206.97,1199658.84,13451.87,4,1,14,0.012318,57385.76
C004,2024-10-12,30290.74,14555.72,1199658.84,1215393.86,15735.02,5,1,15,0.01014,68572.31
C004,2024-10-13,57287.36,31818.1,1215393.86,1240863.12,25469.26,6,0,16,0.008273,77974.01
C004,2024-10-14,58181.14,33265.22,1240863.12,1265779.04,24915.92,0,0,17,0.006644,72863.69
C004,2024-10-15,56006.7,104316.94,1265779.04,1217468.8,-48310.24,1,0,18,0.005185,150733.67
C004,2024-10-16,52156.26,30603.28,1217468.8,1239021.78,21552.98,2,0,19,0.003829,139644.33
C004,2024-10-17,53350.88,23001.42,1239021.78,1269371.24,30349.46,3,0,20,0.002503,122660.11
C004,2024-10-18,23568.97,11068.58,1269371.24,1281871.63,12500.39,4,1,21,0.001125,128695.85
C004,2024-10-19,28244.89,16086.81,1281871.63,1294029.71,12158.08,5,1,22,-0.000405,135701.31
C004,2024-10-20,49692.12,28081.0,1294029.71,1315640.83,21611.12,6,0,23,-0.002211,144615.19
C004,2024-10-21,51236.04,35386.92,1315640.83,1331489.95,15849.12,0,0,24,-0.004459,153562.54
C004,2024-10-22,57245.21,22316.76,1331489.95,1366418.4,34928.45,1,0,25,-0.007368,151811.14
C004,2024-10-23,54016.25,33131.4,1366418.4,1387303.25,20884.85,2,0,26,-0.011237,143586.33
C004,2024-10-24,56029.44,22374.61,1387303.25,1420958.08,33654.83,3,0,27,-0.016478,123470.37
C004,2024-10-25,21824.53,10732.77,1420958.08,1432049.84,11091.76,4,1,28,-0.02366,136186.63
C004,2024-10-26,26962.76,14970.09,1432049.84,1444042.51,11992.67,5,1,29,-0.033573,141959.81
C004,2024-10-27,67469.52,417886.94,1444042.51,1093625.09,-350417.42,6,0,0,0.159998,515756.25
C004,2024-10-28,68100.62,30188.02,1093625.09,1131537.69,37912.6,0,0,1,0.133398,107536.34
C004,2024-10-29,65238.63,26844.8,1131537.69,1169931.52,38393.83,1,0,2,0.11122,109631.63
C004,2024-10-30,58824.95,32876.9,1169931.52,1195879.57,25948.05,2,0,3,0.092728,100500.88
C004,2024-10-31,63368.68,28003.42,1195879.57,1231244.83,35365.26,3,0,4,0.07731,83769.94
C004,2024-11-01,26411.97,94669.57,1231244.83,1162987.23,-68257.6,4,1,5,0.064454,100091.5
C004,2024-11-02,30451.67,16257.21,1162987.23,1177181.69,14194.46,5,1,6,0.053734,113671.89
C004,2024-11-03,56879.34,32895.72,1177181.69,1201165.31,23983.62,6,0,7,0.044795,127478.98
C004,2024-11-04,63195.68,36466.9,1201165.31,1227894.09,26728.78,0,0,8,0.037339,120430.78
C004,2024-11-05,60050.57,107294.62,1227894.09,1180650.04,-47244.05,1,0,9,0.031119,123305.12
C004,2024-11-06,56474.34,34641.24,1180650.04,1202483.14,21833.1,2,0,10,0.025928,115737.07
C004,2024-11-07,56497.17,22983.39,1202483.14,1235996.92,33513.78,3,0,11,0.021593,97924.47
C004,2024-11-08,25602.68,11511.33,1235996.92,1250088.27,14091.35,4,1,12,0.017969,111104.5
C004,2024-11-09,29360.04,15277.1,1250088.27,1264171.21,14082.94,5,1,13,0.014933,119113.12
C004,2024-11-10,54627.28,61753.89,1264171.21,1257044.6,-7126.61,6,0,14,0.012384,126643.39
C004,2024-11-11,59699.3,32777.73,1257044.6,1283966.17,26921.57,0,0,15,0.010232,113997.19
C004,2024-11-12,59757.66,24886.7,1283966.17,1318837.13,34870.96,1,0,16,0.008401,106308.78
C004,2024-11-13,55278.25,35472.65,1318837.13,1338642.73,19805.6,2,0,17,0.006822,97106.78
C004,2024-11-14,55025.29,25465.55,1338642.73,1368202.47,29559.74,3,0,18,0.005435,82682.07
C004,2024-11-15,22189.99,11726.35,1368202.47,1378666.11,10463.64,4,1,19,0.004177,98189.0
C004,2024-11-16,28445.72,15080.48,1378666.11,1392031.35,13365.24,5,1,20,0.002989,101508.93
C004,2024-11-17,50015.82,31479.69,1392031.35,1410567.48,18536.13,6,0,21,0.001802,114235.4
C004,2024-11-18,52302.85,33139.31,1410567.48,1429731.02,19163.54,0,0,22,0.000541,113234.66
C004,2024-11-19,54517.41,23992.41,1429731.02,1460256.02,30525.0,1,0,23,-0.000892,119845.4
C004,2024-11-20,54157.9,29361.43,1460256.02,1485052.49,24796.47,2,0,24,-0.002618,109040.79
C004,2024-11-21,53785.4,20608.35,1485052.49,1518229.54,33177.05,3,0,25,-0.004798,88492.19
C004,2024-11-22,23818.93,11158.89,1518229.54,1530889.58,12660.04,4,1,26,-0.00765,97007.61
C004,2024-11-23,29076.19,15537.32,1530889.58,1544428.45,13538.87,5,1,27,-0.011472,103998.9
C004,2024-11-24,52966.14,29158.12,1544428.45,1568236.47,23808.02,6,0,28,-0.016674,106314.49
C004,2024-11-25,51490.7,33724.85,1568236.47,1586002.32,17765.85,0,0,29,-0.023823,102265.44
C004,2024-11-26,48362.53,24983.51,1586002.32,1609381.34,23379.02,1,0,30,-0.033709,107868.27
C004,2024-11-27,59457.69,429765.0,1609381.34,1239074.03,-370307.31,2,0,0,0.159998,109108.87
C004,2024-11-28,62651.93,22162.81,1239074.03,1279563.15,40489.12,3,0,1,0.133397,86317.27
C004,2024-11-29,26946.31,10129.01,1279563.15,1296380.45,16817.3,4,1,2,0.111219,94110.49
C004,2024-11-30,33692.17,15057.85,1296380.45,1315014.77,18634.32,5,1,3,0.092727,100386.68
C004,2024-12-01,62271.94,114207.98,1315014.77,1263078.73,-51936.04,6,0,4,0.077308,185675.54
C004,2024-12-02,64048.91,36274.06,1263078.73,1290853.58,27774.85,0,0,5,0.064451,93184.54
C004,2024-12-03,62270.83,24480.12,1290853.58,1328644.29,37790.71,1,0,6,0.05373,86413.8
C004,2024-12-04,60136.87,40456.29,1328644.29,1348324.87,19680.58,2,0,7,0.044788,78003.13
C004,2024-12-05,60899.33,105269.04,1348324.87,1303955.16,-44369.71,3,0,8,0.03733,137378.63
C004,2024-12-06,24174.02,9908.97,1303955.16,1318220.21,14265.05,4,1,9,0.031106,106686.1
C004,2024-12-07,31034.4,15333.22,1318220.21,1333921.39,15701.18,5,1,10,0.02591,115403.53
C004,2024-12-08,55983.77,28712.39,1333921.39,1361192.77,27271.38,6,0,11,0.021568,112906.91
C004,2024-12-09,57872.07,35780.51,1361192.77,1383284.33,22091.56,0,0,12,0.017935,105503.32
C004,2024-12-10,53904.68,53501.02,1383284.33,1383687.99,403.66,1,0,13,0.014886,135653.36
C004,2024-12-11,48831.5,34556.13,1383687.99,1397963.36,14275.37,2,0,14,0.012318,104054.92
C004,2024-12-12,50490.93,23308.38,1397963.36,1425145.91,27182.55,3,0,15,0.01014,94089.31
C004,2024-12-13,22103.06,11499.46,1425145.91,1435749.51,10603.6,4,1,16,0.008273,111335.78
C004,2024-12-14,28960.87,13825.84,1435749.51,1450884.54,15135.03,5,1,17,0.006644,120373.77
C004,2024-12-15,55640.14,29669.57,1450884.54,1476855.11,25970.57,6,0,18,0.005185,127379.46
C004,2024-12-16,53929.32,37244.15,1476855.11,1493540.28,16685.17,0,0,19,0.003829,50937.15
C004,2024-12-17,53272.87,22010.27,1493540.28,1524802.88,31262.6,1,0,20,0.002503,52427.26
C004,2024-12-18,51901.03,33738.23,1524802.88,1542965.68,18162.8,2,0,21,0.001125,47308.4
C004,2024-12-19,60722.63,23586.89,1542965.68,1580101.42,37135.74,3,0,22,-0.000405,27520.07
C004,2024-12-20,24243.76,10251.9,1580101.42,1594093.28,13991.86,4,1,23,-0.002211,42719.43
C004,2024-12-21,27960.51,15332.06,1594093.28,1606721.73,12628.45,5,1,24,-0.004459,50594.52
C004,2024-12-22,51714.24,30538.78,1606721.73,1627897.19,21175.46,6,0,25,-0.007368,58800.02
C004,2024-12-23,53055.7,32525.54,1627897.19,1648427.35,20530.16,0,0,26,-0.011237,58295.47
C004,2024-12-24,49266.2,23142.59,1648427.35,1674550.96,26123.61,1,0,27,-0.016478,61057.21
C004,2024-12-25,46103.9,32387.1,1674550.96,1688267.76,13716.8,2,0,28,-0.02366,60992.14
C004,2024-12-26,52008.11,23026.26,1688267.76,1717249.61,28981.85,3,0,29,-0.033573,49759.27
C004,2024-12-27,28812.44,397879.15,1717249.61,1348182.9,-369066.71,4,1,0,0.159998,448135.72
C004,2024-12-28,32195.49,14497.97,1348182.9,1365880.42,17697.52,5,1,1,0.133398,50531.77
C004,2024-12-29,55185.73,30575.21,1365880.42,1390490.94,24610.52,6,0,2,0.11122,69516.35
C004,2024-12-30,57350.88,32440.37,1390490.94,1415401.45,24910.51,0,0,3,0.092728,65429.58
C004,2024-12-31,56784.83,23432.01,1415401.45,1448754.27,33352.82,1,0,4,0.07731,65867.95
C004,2025-01-01,54684.38,119400.53,1448754.27,1384038.12,-64716.15,2,0,5,0.064454,142656.98
C004,2025-01-02,54798.3,23778.33,1384038.12,1415058.09,31019.97,3,0,6,0.053734,35272.64
C004,2025-01-03,22795.11,11525.2,1415058.09,1426328.0,11269.91,4,1,7,0.044795,39268.92
C004,2025-01-04,30642.74,15636.95,1426328.0,1441333.79,15005.79,5,1,8,0.037339,41967.78
C004,2025-01-05,53330.39,69757.87,1441333.79,1424906.31,-16427.48,6,0,9,0.031119,88464.92
C004,2025-01-06,57988.76,33570.15,1424906.31,1449324.92,24418.61,0,0,10,0.025928,-48457.13
C004,2025-01-07,50256.63,25481.87,1449324.92,1474099.68,24774.76,1,0,11,0.021593,-48014.1
C004,2025-01-08,48086.73,33398.76,1474099.68,1488787.65,14687.97,2,0,12,0.017969,-50585.18
C004,2025-01-09,53465.17,22911.47,1488787.65,1519341.35,30553.7,3,0,13,0.014933,-64004.83
C004,2025-01-10,23549.03,40872.1,1519341.35,1502018.28,-17323.07,4,1,14,0.012384,-25020.47
C004,2025-01-11,31640.65,14423.71,1502018.28,1519235.22,17216.94,5,1,15,0.010232,-58470.78
C004,2025-01-12,55484.54,27634.47,1519235.22,1547085.29,27850.07,6,0,16,0.008401,-58882.14
C004,2025-01-13,56325.48,32152.46,1547085.29,1571258.31,24173.02,0,0,17,0.006822,-72506.57
C004,2025-01-14,56257.41,23281.15,1571258.31,1604234.57,32976.26,1,0,18,0.005435,-78412.48
C004,2025-01-15,51356.88,111114.02,1604234.57,1544477.43,-59757.14,2,0,19,0.004177,-10536.44
C004,2025-01-16,56355.56,23602.85,1544477.43,1577230.14,32752.71,3,0,20,0.002989,-30665.98
C004,2025-01-17,23556.6,10512.66,1577230.14,1590274.08,13043.94,4,1,21,0.001802,-23732.06
C004,2025-01-18,31644.85,14297.44,1590274.08,1607621.49,17347.41,5,1,22,0.000541,-26028.49
C004,2025-01-19,58228.64,29037.42,1607621.49,1636812.71,29191.22,6,0,23,-0.000892,-31805.4
C004,2025-01-20,54069.67,33566.13,1636812.71,1657316.25,20503.54,0,0,24,-0.002618,-41480.57
C004,2025-01-21,52219.17,22838.21,1657316.25,1686697.21,29380.96,1,0,25,-0.004798,-49962.04
C004,2025-01-22,49587.53,29561.92,1686697.21,1706722.82,20025.61,2,0,26,-0.00765,-57126.84
C004,2025-01-23,51720.26,22834.91,1706722.82,1735608.17,28885.35,3,0,27,-0.011472,-75131.38
C004,2025-01-24,24665.11,11013.38,1735608.17,1749259.9,13651.73,4,1,28,-0.016674,-67990.64
C004,2025-01-25,32423.34,14674.36,1749259.9,1767008.88,17748.98,5,1,29,-0.023823,-71309.38
C004,2025-01-26,58897.56,29587.82,1767008.88,1796318.62,29309.74,6,0,30,-0.033709,-78297.2
C004,2025-01-27,72106.97,452013.4,1796318.62,1416412.19,-379906.43,0,0,0,0.159998,314688.01
C004,2025-01-28,68061.57,24466.47,1416412.19,1460007.29,43595.1,1,0,1,0.133398,-111493.76
C004,2025-01-29,57478.91,36655.17,1460007.29,1480831.03,20823.74,2,0,2,0.11122,-119637.5
C004,2025-01-30,56510.25,22719.06,1480831.03,1514622.22,33791.19,3,0,3,0.092728,-228495.45
C004,2025-01-31,24421.99,12349.11,1514622.22,1526695.1,12072.88,4,1,4,0.07731,-218443.55
C004,2025-02-01,28154.62,104518.99,1526695.1,1450330.73,-76364.37,5,1,5,0.064454,-130842.02
C004,2025-02-02,51366.64,36100.45,1450330.73,1465596.92,15266.19,6,0,6,0.053734,-121197.21
C004,2025-02-03,53288.95,35584.3,1465596.92,1483301.57,17704.65,0,0,7,0.044795,-159076.01
C004,2025-02-04,54726.51,24656.85,1483301.57,1513371.23,30069.66,1,0,8,0.037339,-161267.37
C004,2025-02-05,53786.77,166290.21,1513371.23,1400867.79,-112503.44,2,0,9,0.031119,-37248.97
C004,2025-02-06,49211.68,23993.89,1400867.79,1426085.58,25217.79,3,0,10,0.025928,-49889.61
C004,2025-02-07,22823.91,10707.02,1426085.58,1438202.47,12116.89,4,1,11,0.021593,-44090.4
C004,2025-02-08,30555.03,13420.98,1438202.47,1455336.52,17134.05,5,1,12,0.017969,-81713.68
C004,2025-02-09,53700.1,32038.81,1455336.52,1476997.81,21661.29,6,0,13,0.014933,-81565.11
C004,2025-02-10,52782.44,69015.81,1476997.81,1460764.44,-16233.37,0,0,14,0.012384,-52458.4
C004,2025-02-11,56999.24,29560.53,1460764.44,1488203.15,27438.71,1,0,15,0.010232,-54856.76
C004,2025-02-12,49794.1,39245.51,1488203.15,1498751.74,10548.59,2,0,16,0.008401,-57154.71
C004,2025-02-13,53996.2,26925.85,1498751.74,1525822.09,27070.35,3,0,17,0.006822,-76939.48
C004,2025-02-14,22322.91,14204.01,1525822.09,1533940.99,8118.9,4,1,18,0.005435,-68259.18
C004,2025-02-15,30820.64,18197.47,1533940.99,1546564.16,12623.17,5,1,19,0.004177,-63846.64
C004,2025-02-16,57231.5,37253.64,1546564.16,1566542.02,19977.86,6,0,20,0.002989,-64671.03
C004,2025-02-17,56441.73,41390.75,1566542.02,1581593.0,15050.98,0,0,21,0.001802,-64244.24
C004,2025-02-18,52510.21,29095.9,1581593.0,1605007.31,23414.31,1,0,22,0.000541,-65002.54
C004,2025-02-19,50918.16,40089.79,1605007.31,1615835.68,10828.37,2,0,23,-0.000892,-65752.49
C004,2025-02-20,50847.84,29948.35,1615835.68,1636735.17,20899.49,3,0,24,-0.002618,-76058.32
C004,2025-02-21,24475.73,11614.92,1636735.17,1649595.98,12860.81,4,1,25,-0.004798,-70358.3
C004,2025-02-22,28774.35,17893.54,1649595.98,1660476.79,10880.81,5,1,26,-0.00765,-66972.07
C004,2025-02-23,54152.81,33360.34,1660476.79,1681269.26,20792.47,6,0,27,-0.011472,-66494.79
C004,2025-02-24,53443.36,39013.12,1681269.26,1695699.5,14430.24,0,0,28,-0.016674,-74509.92
C004,2025-02-25,48058.87,25736.95,1695699.5,1718021.42,22321.92,1,0,29,-0.023823,-478848.08
C004,2025-02-26,49305.89,36227.11,1718021.42,1731100.2,13078.78,2,0,30,-0.033709,-484971.28
C004,2025-02-27,60551.47,443138.14,1731100.2,1348513.53,-382586.67,3,0,0,0.159996,-96929.66
C004,2025-02-28,23233.93,10553.93,1348513.53,1361193.53,12680.0,4,1,1,0.133395,-104774.56
C004,2025-03-01,27372.75,102439.51,1361193.53,1286126.77,-75066.76,5,1,2,0.111215,-19059.65
C004,2025-03-02,48598.75,26473.97,1286126.77,1308251.55,22124.78,6,0,3,0.092721,-110238.49
C004,2025-03-03,46784.53,35547.37,1308251.55,1319488.71,11237.16,0,0,4,0.0773,-105999.31
C004,2025-03-04,47776.5,22865.5,1319488.71,1344399.71,24911.0,1,0,5,0.06444,-103401.22
C004,2025-03-05,47602.02,67776.17,1344399.71,1324225.56,-20174.15,2,0,6,0.053714,-71638.5
C004,2025-03-06,49887.38,22009.08,1324225.56,1352103.86,27878.3,3,0,7,0.044767,-121153.12
C004,2025-03-07,21841.88,10326.92,1352103.86,1363618.82,11514.96,4,1,8,0.0373,-102056.0
C004,2025-03-08,26369.63,13792.48,1363618.82,1376195.97,12577.15,5,1,9,0.031065,-87635.96
C004,2025-03-09,45996.96,28080.86,1376195.97,1394112.07,17916.1,6,0,10,0.025852,-79124.98
C004,2025-03-10,44833.48,65322.71,1394112.07,1373622.84,-20489.23,0,0,11,0.021488,-42577.3
C004,2025-03-11,43368.81,21558.95,1373622.84,1395432.7,21809.86,1,0,12,0.017822,-68331.05
C004,2025-03-12,41729.77,28856.43,1395432.7,1408306.04,12873.34,2,0,13,0.014729,-69709.68
C004,2025-03-13,42882.66,17842.31,1408306.04,1433346.39,25040.35,3,0,14,0.012099,-81828.69
C004,2025-03-14,16951.01,8700.37,1433346.39,1441597.03,8250.64,4,1,15,0.009834,-65039.75
C004,2025-03-15,20889.36,13603.78,1441597.03,1448882.61,7285.58,5,1,16,0.007845,-55908.19
C004,2025-03-16,42709.69,25910.49,1448882.61,1465681.81,16799.2,6,0,17,0.006047,-129555.76
C004,2025-03-17,43581.05,26545.34,1465681.81,1482717.52,17035.71,0,0,18,0.004352,-128323.7
C004,2025-03-18,39665.95,20512.48,1482717.52,1501870.99,19153.47,1,0,19,0.002666,-121507.71
C004,2025-03-19,41971.79,26494.02,1501870.99,1517348.76,15477.77,2,0,20,0.00088,-124789.81
C004,2025-03-20,43695.59,21039.58,1517348.76,1540004.77,22656.01,3,0,21,-0.00114,-137892.31
C004,2025-03-21,19140.76,9062.34,1540004.77,1550083.19,10078.42,4,1,22,-0.003566,-126201.41
C004,2025-03-22,24218.22,13624.56,1550083.19,1560676.85,10593.66,5,1,23,-0.006623,-120775.76
C004,2025-03-23,44862.36,26301.53,1560676.85,1579237.68,18560.83,6,0,24,-0.010616,-117862.75
C004,2025-03-24,42028.4,27761.36,1579237.68,1593504.72,14267.04,0,0,25,-0.01596,-119967.86
C004,2025-03-25,42018.62,20748.87,1593504.72,1614774.47,21269.75,1,0,26,-0.023228,-115365.53
C004,2025-03-26,35250.08,28834.97,1614774.47,1621189.58,6415.11,2,0,27,-0.033213,-110825.48
C004,2025-03-27,41582.65,423598.89,1621189.58,1239173.34,-382016.24,3,0,0,0.159998,284620.53
C004,2025-03-28,16437.41,9481.83,1239173.34,1246128.92,6955.58,4,1,1,0.133398,-105019.53
C004,2025-03-29,17760.99,12306.04,1246128.92,1251583.87,5454.95,5,1,2,0.11122,-83687.41
C004,2025-03-30,28891.48,24056.38,1251583.87,1256418.97,4835.1,6,0,3,0.092728,-54466.31
C004,2025-03-31,36342.71,25694.56,1256418.97,1267067.12,10648.15,0,0,4,0.07731,-48950.72
C004,2025-04-01,37662.77,106716.83,1267067.12,1198013.06,-69054.06,1,0,5,0.064454,-36645.01
C004,2025-04-02,40258.66,24782.32,1198013.06,1213489.4,15476.34,2,0,6,0.053734,-40097.02
C004,2025-04-03,45258.15,17749.06,1213489.4,1240998.49,27509.09,3,0,7,0.044795,-54095.6
C004,2025-04-04,20427.16,8838.59,1240998.49,1252587.06,11588.57,4,1,8,0.037339,-40868.46
C004,2025-04-05,27642.95,49279.27,1252587.06,1230950.74,-21636.32,5,1,9,0.031119,-33637.68
C004,2025-04-06,54627.95,24015.87,1230950.74,1261562.82,30612.08,6,0,10,0.025928,-35502.11
C004,2025-04-07,56515.4,29518.21,1261562.82,1288560.01,26997.19,0,0,11,0.021593,-50254.85
C004,2025-04-08,47048.61,20621.53,1288560.01,1314987.09,26427.08,1,0,12,0.017969,-46655.71
C004,2025-04-09,45190.98,29132.53,1314987.09,1331045.54,16058.45,2,0,13,0.014933,-51549.74
C004,2025-04-10,49586.46,53530.35,1331045.54,1327101.65,-3943.89,3,0,14,0.012384,-62697.26
C004,2025-04-11,21621.22,10126.51,1327101.65,1338596.36,11494.71,4,1,15,0.010232,-58197.4
C004,2025-04-12,27045.74,14124.4,1338596.36,1351517.7,12921.34,5,1,16,0.008401,-53999.07
C004,2025-04-13,49552.45,24512.87,1351517.7,1376557.28,25039.58,6,0,17,0.006822,-50470.88
C004,2025-04-14,49746.93,33329.79,1376557.28,1392974.42,16417.14,0,0,18,0.005435,-49685.82
C004,2025-04-15,47622.19,104470.56,1392974.42,1336126.05,-56848.37,1,0,19,0.004177,33036.27
C004,2025-04-16,49418.66,31150.89,1336126.05,1354393.82,18267.77,2,0,20,0.002989,27486.41
C004,2025-04-17,48477.82,22508.36,1354393.82,1380363.28,25969.46,3,0,21,0.001802,17586.89
C004,2025-04-18,22464.18,10268.51,1380363.28,1392558.95,12195.67,4,1,22,0.000541,24275.77
C004,2025-04-19,25652.66,16099.15,1392558.95,1402112.46,9553.51,5,1,23,-0.000892,37573.29
C004,2025-04-20,49283.16,27513.84,1402112.46,1423881.78,21769.32,6,0,24,-0.002618,39589.83
C004,2025-04-21,45793.89,29774.58,1423881.78,1439901.09,16019.31,0,0,25,-0.004798,43359.27
C004,2025-04-22,43860.97,22387.13,1439901.09,1461374.93,21473.84,1,0,26,-0.00765,52564.43
C004,2025-04-23,42297.87,30135.94,1461374.93,1473536.86,12161.93,2,0,27,-0.011472,50817.29
C004,2025-04-24,46231.47,20359.39,1473536.86,1499408.94,25872.08,3,0,28,-0.016674,39558.02
C004,2025-04-25,21130.82,10175.66,1499408.94,1510364.1,10955.16,4,1,29,-0.023823,53561.25
C004,2025-04-26,26729.68,13299.91,1510364.1,1523793.87,13429.77,5,1,30,-0.033709,56312.75
C004,2025-04-27,63567.91,446252.39,1523793.87,1141109.39,-382684.48,6,0,0,0.159998,55084.67
C004,2025-04-28,56736.43,29949.36,1141109.39,1167896.46,26787.07,0,0,1,0.133397,46665.47
C004,2025-04-29,56471.76,22415.56,1167896.46,1201952.66,34056.2,1,0,2,0.111219,41910.18
C004,2025-04-30,50262.57,34098.83,1201952.66,1218116.4,16163.74,2,0,3,0.092727,37498.16
C004,2025-05-01,51739.14,108487.49,1218116.4,1161368.05,-56748.35,3,0,4,0.077308,108434.04
C004,2025-05-02,24524.98,12500.65,1161368.05,1173392.38,12024.33,4,1,5,0.064451,32702.71
C004,2025-05-03,28380.25,14869.74,1173392.38,1186902.89,13510.51,5,1,6,0.05373,41044.75
C004,2025-05-04,57282.45,32466.74,1186902.89,1211718.6,24815.71,6,0,7,0.044788,40716.87
C004,2025-05-05,59528.12,73933.66,1211718.6,1197313.06,-14405.54,0,0,8,0.03733,66207.79
C004,2025-05-06,55163.98,26416.33,1197313.06,1226060.71,28747.65,1,0,9,0.031106,19730.53
C004,2025-05-07,46533.92,34289.47,1226060.71,1238305.16,12244.45,2,0,10,0.02591,14895.4
C004,2025-05-08,53431.59,23405.37,1238305.16,1268331.38,30026.22,3,0,11,0.021568,-9463.78
C004,2025-05-09,22348.17,11183.75,1268331.38,1279495.8,11164.42,4,1,12,0.017935,-11945.05
C004,2025-05-10,27878.74,42970.15,1279495.8,1264404.39,-15091.41,5,1,13,0.014886,21020.67
C004,2025-05-11,48472.29,32477.72,1264404.39,1280398.96,15994.57,6,0,14,0.012318,-4831.05
C004,2025-05-12,47629.07,30509.4,1280398.96,1297518.63,17119.67,0,0,15,0.01014,-4291.7
C004,2025-05-13,50820.65,22252.88,1297518.63,1326086.4,28567.77,1,0,16,0.008273,-4389.93
C004,2025-05-14,49196.05,31993.85,1326086.4,1343288.6,17202.2,2,0,17,0.006644,-9140.72
C004,2025-05-15,50711.66,24837.94,1343288.6,1369162.32,25873.72,3,0,18,0.005185,-20183.73
C004,2025-05-16,23249.64,10531.73,1369162.32,1381880.23,12717.91,4,1,19,0.003829,-7328.81
C004,2025-05-17,29783.94,13714.0,1381880.23,1397950.17,16069.94,5,1,20,0.002503,-5422.35
C004,2025-05-18,47000.31,28115.76,1397950.17,1416834.72,18884.55,6,0,21,0.001125,-1058.44
C004,2025-05-19,53577.29,30726.26,1416834.72,1439685.75,22851.03,0,0,22,-0.000405,-5309.36
C004,2025-05-20,46876.97,23091.11,1439685.75,1463471.61,23785.86,1,0,23,-0.002211,899.48
C004,2025-05-21,49766.93,29978.18,1463471.61,1483260.36,19788.75,2,0,24,-0.004459,-5769.74
C004,2025-05-22,51554.43,20875.43,1483260.36,1513939.36,30679.0,3,0,25,-0.007368,-25405.72
C004,2025-05-23,20424.78,10009.99,1513939.36,1524354.15,10414.79,4,1,26,-0.011237,-15345.84
C004,2025-05-24,27706.04,13093.23,1524354.15,1538966.96,14612.81,5,1,27,-0.016478,-13701.76
C004,2025-05-25,52243.57,27285.18,1538966.96,1563925.35,24958.39,6,0,28,-0.02366,-7082.91
C004,2025-05-26,50980.81,34799.54,1563925.35,1580106.62,16181.27,0,0,29,-0.033573,-3342.87
C004,2025-05-27,59568.27,443480.83,1580106.62,1196194.06,-383912.56,1,0,0,0.159998,406578.1
C004,2025-05-28,53710.49,35342.62,1196194.06,1214561.93,18367.87,2,0,1,0.133398,-15555.42
C004,2025-05-29,52606.71,23305.8,1214561.93,1243862.84,29300.91,3,0,2,0.11122,-31611.56
C004,2025-05-30,22425.59,10673.87,1243862.84,1255614.56,11751.72,4,1,3,0.092728,-22037.48
C004,2025-05-31,29046.14,14858.61,1255614.56,1269802.09,14187.53,5,1,4,0.07731,-19871.69
C004,2025-06-01,55484.67,119191.67,1269802.09,1206095.09,-63707.0,6,0,5,0.064454,-13443.22
C004,2025-06-02,54822.6,32970.05,1206095.09,1227947.64,21852.55,0,0,6,0.053734,-13508.73
C004,2025-06-03,49313.54,24825.71,1227947.64,1252435.47,24487.83,1,0,7,0.044795,-9656.95
C004,2025-06-04,44814.29,33728.91,1252435.47,1263520.85,11085.38,2,0,8,0.037339,-8268.07
C004,2025-06-05,39827.48,57557.09,1263520.85,1245791.24,-17729.61,3,0,9,0.031119,-15604.16
C004,2025-06-06,17269.81,9860.49,1245791.24,1253200.56,7409.32,4,1,10,0.025928,-4957.18
C004,2025-06-07,19893.68,14226.64,1253200.56,1258867.6,5667.04,5,1,11,0.021593,4584.03
C004,2025-06-08,37766.45,29083.3,1258867.6,1267550.75,8683.15,6,0,12,0.017969,17641.16
C004,2025-06-09,43696.24,25821.93,1267550.75,1285425.06,17874.31,0,0,13,0.014933,10007.64
C004,2025-06-10,45501.4,55358.55,1285425.06,1275567.91,-9857.15,1,0,14,0.012384,2597.16
C004,2025-06-11,45127.41,27468.39,1275567.91,1293226.93,17659.02,2,0,15,0.010232,-4640.65
C004,2025-06-12,48379.48,19909.94,1293226.93,1321696.47,28469.54,3,0,16,0.008401,-16573.34
C004,2025-06-13,22114.92,9663.51,1321696.47,1334147.88,12451.41,4,1,17,0.006822,-5335.62
C004,2025-06-14,27906.73,13076.02,1334147.88,1348978.59,14830.71,5,1,18,0.005435,-5838.29
C004,2025-06-15,52567.71,26994.88,1348978.59,1374551.42,25572.83,6,0,19,0.004177,-86655.16
C004,2025-06-16,50886.95,32910.55,1374551.42,1392527.82,17976.4,0,0,20,0.002989,-88729.15
C004,2025-06-17,47328.91,24080.45,1392527.82,1415776.28,23248.46,1,0,21,0.001802,-85150.51
C004,2025-06-18,53027.5,34427.39,1415776.28,1434376.39,18600.11,2,0,22,0.000541,-91667.19
C004,2025-06-19,53316.01,23321.31,1434376.39,1464371.09,29994.7,3,0,23,-0.000892,-110227.19
C004,2025-06-20,23448.32,10328.79,1464371.09,1477490.62,13119.53,4,1,24,-0.002618,-99238.8
C004,2025-06-21,26513.77,15470.75,1477490.62,1488533.64,11043.02,5,1,25,-0.004798,-93082.45
C004,2025-06-22,49356.64,28881.97,1488533.64,1509008.31,20474.67,6,0,26,-0.00765,-89365.44
C004,2025-06-23,50601.13,34344.24,1509008.31,1525265.2,16256.89,0,0,27,-0.011472,-90374.11
C004,2025-06-24,53145.66,21568.42,1525265.2,1556842.44,31577.24,1,0,28,-0.016674,-96948.69
C004,2025-06-25,50987.81,31066.5,1556842.44,1576763.75,19921.31,2,0,29,-0.023823,-107294.01
C004,2025-06-26,48259.48,22251.07,1576763.75,1602772.16,26008.41,3,0,30,-0.033709,-120527.83
C004,2025-06-27,26223.49,429989.14,1602772.16,1199006.51,-403765.65,4,1,0,0.159998,-96671.12
C004,2025-06-28,28746.95,15502.18,1199006.51,1212251.28,13244.77,5,1,1,0.133397,-81117.16
C004,2025-06-29,51865.82,30540.02,1212251.28,1233577.08,21325.8,6,0,2,0.111219,-67719.62
C004,2025-06-30,50839.91,34486.59,1233577.08,1249930.4,16353.32,0,0,3,0.092727,-62511.81
C004,2025-07-01,52430.07,109708.6,1249930.4,1192651.87,-57278.53,1,0,4,0.077308,29221.41
C004,2025-07-02,50992.87,29205.83,1192651.87,1214438.91,21787.04,2,0,5,0.064451,-68279.63
C004,2025-07-03,53392.31,25052.7,1214438.91,1242778.52,28339.61,3,0,6,0.05373,-85895.33
C004,2025-07-04,23307.54,10833.28,1242778.52,1255252.78,12474.26,4,1,7,0.044788,-77477.08
C004,2025-07-05,28082.78,53148.48,1255252.78,1230187.08,-25065.7,5,1,8,0.03733,-33617.25
C004,2025-07-06,48659.89,30603.59,1230187.08,1248243.38,18056.3,6,0,9,0.031106,-57203.68
C004,2025-07-07,47579.38,32371.13,1248243.38,1263451.63,15208.25,0,0,10,0.02591,-49443.83
C004,2025-07-08,44739.05,22998.77,1263451.63,1285191.91,21740.28,1,0,11,0.021568,-36769.88
C004,2025-07-09,41658.84,31418.05,1285191.91,1295432.7,10240.79,2,0,12,0.017935,-34096.47
C004,2025-07-10,48061.65,65329.28,1295432.7,1278165.07,-17267.63,3,0,13,0.014886,-3668.73
C004,2025-07-11,20811.44,10390.23,1278165.07,1288586.28,10421.21,4,1,14,0.012318,-25111.63
C004,2025-07-12,28194.01,11657.16,1288586.28,1305123.13,16536.85,5,1,15,0.01014,-24720.08
C004,2025-07-13,50054.43,26365.3,1305123.13,1328812.26,23689.13,6,0,16,0.008273,-17227.05
C004,2025-07-14,47892.1,33564.06,1328812.26,1343140.3,14328.04,0,0,17,0.006644,-11925.42
C004,2025-07-15,51440.44,106684.48,1343140.3,1287896.26,-55244.04,1,0,18,0.005185,76161.71
C004,2025-07-16,47336.33,31433.92,1287896.26,1303798.67,15902.41,2,0,19,0.003829,71292.99
C004,2025-07-17,50550.38,23723.28,1303798.67,1330625.77,26827.1,3,0,20,0.002503,54020.34
C004,2025-07-18,22782.59,10699.16,1330625.77,1342709.2,12083.43,4,1,21,0.001125,60794.69
C004,2025-07-19,26168.1,14733.4,1342709.2,1354143.9,11434.7,5,1,22,-0.000405,66164.96
C004,2025-07-20,52051.44,27943.52,1354143.9,1378251.82,24107.92,6,0,23,-0.002211,73260.94
C004,2025-07-21,49778.65,32579.28,1378251.82,1395451.19,17199.37,0,0,24,-0.004459,74598.85
C004,2025-07-22,46615.04,22423.36,1395451.19,1419642.87,24191.68,1,0,25,-0.007368,79728.2
C004,2025-07-23,44565.82,29317.6,1419642.87,1434891.09,15248.22,2,0,26,-0.011237,78450.55
C004,2025-07-24,48390.37,23387.71,1434891.09,1459893.75,25002.66,3,0,27,-0.016478,69618.52
C004,2025-07-25,19886.27,10310.28,1459893.75,1469469.74,9575.99,4,1,28,-0.02366,91763.6
C004,2025-07-26,27846.14,15071.55,1469469.74,1482244.33,12774.59,5,1,29,-0.033573,105531.93
C004,2025-07-27,63612.52,443521.46,1482244.33,1102335.39,-379908.94,6,0,0,0.159998,522831.72
C004,2025-07-28,63325.71,34526.98,1102335.39,1131134.12,28798.73,0,0,1,0.133398,111106.22
C004,2025-07-29,58660.95,23937.61,1131134.12,1165857.46,34723.34,1,0,2,0.11122,118012.49
C004,2025-07-30,59588.91,38027.78,1165857.46,1187418.59,21561.13,2,0,3,0.092728,115061.71
C004,2025-07-31,62343.77,27889.08,1187418.59,1221873.28,34454.69,3,0,4,0.07731,101457.8
C004,2025-08-01,23924.16,99638.16,1221873.28,1146159.28,-75714.0,4,1,5,0.064454,207113.69
C004,2025-08-02,29194.14,18470.23,1146159.28,1156883.19,10723.91,5,1,6,0.053734,122041.69
C004,2025-08-03,54542.99,33650.48,1156883.19,1177775.7,20892.51,6,0,7,0.044795,135529.38
C004,2025-08-04,55591.64,36797.51,1177775.7,1196569.83,18794.13,0,0,8,0.037339,131950.31
C004,2025-08-05,58535.35,64065.48,1196569.83,1191039.7,-5530.13,1,0,9,0.031119,169675.49
C004,2025-08-06,58350.77,35382.67,1191039.7,1214007.8,22968.1,2,0,10,0.025928,120044.92
C004,2025-08-07,60309.81,25895.58,1214007.8,1248422.03,34414.23,3,0,11,0.021593,102702.68
C004,2025-08-08,24852.71,11938.51,1248422.03,1261336.23,12914.2,4,1,12,0.017969,119321.41
C004,2025-08-09,31224.38,18064.27,1261336.23,1274496.34,13160.11,5,1,13,0.014933,124404.94
C004,2025-08-10,63468.31,74490.0,1274496.34,1263474.65,-11021.69,6,0,14,0.012384,167064.43
C004,2025-08-11,57559.05,40630.65,1263474.65,1280403.05,16928.4,0,0,15,0.010232,138055.1
C004,2025-08-12,60312.19,29130.03,1280403.05,1311585.21,31182.16,1,0,16,0.008401,138352.13
C004,2025-08-13,59460.68,39831.01,1311585.21,1331214.88,19629.67,2,0,17,0.006822,132394.86
C004,2025-08-14,59686.2,26843.11,1331214.88,1364057.97,32843.09,3,0,18,0.005435,117571.42
C004,2025-08-15,23193.78,12160.09,1364057.97,1375091.66,11033.69,4,1,19,0.004177,129456.88
C004,2025-08-16,28009.32,18454.87,1375091.66,1384646.11,9554.45,5,1,20,0.002989,136936.82
C004,2025-08-17,56030.2,37172.42,1384646.11,1403503.89,18857.78,6,0,21,0.001802,145310.81
C004,2025-08-18,56417.55,39612.58,1403503.89,1420308.86,16804.97,0,0,22,0.000541,140779.55
C004,2025-08-19,59286.64,28082.74,1420308.86,1451512.76,31203.9,1,0,23,-0.000892,142445.88
C004,2025-08-20,55877.34,37340.06,1451512.76,1470050.04,18537.28,2,0,24,-0.002618,136688.54
C004,2025-08-21,54801.17,25480.14,1470050.04,1499371.07,29321.03,3,0,25,-0.004798,125844.03
C004,2025-08-22,27132.65,13162.08,1499371.07,1513341.64,13970.57,4,1,26,-0.00765,148051.78
C004,2025-08-23,35193.44,19022.81,1513341.64,1529512.27,16170.63,5,1,27,-0.011472,157677.6
C004,2025-08-24,61876.28,30155.21,1529512.27,1561233.34,31721.07,6,0,28,-0.016674,165455.72
C004,2025-08-25,65725.13,39182.21,1561233.34,1587776.26,26542.92,0,0,29,-0.023823,164273.15
C004,2025-08-26,66630.31,29239.46,1587776.26,1625167.11,37390.85,1,0,30,-0.033709,161996.21
C004,2025-08-27,69864.51,452791.28,1625167.11,1242240.34,-382926.77,2,0,0,0.159998,559602.32
C004,2025-08-28,66779.3,25149.69,1242240.34,1283869.95,41629.61,3,0,1,0.133398,122384.7
C004,2025-08-29,31774.53,13164.18,1283869.95,1302480.3,18610.35,4,1,2,0.11122,141017.91
C004,2025-08-30,39157.45,18306.67,1302480.3,1323331.08,20850.78,5,1,3,0.092728,147702.99
C004,2025-08-31,70220.41,40278.52,1323331.08,1353272.97,29941.89,6,0,4,0.07731,161638.96
C004,2025-09-01,60569.44,134917.53,1353272.97,1278924.88,-74348.09,0,0,5,0.064454,180767.58
C004,2025-09-02,64163.39,29783.19,1278924.88,1313305.08,34380.2,1,0,6,0.053734,185747.94
C004,2025-09-03,57320.62,42105.56,1313305.08,1328520.14,15215.06,2,0,7,0.044795,188391.05
C004,2025-09-04,57332.38,25137.33,1328520.14,1360715.19,32195.05,3,0,8,0.037339,178703.33
C004,2025-09-05,25402.68,52065.15,1360715.19,1334052.72,-26662.47,4,1,9,0.031119,206497.35
C004,2025-09-06,35120.46,18048.47,1334052.72,1351124.71,17071.99,5,1,10,0.025928,216211.66
C004,2025-09-07,62935.81,33402.88,1351124.71,1380657.64,29532.93,6,0,11,0.021593,224179.32
C004,2025-09-08,58016.48,39772.84,1380657.64,1398901.28,18243.64,0,0,12,0.017969,229373.48
C004,2025-09-09,59050.29,27412.49,1398901.28,1430539.08,31637.8,1,0,13,0.014933,228217.19
C004,2025-09-10,61520.9,73601.83,1430539.08,1418458.15,-12080.93,2,0,14,0.012384,222402.49
C004,2025-09-11,60774.93,29295.74,1418458.15,1449937.34,31479.19,3,0,15,0.010232,209502.77
C004,2025-09-12,27685.66,14013.26,1449937.34,1463609.74,13672.4,4,1,16,0.008401,226165.91
C004,2025-09-13,37111.26,19091.61,1463609.74,1481629.39,18019.65,5,1,17,0.006822,244713.37
C004,2025-09-14,63707.74,40788.59,1481629.39,1504548.54,22919.15,6,0,18,0.005435,260080.5
C004,2025-09-15,63728.74,46694.35,1504548.54,1521582.93,17034.39,0,0,19,0.004177,181619.41
C004,2025-09-16,58011.05,30779.28,1521582.93,1548814.7,27231.77,1,0,20,0.002989,192044.9
C004,2025-09-17,56860.82,44587.11,1548814.7,1561088.41,12273.71,2,0,21,0.001802,195613.48
C004,2025-09-18,62166.23,29296.0,1561088.41,1593958.64,32870.23,3,0,22,0.000541,179660.4
C004,2025-09-19,25976.08,13196.14,1593958.64,1606738.58,12779.94,4,1,23,-0.000892,194659.13
C004,2025-09-20,37162.32,18685.8,1606738.58,1625215.1,18476.52,5,1,24,-0.002618,210362.95
C004,2025-09-21,69339.74,33161.42,1625215.1,1661393.42,36178.32,6,0,25,-0.004798,212227.65
C004,2025-09-22,66059.15,40262.7,1661393.42,1687189.87,25796.45,0,0,26,-0.00765,211641.22
C004,2025-09-23,67205.67,27706.48,1687189.87,1726689.06,39499.19,1,0,27,-0.011472,209726.33
C004,2025-09-24,63423.21,38062.86,1726689.06,1752049.41,25360.35,2,0,28,-0.016674,201234.08
C004,2025-09-25,63771.07,28657.16,1752049.41,1787163.32,35113.91,3,0,29,-0.023823,181764.3
C004,2025-09-26,27280.19,12600.85,1787163.32,1801842.66,14679.34,4,1,30,-0.033709,198042.19
C004,2025-09-27,43162.75,438750.76,1801842.66,1406254.65,-395588.01,5,1,0,0.159998,221953.02
C004,2025-09-28,74700.46,37456.9,1406254.65,1443498.21,37243.56,6,0,1,0.133397,227168.41
C004,2025-09-29,67133.52,39597.66,1443498.21,1471034.07,27535.86,0,0,2,0.111219,229818.69
C004,2025-09-30,70691.35,26813.49,1471034.07,1514911.93,43877.86,1,0,3,0.092727,233193.28
C004,2025-10-01,70114.61,125334.08,1514911.93,1459692.46,-55219.47,2,0,4,0.077308,303781.61
C004,2025-10-02,67231.56,27871.0,1459692.46,1499053.02,39360.56,3,0,5,0.064451,197300.77
C004,2025-10-03,31135.42,13277.25,1499053.02,1516911.19,17858.17,4,1,6,0.05373,209040.12
C004,2025-10-04,39923.97,17416.64,1516911.19,1539418.52,22507.33,5,1,7,0.044788,213863.97
C004,2025-10-05,74848.12,73716.57,1539418.52,1540550.07,1131.55,6,0,8,0.03733,250961.14
C004,2025-10-06,73018.14,46231.84,1540550.07,1567336.37,26786.3,0,0,9,0.031106,211344.17
C004,2025-10-07,67180.18,29679.59,1567336.37,1604836.96,37500.59,1,0,10,0.02591,213007.33
C004,2025-10-08,61748.09,38310.29,1604836.96,1628274.76,23437.8,2,0,11,0.021568,205598.43
C004,2025-10-09,58213.78,27732.27,1628274.76,1658756.27,30481.51,3,0,12,0.017935,192984.85
C004,2025-10-10,25529.69,43425.32,1658756.27,1640860.64,-17895.63,4,1,13,0.014886,241265.5
C004,2025-10-11,37253.18,18673.71,1640860.64,1659440.11,18579.47,5,1,14,0.012318,216375.49
C004,2025-10-12,67235.72,36900.18,1659440.11,1689775.65,30335.54,6,0,15,0.01014,222313.57
C004,2025-10-13,74557.06,37989.95,1689775.65,1726342.76,36567.11,0,0,16,0.008273,210880.64
C004,2025-10-14,65684.92,27398.64,1726342.76,1764629.04,38286.28,1,0,17,0.006644,213219.0
C004,2025-10-15,64594.81,126021.51,1764629.04,1703202.34,-61426.7,2,0,18,0.005185,293493.43
C004,2025-10-16,64632.03,26974.77,1703202.34,1740859.6,37657.26,3,0,19,0.003829,278008.82
C004,2025-10-17,27899.7,12057.41,1740859.6,1756701.89,15842.29,4,1,20,0.002503,302587.22
C004,2025-10-18,34585.1,17667.95,1756701.89,1773619.04,16917.15,5,1,21,0.001125,325109.44
C004,2025-10-19,64131.88,36353.21,1773619.04,1801397.71,27778.67,6,0,22,-0.000405,341615.97
C004,2025-10-20,71464.07,37283.73,1801397.71,1835578.05,34180.34,0,0,23,-0.002211,331823.03
C004,2025-10-21,66340.47,28297.45,1835578.05,1873621.07,38043.02,1,0,24,-0.004459,334316.83
C004,2025-10-22,65219.55,40009.53,1873621.07,1898831.09,25210.02,2,0,25,-0.007368,327591.05
C004,2025-10-23,66658.07,29073.77,1898831.09,1936415.39,37584.3,3,0,26,-0.011237,305040.62
C004,2025-10-24,29398.1,12530.0,1936415.39,1953283.49,16868.1,4,1,27,-0.016478,313145.43
C004,2025-10-25,34495.46,18851.33,1953283.49,1968927.62,15644.13,5,1,28,-0.02366,319664.86
C004,2025-10-26,68099.98,37142.75,1968927.62,1999884.85,30957.23,6,0,29,-0.033573,334254.1
C004,2025-10-27,84224.62,455901.8,1999884.85,1628207.67,-371677.18,0,0,0,0.159998,726436.91
C004,2025-10-28,70890.87,28431.92,1628207.67,1670666.62,42458.95,1,0,1,0.133398,310842.03
C004,2025-10-29,70065.48,39879.34,1670666.62,1700852.76,30186.14,2,0,2,0.11122,298764.6
C004,2025-10-30,74816.55,27564.1,1700852.76,1748105.21,47252.45,3,0,3,0.092728,271594.34
C004,2025-10-31,28792.5,13423.64,1748105.21,1763474.07,15368.86,4,1,4,0.07731,294289.42
C004,2025-11-01,38942.07,106062.35,1763474.07,1696353.79,-67120.28,5,1,5,0.064454,303812.71
C004,2025-11-02,67769.78,38172.26,1696353.79,1725951.31,29597.52,6,0,6,0.053734,314176.56
C004,2025-11-03,69331.8,42000.62,1725951.31,1753282.49,27331.18,0,0,7,0.044795,309692.92
C004,2025-11-04,68122.23,29893.51,1753282.49,1791511.21,38228.72,1,0,8,0.037339,309565.36
C004,2025-11-05,64605.97,77436.64,1791511.21,1778680.54,-12830.67,2,0,9,0.031119,298761.48
C004,2025-11-06,65539.99,26376.24,1778680.54,1817844.29,39163.75,3,0,10,0.025928,275389.59
C004,2025-11-07,28866.28,12837.38,1817844.29,1833873.19,16028.9,4,1,11,0.021593,286719.31
C004,2025-11-08,35191.62,17323.69,1833873.19,1851741.12,17867.93,5,1,12,0.017969,292158.67
C004,2025-11-09,68343.18,37958.16,1851741.12,1882126.14,30385.02,6,0,13,0.014933,304366.33
C004,2025-11-10,65025.79,71336.33,1882126.14,1875815.6,-6310.54,0,0,14,0.012384,305130.23
C004,2025-11-11,63645.73,27372.11,1875815.6,1912089.22,36273.62,1,0,15,0.010232,307817.4
C004,2025-11-12,62756.61,37622.43,1912089.22,1937223.4,25134.18,2,0,16,0.008401,296107.59
C004,2025-11-13,66724.57,26099.93,1937223.4,1977848.04,40624.64,3,0,17,0.006822,270817.63
C004,2025-11-14,31820.55,12972.82,1977848.04,1996695.77,18847.73,4,1,18,0.005435,279177.59
C004,2025-11-15,39617.89,17445.24,1996695.77,2018868.42,22172.65,5,1,19,0.004177,270551.44
C004,2025-11-16,75277.95,34857.26,2018868.42,2059289.11,40420.69,6,0,20,0.002989,264542.08
C004,2025-11-17,80128.7,40689.33,2059289.11,2098728.48,39439.37,0,0,21,0.001802,251701.47
C004,2025-11-18,73865.91,29580.71,2098728.48,2143013.68,44285.2,1,0,22,0.000541,242268.82
C004,2025-11-19,67136.39,42748.99,2143013.68,2167401.08,24387.4,2,0,23,-0.000892,233834.25
C004,2025-11-20,71096.93,30560.11,2167401.08,2207937.9,40536.82,3,0,24,-0.002618,208690.22
C004,2025-11-21,32113.97,13629.73,2207937.9,2226422.14,18484.24,4,1,25,-0.004798,225069.74
C004,2025-11-22,35494.13,20460.26,2226422.14,2241456.01,15033.87,5,1,26,-0.00765,240743.42
C004,2025-11-23,64147.38,39174.47,2241456.01,2266428.92,24972.91,6,0,27,-0.011472,251542.77
C004,2025-11-24,63054.13,40890.57,2266428.92,2288592.48,22163.56,0,0,28,-0.016674,256405.06
C004,2025-11-25,74004.12,28457.65,2288592.48,2334138.95,45546.47,1,0,29,-0.023823,241309.45
C004,2025-11-26,61144.29,40638.66,2334138.95,2354644.58,20505.63,2,0,30,-0.033709,235671.0
C004,2025-11-27,71647.34,444783.27,2354644.58,1981508.65,-373135.93,3,0,0,0.159998,212669.57
C004,2025-11-28,29616.5,11507.79,1981508.65,1999617.36,18108.71,4,1,1,0.133397,225767.54
C004,2025-11-29,36423.16,16340.97,1999617.36,2019699.55,20082.19,5,1,2,0.111219,228634.33
C004,2025-11-30,70430.02,32366.08,2019699.55,2057763.49,38063.94,6,0,3,0.092727,227676.29
C004,2025-12-01,72359.76,129956.75,2057763.49,2000166.5,-57596.99,0,0,4,0.077308,313205.62
C004,2025-12-02,69172.8,29211.43,2000166.5,2040127.87,39961.37,1,0,5,0.064451,
C004,2025-12-03,65119.53,42271.99,2040127.87,2062975.41,22847.54,2,0,6,0.05373,
C004,2025-12-04,67546.68,29445.52,2062975.41,2101076.57,38101.16,3,0,7,0.044788,
C004,2025-12-05,27892.81,51527.36,2101076.57,2077442.02,-23634.55,4,1,8,0.03733,
C004,2025-12-06,35467.42,19675.56,2077442.02,2093233.88,15791.86,5,1,9,0.031106,
C004,2025-12-07,63348.69,35990.07,2093233.88,2120592.5,27358.62,6,0,10,0.02591,
C004,2025-12-08,65140.76,41833.47,2120592.5,2143899.79,23307.29,0,0,11,0.021568,
C004,2025-12-09,71941.55,29348.87,2143899.79,2186492.47,42592.68,1,0,12,0.017935,
C004,2025-12-10,65688.2,71234.84,2186492.47,2180945.83,-5546.64,2,0,13,0.014886,
C004,2025-12-11,66185.58,27224.79,2180945.83,2219906.62,38960.79,3,0,14,0.012318,
C004,2025-12-12,26692.05,13267.68,2219906.62,2233330.99,13424.37,4,1,15,0.01014,
C004,2025-12-13,34848.97,19514.29,2233330.99,2248665.67,15334.68,5,1,16,0.008273,
C004,2025-12-14,61742.66,34534.97,2248665.67,2275873.36,27207.69,6,0,17,0.006644,
C004,2025-12-15,57436.1,43889.6,2275873.36,2289419.86,13546.5,0,0,18,0.005185,
C004,2025-12-16,61422.89,27011.56,2289419.86,2323831.19,34411.33,1,0,19,0.003829,
C004,2025-12-17,62308.86,35710.1,2323831.19,2350429.95,26598.76,2,0,20,0.002503,
C004,2025-12-18,61356.76,26504.21,2350429.95,2385282.5,34852.55,3,0,21,0.001125,
C004,2025-12-19,28471.22,12518.39,2385282.5,2401235.33,15952.83,4,1,22,-0.000405,
C004,2025-12-20,33044.89,17652.1,2401235.33,2416628.12,15392.79,5,1,23,-0.002211,
C004,2025-12-21,64990.98,30127.22,2416628.12,2451491.88,34863.76,6,0,24,-0.004459,
C004,2025-12-22,66337.53,35629.98,2451491.88,2482199.43,30707.55,0,0,25,-0.007368,
C004,2025-12-23,66428.62,30656.36,2482199.43,2517971.69,35772.26,1,0,26,-0.011237,
C004,2025-12-24,64467.52,37441.67,2517971.69,2544997.54,27025.85,2,0,27,-0.016478,
C004,2025-12-25,59532.21,29081.35,2544997.54,2575448.4,30450.86,3,0,28,-0.02366,
C004,2025-12-26,27766.04,12898.86,2575448.4,2590315.58,14867.18,4,1,29,-0.033573,
C004,2025-12-27,36591.93,432729.29,2590315.58,2194178.22,-396137.36,5,1,0,0.159998,
C004,2025-12-28,68036.71,36830.03,2194178.22,2225384.9,31206.68,6,0,1,0.133398,
C004,2025-12-29,64102.5,41153.52,2225384.9,2248333.88,22948.98,0,0,2,0.11122,
C004,2025-12-30,66359.9,29254.0,2248333.88,2285439.78,37105.9,1,0,3,0.092728,
C004,2025-12-31,60829.46,32897.12,2285439.78,2313372.12,27932.34,2,0,4,0.07731,
C005,2021-01-01,22799.7,39078.82,840000.0,823720.88,-16279.12,4,1,5,0.120852,-11928.21
C005,2021-01-02,18137.61,7554.74,823720.88,834303.75,10582.87,5,1,6,0.100752,-54644.37
C005,2021-01-03,16080.47,13239.99,834303.75,837144.23,2840.48,6,0,7,0.08399,-49364.23
C005,2021-01-04,19239.55,16915.93,837144.23,839467.85,2323.62,0,0,8,0.07001,-49207.91
C005,2021-01-05,16567.4,69237.03,839467.85,786798.22,-52669.63,1,0,9,0.058347,12652.47
C005,2021-01-06,17316.0,13609.58,786798.22,790504.64,3706.42,2,0,10,0.048614,-60586.94
C005,2021-01-07,20012.6,9949.42,790504.64,800567.82,10063.18,3,0,11,0.040486,-58741.95
C005,2021-01-08,21237.57,4662.13,800567.82,817143.26,16575.44,4,1,12,0.033691,-72219.8
C005,2021-01-09,22638.28,6830.06,817143.26,832951.48,15808.22,5,1,13,0.028,-84656.98
C005,2021-01-10,16559.03,26914.22,832951.48,822596.29,-10355.19,6,0,14,0.02322,-66062.83
C005,2021-01-11,16461.74,15242.47,822596.29,823815.56,1219.27,0,0,15,0.019185,-75105.97
C005,2021-01-12,17693.42,10646.03,823815.56,830862.95,7047.39,1,0,16,0.015751,-70452.39
C005,2021-01-13,17807.93,14700.82,830862.95,833970.06,3107.11,2,0,17,0.012792,-56727.81
C005,2021-01-14,19513.16,9959.9,833970.06,843523.32,9553.26,3,0,18,0.01019,-51959.63
C005,2021-01-15,22673.92,25828.01,843523.32,840369.23,-3154.09,4,1,19,0.007832,-44650.49
C005,2021-01-16,18326.19,6300.39,840369.23,852395.03,12025.8,5,1,20,0.005604,-56057.1
C005,2021-01-17,14321.12,13123.03,852395.03,853593.12,1198.09,6,0,21,0.00338,-48059.31
C005,2021-01-18,13984.89,14120.08,853593.12,853457.93,-135.19,0,0,22,0.001014,-44983.24
C005,2021-01-19,13057.6,10207.13,853457.93,856308.4,2850.47,1,0,23,-0.001672,-41290.45
C005,2021-01-20,16303.86,86433.21,856308.4,786179.05,-70129.35,2,0,24,-0.004908,45994.18
C005,2021-01-21,18799.17,9934.87,786179.05,795043.35,8864.3,3,0,25,-0.008996,52983.06
C005,2021-01-22,20029.56,4195.76,795043.35,810877.15,15833.8,4,1,26,-0.014344,41361.97
C005,2021-01-23,20205.09,5790.6,810877.15,825291.64,14414.49,5,1,27,-0.02151,29875.35
C005,2021-01-24,16033.09,12839.48,825291.64,828485.25,3193.61,6,0,28,-0.031263,35413.26
C005,2021-01-25,18403.28,13488.3,828485.25,833400.23,4914.98,0,0,29,-0.044669,32981.03
C005,2021-01-26,15528.18,9148.18,833400.23,839780.23,6380.0,1,0,30,-0.063205,36268.33
C005,2021-01-27,22838.08,100800.95,839780.23,761817.36,-77962.87,2,0,0,0.299997,128125.04
C005,2021-01-28,23009.52,11120.3,761817.36,773706.58,11889.22,3,0,1,0.250122,47112.65
C005,2021-01-29,25880.85,4598.92,773706.58,794988.51,21281.93,4,1,2,0.208537,32371.49
C005,2021-01-30,20794.19,7140.7,794988.51,808642.0,13653.49,5,1,3,0.173866,-13227.8
C005,2021-01-31,18135.26,14984.59,808642.0,811792.67,3150.67,6,0,4,0.144956,-8079.9
C005,2021-02-01,20097.89,52231.18,811792.67,779659.38,-32133.29,0,0,5,0.120852,26152.57
C005,2021-02-02,18506.07,10385.45,779659.38,787780.0,8120.62,1,0,6,0.100752,27996.9
C005,2021-02-03,18346.82,15866.88,787780.0,790259.94,2479.94,2,0,7,0.08399,-15051.58
C005,2021-02-04,19760.37,10569.62,790259.94,799450.69,9190.75,3,0,8,0.07001,-9661.17
C005,2021-02-05,19052.03,88585.02,799450.69,729917.7,-69532.99,4,1,9,0.058347,65874.97
C005,2021-02-06,18929.18,7021.01,729917.7,741825.87,11908.17,5,1,10,0.048614,56209.25
C005,2021-02-07,16609.79,13512.2,741825.87,744923.46,3097.59,6,0,11,0.040486,60495.94
C005,2021-02-08,18740.93,15369.89,744923.46,748294.5,3371.04,0,0,12,0.033691,45924.16
C005,2021-02-09,17534.47,9295.51,748294.5,756533.46,8238.96,1,0,13,0.028,49409.48
C005,2021-02-10,18507.44,26331.31,756533.46,748709.59,-7823.87,2,0,14,0.02322,76251.22
C005,2021-02-11,20961.02,9260.05,748709.59,760410.56,11700.97,3,0,15,0.019185,76483.66
C005,2021-02-12,22126.7,5295.01,760410.56,777242.25,16831.69,4,1,16,0.015751,61341.32
C005,2021-02-13,20495.45,6174.01,777242.25,791563.69,14321.44,5,1,17,0.012792,48460.24
C005,2021-02-14,16665.18,12510.13,791563.69,795718.74,4155.05,6,0,18,0.01019,51141.2
C005,2021-02-15,18051.51,17432.32,795718.74,796337.93,619.19,0,0,19,0.007832,53881.02
C005,2021-02-16,18800.54,9604.66,796337.93,805533.81,9195.88,1,0,20,0.005604,54116.01
C005,2021-02-17,17987.2,15046.32,805533.81,808474.69,2940.88,2,0,21,0.00338,66307.47
C005,2021-02-18,17362.24,10818.98,808474.69,815017.95,6543.26,3,0,22,0.001014,72875.16
C005,2021-02-19,21444.0,4288.72,815017.95,832173.23,17155.28,4,1,23,-0.001672,59288.57
C005,2021-02-20,21884.82,6031.64,832173.23,848026.41,15853.18,5,1,24,-0.004908,43883.62
C005,2021-02-21,18381.72,14169.01,848026.41,852239.12,4212.71,6,0,25,-0.008996,43605.64
C005,2021-02-22,18685.09,15757.22,852239.12,855166.99,2927.87,0,0,26,-0.014344,42258.89
C005,2021-02-23,19022.74,10291.22,855166.99,863898.51,8731.52,1,0,27,-0.02151,38962.34
C005,2021-02-24,18599.93,16117.18,863898.51,866381.26,2482.75,2,0,28,-0.031263,48468.57
C005,2021-02-25,19813.03,10145.73,866381.26,876048.56,9667.3,3,0,29,-0.044669,-30492.12
C005,2021-02-26,18529.25,4635.41,876048.56,889942.4,13893.84,4,1,30,-0.063205,-41445.57
C005,2021-02-27,25974.03,95097.2,889942.4,820819.23,-69123.17,5,1,0,0.299992,29386.94
C005,2021-02-28,19642.24,13101.47,820819.23,827360.0,6540.77,6,0,1,0.250115,31824.87
C005,2021-03-01,18738.85,50684.65,827360.0,795414.2,-31945.8,0,0,2,0.208528,66880.99
C005,2021-03-02,19414.82,11116.25,795414.2,803712.77,8298.57,1,0,3,0.173852,32978.31
C005,2021-03-03,18031.52,15932.34,803712.77,805811.95,2099.18,2,0,4,0.144937,49832.34
C005,2021-03-04,20228.41,10263.46,805811.95,815776.9,9964.95,3,0,5,0.120825,49504.34
C005,2021-03-05,23851.33,64419.87,815776.9,775208.36,-40568.54,4,1,6,0.100714,87420.39
C005,2021-03-06,22020.59,7439.43,775208.36,789789.52,14581.16,5,1,7,0.083938,8620.54
C005,2021-03-07,19156.83,13153.68,789789.52,795792.67,6003.15,6,0,8,0.069937,5630.99
C005,2021-03-08,18466.8,16224.35,795792.67,798035.12,2242.45,0,0,9,0.058246,972.44
C005,2021-03-09,18207.07,10822.79,798035.12,805419.4,7384.28,1,0,10,0.048473,1717.86
C005,2021-03-10,18708.17,29908.91,805419.4,794218.66,-11200.74,2,0,11,0.040289,30565.69
C005,2021-03-11,20708.9,8984.62,794218.66,805942.94,11724.28,3,0,12,0.033416,19026.55
C005,2021-03-12,23716.71,4698.84,805942.94,824960.81,19017.87,4,1,13,0.027617,3162.36
C005,2021-03-13,19305.77,7372.36,824960.81,836894.22,11933.41,5,1,14,0.022685,-8798.23
C005,2021-03-14,16605.63,14916.28,836894.22,838583.57,1689.35,6,0,15,0.018438,-2851.26
C005,2021-03-15,16284.66,14844.3,838583.57,840023.93,1440.36,0,0,16,0.014709,-141.69
C005,2021-03-16,17821.91,10985.9,840023.93,846859.94,6836.01,1,0,17,0.011338,-21162.06
C005,2021-03-17,17539.2,14180.19,846859.94,850218.95,3359.01,2,0,18,0.00816,-6049.37
C005,2021-03-18,19638.88,10208.01,850218.95,859649.82,9430.87,3,0,19,0.005,790.97
C005,2021-03-19,20361.07,5228.73,859649.82,874782.16,15132.34,4,1,20,0.001651,-8640.37
C005,2021-03-20,19826.34,6715.39,874782.16,887893.11,13110.95,5,1,21,-0.002137,-18236.51
C005,2021-03-21,15779.42,12210.73,887893.11,891461.8,3568.69,6,0,22,-0.006685,-22420.49
C005,2021-03-22,16161.26,15713.03,891461.8,891910.03,448.23,0,0,23,-0.012418,-18435.56
C005,2021-03-23,14138.89,10204.16,891910.03,895844.76,3934.73,1,0,24,-0.019904,-12909.96
C005,2021-03-24,15898.69,14317.57,895844.76,897425.88,1581.12,2,0,25,-0.029925,4900.87
C005,2021-03-25,16515.68,11080.71,897425.88,902860.85,5434.97,3,0,26,-0.043552,11985.7
C005,2021-03-26,16943.2,4954.22,902860.85,914849.83,11988.98,4,1,27,-0.062274,1201.13
C005,2021-03-27,25395.55,94688.94,914849.83,845556.44,-69293.39,5,1,0,0.299997,75217.43
C005,2021-03-28,18627.17,15686.78,845556.44,848496.83,2940.39,6,0,1,0.250122,-6471.7
C005,2021-03-29,19088.6,17379.26,848496.83,850206.17,1709.34,0,0,2,0.208537,577.64
C005,2021-03-30,21487.46,12508.76,850206.17,859184.87,8978.7,1,0,3,0.173866,1596.79
C005,2021-03-31,21325.19,18214.87,859184.87,862295.19,3110.32,2,0,4,0.144956,19234.54
C005,2021-04-01,21387.0,46991.11,862295.19,836691.08,-25604.11,3,0,5,0.120852,27279.51
C005,2021-04-02,25100.6,6147.39,836691.08,855644.29,18953.21,4,1,6,0.100752,13518.77
C005,2021-04-03,20549.44,10912.49,855644.29,865281.24,9636.95,5,1,7,0.08399,7881.04
C005,2021-04-04,15017.36,17669.85,865281.24,862628.75,-2652.49,6,0,8,0.07001,19772.79
C005,2021-04-05,16530.64,80749.33,862628.75,798410.06,-64218.69,0,0,9,0.058347,28387.25
C005,2021-04-06,16079.78,13066.18,798410.06,801423.66,3013.6,1,0,10,0.048614,35114.22
C005,2021-04-07,16187.81,18603.91,801423.66,799007.56,-2416.1,2,0,11,0.040486,58065.25
C005,2021-04-08,19149.79,11020.09,799007.56,807137.26,8129.7,3,0,12,0.033691,68551.1
C005,2021-04-09,22763.72,5116.63,807137.26,824784.35,17647.09,4,1,13,0.028,56692.11
C005,2021-04-10,20379.92,20194.78,824784.35,824969.49,185.14,5,1,14,0.02322,46859.06
C005,2021-04-11,16100.59,12946.91,824969.49,828123.17,3153.68,6,0,15,0.019185,56251.93
C005,2021-04-12,15290.9,15318.08,828123.17,828095.99,-27.18,0,0,16,0.015751,62288.6
C005,2021-04-13,18349.57,10713.25,828095.99,835732.31,7636.32,1,0,17,0.012792,60408.62
C005,2021-04-14,18265.21,14115.28,835732.31,839882.24,4149.93,2,0,18,0.01019,69209.2
C005,2021-04-15,17563.23,31747.59,839882.24,825697.88,-14184.36,3,0,19,0.007832,90778.78
C005,2021-04-16,22684.93,4213.23,825697.88,844169.58,18471.7,4,1,20,0.005604,71816.31
C005,2021-04-17,22922.87,6651.66,844169.58,860440.79,16271.21,5,1,21,0.00338,51875.39
C005,2021-04-18,19464.98,13763.98,860440.79,866141.79,5701.0,6,0,22,0.001014,47427.6
C005,2021-04-19,19551.6,16036.79,866141.79,869656.6,3514.81,0,0,23,-0.001672,46453.19
C005,2021-04-20,17956.15,18571.44,869656.6,869041.31,-615.29,1,0,24,-0.004908,54639.93
C005,2021-04-21,18824.12,14390.96,869041.31,873474.47,4433.16,2,0,25,-0.008996,64313.47
C005,2021-04-22,20148.86,10688.53,873474.47,882934.8,9460.33,3,0,26,-0.014344,67279.44
C005,2021-04-23,23900.99,4509.04,882934.8,902326.75,19391.95,4,1,27,-0.02151,49707.39
C005,2021-04-24,19746.86,7227.06,902326.75,914846.55,12519.8,5,1,28,-0.031263,38823.24
C005,2021-04-25,14936.91,13732.5,914846.55,916050.96,1204.41,6,0,29,-0.044669,43143.41
C005,2021-04-26,18611.89,13888.98,916050.96,920773.87,4722.91,0,0,30,-0.063205,39447.18
C005,2021-04-27,20882.24,99630.98,920773.87,842025.13,-78748.74,1,0,0,0.299996,42525.72
C005,2021-04-28,24869.19,16110.51,842025.13,850783.81,8758.68,2,0,1,0.25012,50615.62
C005,2021-04-29,22146.99,12149.14,850783.81,860781.66,9997.85,3,0,2,0.208535,54893.62
C005,2021-04-30,25809.39,5061.32,860781.66,881529.73,20748.07,4,1,3,0.173862,40473.04
C005,2021-05-01,25141.33,42700.47,881529.73,863970.59,-17559.14,5,1,4,0.144952,62423.41
C005,2021-05-02,19611.9,14419.43,863970.59,869163.06,5192.47,6,0,5,0.120845,29425.35
C005,2021-05-03,22474.4,18475.18,869163.06,873162.28,3999.22,0,0,6,0.100743,27032.84
C005,2021-05-04,21566.69,12327.43,873162.28,882401.54,9239.26,1,0,7,0.083978,23330.77
C005,2021-05-05,21829.52,77433.75,882401.54,826797.31,-55604.23,2,0,8,0.069993,93425.91
C005,2021-05-06,21820.48,12079.91,826797.31,836537.88,9740.57,3,0,9,0.058324,34198.15
C005,2021-05-07,26047.44,5512.51,836537.88,857072.81,20534.93,4,1,10,0.048582,12677.82
C005,2021-05-08,26582.37,7966.82,857072.81,875688.36,18615.55,5,1,11,0.040441,-1385.3
C005,2021-05-09,21719.62,15931.52,875688.36,881476.46,5788.1,6,0,12,0.033628,-2396.3
C005,2021-05-10,24463.93,34111.84,881476.46,871828.55,-9647.91,0,0,13,0.027912,8200.63
C005,2021-05-11,25996.95,13450.4,871828.55,884375.1,12546.55,1,0,14,0.023097,-14907.88
C005,2021-05-12,25422.82,19413.33,884375.1,890384.59,6009.49,2,0,15,0.019013,-9123.2
C005,2021-05-13,18442.84,12686.5,890384.59,896140.93,5756.34,3,0,16,0.015511,-5356.2
C005,2021-05-14,18596.9,5646.39,896140.93,909091.44,12950.51,4,1,17,0.012457,-16772.07
C005,2021-05-15,15248.77,7863.55,909091.44,916476.66,7385.22,5,1,18,0.009722,-22758.03
C005,2021-05-16,13672.99,14163.76,916476.66,915985.89,-490.77,6,0,19,0.00718,-18457.15
C005,2021-05-17,13284.51,16954.22,915985.89,912316.18,-3669.71,0,0,20,0.004694,-13927.14
C005,2021-05-18,11853.08,10599.87,912316.18,913569.39,1253.21,1,0,21,0.002109,-9334.3
C005,2021-05-19,14485.13,11944.73,913569.39,916109.79,2540.4,2,0,22,-0.000759,-1420.4
C005,2021-05-20,15966.29,8394.84,916109.79,923681.24,7571.45,3,0,23,-0.004146,1661.69
C005,2021-05-21,17984.05,3877.35,923681.24,937787.94,14106.7,4,1,24,-0.008361,-10116.16
C005,2021-05-22,17205.32,4779.02,937787.94,950214.24,12426.3,5,1,25,-0.013814,-23121.25
C005,2021-05-23,13447.24,11627.34,950214.24,952034.14,1819.9,6,0,26,-0.021069,-20804.81
C005,2021-05-24,13227.47,11591.82,952034.14,953669.79,1635.65,0,0,27,-0.030895,-21964.29
C005,2021-05-25,14774.15,9249.57,953669.79,959194.37,5524.58,1,0,28,-0.044362,-22657.82
C005,2021-05-26,13327.81,12301.13,959194.37,960221.05,1026.68,2,0,29,-0.062949,-14840.24
C005,2021-05-27,21105.58,96775.78,960221.05,884550.85,-75670.2,3,0,0,0.299997,68684.86
C005,2021-05-28,21293.87,4445.29,884550.85,901399.43,16848.58,4,1,1,0.250122,-29952.62
C005,2021-05-29,20747.17,6471.32,901399.43,915675.28,14275.85,5,1,2,0.208537,-38845.95
C005,2021-05-30,17360.59,11033.1,915675.28,922002.77,6327.49,6,0,3,0.173866,-38858.3
C005,2021-05-31,17650.01,13258.78,922002.77,926394.0,4391.23,0,0,4,0.144956,-40855.7
C005,2021-06-01,16453.53,44259.12,926394.0,898588.41,-27805.59,1,0,5,0.120852,-41300.45
C005,2021-06-02,16182.51,14575.8,898588.41,900195.12,1606.71,2,0,6,0.100752,-32050.09
C005,2021-06-03,16132.52,10595.33,900195.12,905732.31,5537.19,3,0,7,0.08399,-31057.39
C005,2021-06-04,19066.59,4575.68,905732.31,920223.22,14490.91,4,1,8,0.07001,-44394.15
C005,2021-06-05,15598.33,65085.52,920223.22,870736.03,-49487.19,5,1,9,0.058347,-53488.51
C005,2021-06-06,12190.0,13175.4,870736.03,869750.63,-985.4,6,0,10,0.048614,-49161.55
C005,2021-06-07,16715.01,12162.58,869750.63,874303.06,4552.43,0,0,11,0.040486,-53270.23
C005,2021-06-08,14453.18,9676.08,874303.06,879080.16,4777.1,1,0,12,0.033691,-53398.29
C005,2021-06-09,13364.0,12414.98,879080.16,880029.18,949.02,2,0,13,0.028,-43154.34
C005,2021-06-10,12921.2,23483.16,880029.18,869467.22,-10561.96,3,0,14,0.02322,-45688.03
C005,2021-06-11,15795.22,4001.05,869467.22,881261.39,11794.17,4,1,15,0.019185,-57620.82
C005,2021-06-12,14816.97,5293.63,881261.39,890784.73,9523.34,5,1,16,0.015751,-69096.46
C005,2021-06-13,12669.99,11135.35,890784.73,892319.37,1534.64,6,0,17,0.012792,-68204.44
C005,2021-06-14,13720.09,12320.83,892319.37,893718.63,1399.26,0,0,18,0.01019,-69780.58
C005,2021-06-15,12716.43,8906.32,893718.63,897528.74,3810.11,1,0,19,0.007832,-89971.14
C005,2021-06-16,12217.07,11356.77,897528.74,898389.04,860.3,2,0,20,0.005604,-78363.34
C005,2021-06-17,14556.63,8710.58,898389.04,904235.09,5846.05,3,0,21,0.00338,-73729.4
C005,2021-06-18,14246.46,3792.16,904235.09,914689.39,10454.3,4,1,22,0.001014,-81846.69
C005,2021-06-19,15526.28,4872.74,914689.39,925342.93,10653.54,5,1,23,-0.001672,-91365.76
C005,2021-06-20,13111.75,10782.9,925342.93,927671.78,2328.85,6,0,24,-0.004908,-164473.99
C005,2021-06-21,11688.24,12267.03,927671.78,927092.99,-578.79,0,0,25,-0.008996,-164942.38
C005,2021-06-22,12534.21,8397.87,927092.99,931229.33,4136.34,1,0,26,-0.014344,-167695.16
C005,2021-06-23,11440.38,10964.21,931229.33,931705.5,476.17,2,0,27,-0.02151,-161360.0
C005,2021-06-24,12658.77,7827.72,931705.5,936536.55,4831.05,3,0,28,-0.031263,-160192.61
C005,2021-06-25,12578.83,3734.57,936536.55,945380.81,8844.26,4,1,29,-0.044669,-168429.05
C005,2021-06-26,12945.82,5090.92,945380.81,953235.71,7854.9,5,1,30,-0.063205,-176074.62
C005,2021-06-27,14626.45,96415.35,953235.71,871446.81,-81788.9,6,0,0,0.299996,-175720.58
C005,2021-06-28,14822.01,9439.49,871446.81,876829.33,5382.52,0,0,1,0.25012,-178533.0
C005,2021-06-29,14621.87,8306.73,876829.33,883144.47,6315.14,1,0,2,0.208535,-178257.04
C005,2021-06-30,12855.7,10461.87,883144.47,885538.3,2393.83,2,0,3,0.173862,-170395.56
C005,2021-07-01,13806.39,42056.73,885538.3,857287.96,-28250.34,3,0,4,0.144952,-132067.27
C005,2021-07-02,14645.03,3787.96,857287.96,868145.03,10857.07,4,1,5,0.120845,-175439.32
C005,2021-07-03,12335.82,5805.93,868145.03,874674.92,6529.89,5,1,6,0.100743,-182022.95
C005,2021-07-04,12212.67,11058.52,874674.92,875829.07,1154.15,6,0,7,0.083978,-180501.69
C005,2021-07-05,11875.2,70456.75,875829.07,817247.52,-58581.55,0,0,8,0.069993,-122022.72
C005,2021-07-06,11610.92,8269.36,817247.52,820589.08,3341.56,1,0,9,0.058324,-180310.01
C005,2021-07-07,12154.76,11711.01,820589.08,821032.83,443.75,2,0,10,0.048582,-169788.29
C005,2021-07-08,12217.73,7568.69,821032.83,825681.87,4649.04,3,0,11,0.040441,-164595.69
C005,2021-07-09,14665.65,3472.68,825681.87,836874.84,11192.97,4,1,12,0.033628,-175774.29
C005,2021-07-10,12874.25,25969.9,836874.84,823779.19,-13095.65,5,1,13,0.027912,-163770.25
C005,2021-07-11,9143.46,9282.08,823779.19,823640.57,-138.62,6,0,14,0.023097,-179541.97
C005,2021-07-12,10628.12,12580.42,823640.57,821688.27,-1952.3,0,0,15,0.019013,-177878.38
C005,2021-07-13,10167.74,7741.08,821688.27,824114.93,2426.66,1,0,16,0.015511,-175071.76
C005,2021-07-14,10317.42,10494.3,824114.93,823938.05,-176.88,2,0,17,0.012457,-165180.27
C005,2021-07-15,12194.7,28575.15,823938.05,807557.6,-16380.45,3,0,18,0.009722,-141230.19
C005,2021-07-16,15830.53,3362.43,807557.6,820025.7,12468.1,4,1,19,0.00718,-155366.87
C005,2021-07-17,14926.22,4446.23,820025.7,830505.69,10479.99,5,1,20,0.004694,-164469.97
C005,2021-07-18,12919.73,10582.72,830505.69,832842.7,2337.01,6,0,21,0.002109,-163417.27
C005,2021-07-19,11976.61,10842.14,832842.7,833977.17,1134.47,0,0,22,-0.000759,-164473.67
C005,2021-07-20,9716.5,80495.88,833977.17,763197.79,-70779.38,1,0,23,-0.004146,-90210.25
C005,2021-07-21,9145.69,10192.87,763197.79,762150.61,-1047.18,2,0,24,-0.008361,-80448.88
C005,2021-07-22,9055.33,7671.77,762150.61,763534.17,1383.56,3,0,25,-0.013814,-73021.67
C005,2021-07-23,10355.65,3544.32,763534.17,770345.5,6811.33,4,1,26,-0.021069,-79978.71
C005,2021-07-24,10356.08,4357.64,770345.5,776343.94,5998.44,5,1,27,-0.030895,-86948.51
C005,2021-07-25,8955.91,8348.09,776343.94,776951.76,607.82,6,0,28,-0.044362,-84707.07
C005,2021-07-26,9969.1,9759.77,776951.76,777161.09,209.33,0,0,29,-0.062949,-85858.63
C005,2021-07-27,13916.43,95351.29,777161.09,695726.23,-81434.86,1,0,0,0.299997,666.87
C005,2021-07-28,11592.45,9022.35,695726.23,698296.33,2570.1,2,0,1,0.250122,-73828.92
C005,2021-07-29,13832.99,7241.89,698296.33,704887.43,6591.1,3,0,2,0.208537,-64823.58
C005,2021-07-30,13981.72,3726.41,704887.43,715142.74,10255.31,4,1,3,0.173866,-69098.33
C005,2021-07-31,14752.05,4674.1,715142.74,725220.69,10077.95,5,1,4,0.144956,-77268.77
C005,2021-08-01,11254.12,43769.1,725220.69,692705.71,-32514.98,6,0,5,0.120852,-41949.7
C005,2021-08-02,10618.72,10672.46,692705.71,692651.97,-53.74,0,0,6,0.100752,-75237.31
C005,2021-08-03,10895.87,8220.46,692651.97,695327.38,2675.41,1,0,7,0.08399,-71830.15
C005,2021-08-04,10957.09,11059.67,695327.38,695224.8,-102.58,2,0,8,0.07001,-59169.68
C005,2021-08-05,11872.64,66818.37,695224.8,640279.07,-54945.73,3,0,9,0.058347,5502.75
C005,2021-08-06,14566.55,3601.08,640279.07,651244.54,10965.47,4,1,10,0.048614,-63150.02
C005,2021-08-07,15130.85,5289.21,651244.54,661086.18,9841.64,5,1,11,0.040486,-73819.74
C005,2021-08-08,10048.27,10033.9,661086.18,661100.55,14.37,6,0,12,0.033691,-72183.85
C005,2021-08-09,11095.68,12187.29,661100.55,660008.94,-1091.61,0,0,13,0.028,-69856.46
C005,2021-08-10,11279.26,27189.6,660008.94,644098.6,-15910.34,1,0,14,0.02322,-49703.78
C005,2021-08-11,12086.87,12375.58,644098.6,643809.89,-288.71,2,0,15,0.019185,-52579.85
C005,2021-08-12,13173.52,7940.24,643809.89,649043.17,5233.28,3,0,16,0.015751,-48148.64
C005,2021-08-13,14182.64,4468.03,649043.17,658757.78,9714.61,4,1,17,0.012792,-57001.07
C005,2021-08-14,13154.48,5584.85,658757.78,666327.41,7569.63,5,1,18,0.01019,-68301.97
C005,2021-08-15,9552.35,11220.93,666327.41,664658.83,-1668.58,6,0,19,0.007832,-65299.69
C005,2021-08-16,12896.79,11519.9,664658.83,666035.72,1376.89,0,0,20,0.005604,-69014.72
C005,2021-08-17,11767.47,8377.76,666035.72,669425.43,3389.71,1,0,21,0.00338,-65636.51
C005,2021-08-18,11823.93,11745.86,669425.43,669503.5,78.07,2,0,22,0.001014,-54943.63
C005,2021-08-19,12337.79,8853.75,669503.5,672987.54,3484.04,3,0,23,-0.001672,-47586.52
C005,2021-08-20,12734.97,4020.78,672987.54,681701.73,8714.19,4,1,24,-0.004908,-54595.29
C005,2021-08-21,14274.79,5464.02,681701.73,690512.5,8810.77,5,1,25,-0.008996,-63904.59
C005,2021-08-22,11235.01,11380.72,690512.5,690366.79,-145.71,6,0,26,-0.014344,-60573.33
C005,2021-08-23,11102.91,12074.27,690366.79,689395.43,-971.36,0,0,27,-0.02151,-57172.12
C005,2021-08-24,10680.25,7830.99,689395.43,692244.69,2849.26,1,0,28,-0.031263,-54070.31
C005,2021-08-25,9834.32,10776.55,692244.69,691302.46,-942.23,2,0,29,-0.044669,-40907.41
C005,2021-08-26,13029.02,7938.38,691302.46,696393.1,5090.64,3,0,30,-0.063205,-35976.61
C005,2021-08-27,19901.83,91827.52,696393.1,624467.41,-71925.69,4,1,0,0.299997,37271.09
C005,2021-08-28,20976.12,5379.68,624467.41,640063.85,15596.44,5,1,1,0.250122,-62658.99
C005,2021-08-29,16367.39,10386.83,640063.85,646044.41,5980.56,6,0,2,0.208537,-62709.27
C005,2021-08-30,14754.28,12846.77,646044.41,647951.92,1907.51,0,0,3,0.173866,-61418.12
C005,2021-08-31,11411.14,8607.05,647951.92,650756.01,2804.09,1,0,4,0.144956,-57575.23
C005,2021-09-01,13360.55,46701.9,650756.01,617414.66,-33341.35,2,0,5,0.120852,-44080.79
C005,2021-09-02,15811.8,9729.23,617414.66,623497.23,6082.57,3,0,6,0.100752,-39915.51
C005,2021-09-03,16955.9,4398.01,623497.23,636055.12,12557.89,4,1,7,0.08399,-50324.68
C005,2021-09-04,15623.42,5896.72,636055.12,645781.82,9726.7,5,1,8,0.07001,-60534.3
C005,2021-09-05,12878.95,70566.25,645781.82,588094.52,-57687.3,6,0,9,0.058347,-59076.12
C005,2021-09-06,13646.15,14474.23,588094.52,587266.44,-828.08,0,0,10,0.048614,-57563.73
C005,2021-09-07,11557.0,9906.74,587266.44,588916.7,1650.26,1,0,11,0.040486,-52408.9
C005,2021-09-08,13235.96,12000.18,588916.7,590152.48,1235.78,2,0,12,0.033691,-38785.31
C005,2021-09-09,13313.74,9071.4,590152.48,594394.82,4242.34,3,0,13,0.028,-31482.01
C005,2021-09-10,15783.39,18948.17,594394.82,591230.04,-3164.78,4,1,14,0.02322,-40372.51
C005,2021-09-11,14839.87,5175.38,591230.04,600894.53,9664.49,5,1,15,0.019185,-50267.25
C005,2021-09-12,12349.58,11487.4,600894.53,601756.71,862.18,6,0,16,0.015751,-47807.35
C005,2021-09-13,11028.45,14759.72,601756.71,598025.44,-3731.27,0,0,17,0.012792,-42962.48
C005,2021-09-14,10928.29,9594.59,598025.44,599359.14,1333.7,1,0,18,0.01019,-39990.89
C005,2021-09-15,12024.83,14362.97,599359.14,597021.0,-2338.14,2,0,19,0.007832,-47865.98
C005,2021-09-16,14613.55,7845.63,597021.0,603788.92,6767.92,3,0,20,0.005604,-42579.78
C005,2021-09-17,14837.69,4066.74,603788.92,614559.87,10770.95,4,1,21,0.00338,-51222.87
C005,2021-09-18,15799.95,4958.8,614559.87,625401.02,10841.15,5,1,22,0.001014,-59083.9
C005,2021-09-19,12981.33,11275.91,625401.02,627106.44,1705.42,6,0,23,-0.001672,-55949.59
C005,2021-09-20,13488.39,13986.92,627106.44,626607.91,-498.53,0,0,24,-0.004908,-54250.18
C005,2021-09-21,12045.91,8860.36,626607.91,629793.46,3185.55,1,0,25,-0.008996,-52114.29
C005,2021-09-22,14221.99,11792.14,629793.46,632223.31,2429.85,2,0,26,-0.014344,-43007.81
C005,2021-09-23,14338.36,8387.29,632223.31,638174.38,5951.07,3,0,27,-0.02151,-39452.66
C005,2021-09-24,16048.83,3828.16,638174.38,650395.05,12220.67,4,1,28,-0.031263,-49665.28
C005,2021-09-25,15711.11,5689.67,650395.05,660416.49,10021.44,5,1,29,-0.044669,-58326.23
C005,2021-09-26,12293.32,10971.31,660416.49,661738.5,1322.01,6,0,30,-0.063205,-57032.03
C005,2021-09-27,16656.59,100990.23,661738.5,577404.86,-84333.64,0,0,0,0.299996,-57280.49
C005,2021-09-28,14060.73,8130.45,577404.86,583335.14,5930.28,1,0,1,0.25012,-81069.64
C005,2021-09-29,14139.0,10940.34,583335.14,586533.8,3198.66,2,0,2,0.208535,-70214.23
C005,2021-09-30,14933.24,8286.26,586533.8,593180.78,6646.98,3,0,3,0.173862,-64064.34
C005,2021-10-01,18246.28,38093.19,593180.78,573333.87,-19846.91,4,1,4,0.144952,-40501.63
C005,2021-10-02,16542.59,6294.74,573333.87,583581.72,10247.85,5,1,5,0.120845,-82022.0
C005,2021-10-03,14053.28,11904.56,583581.72,585730.44,2148.72,6,0,6,0.100743,-80699.98
C005,2021-10-04,12669.64,13152.56,585730.44,585247.52,-482.92,0,0,7,0.083978,-78714.37
C005,2021-10-05,11456.03,67685.15,585247.52,529018.4,-56229.12,1,0,8,0.069993,-12985.25
C005,2021-10-06,13103.1,12418.79,529018.4,529702.71,684.31,2,0,9,0.058324,-56757.92
C005,2021-10-07,15852.64,9047.55,529702.71,536507.8,6805.09,3,0,10,0.048582,-53176.82
C005,2021-10-08,18378.98,3519.61,536507.8,551367.17,14859.37,4,1,11,0.040441,-66284.59
C005,2021-10-09,17062.17,5516.53,551367.17,562912.81,11545.64,5,1,12,0.033628,-77222.58
C005,2021-10-10,13918.64,25973.92,562912.81,550857.53,-12055.28,6,0,13,0.027912,-59602.48
C005,2021-10-11,12716.25,12946.5,550857.53,550627.28,-230.25,0,0,14,0.023097,-69280.65
C005,2021-10-12,12175.66,8853.58,550627.28,553949.36,3322.08,1,0,15,0.019013,-65819.06
C005,2021-10-13,14370.3,13256.7,553949.36,555062.96,1113.6,2,0,16,0.015511,-51911.1
C005,2021-10-14,13528.06,9222.77,555062.96,559368.25,4305.29,3,0,17,0.012457,-45634.87
C005,2021-10-15,15987.26,26200.49,559368.25,549155.02,-10213.23,4,1,18,0.009722,-31884.41
C005,2021-10-16,16943.62,4889.5,549155.02,561209.14,12054.12,5,1,19,0.00718,-42480.5
C005,2021-10-17,12931.53,10803.67,561209.14,563337.0,2127.86,6,0,20,0.004694,-43513.76
C005,2021-10-18,15153.09,12172.97,563337.0,566317.12,2980.12,0,0,21,0.002109,-43348.51
C005,2021-10-19,13249.24,8409.51,566317.12,571156.85,4839.73,1,0,22,-0.000759,-40097.32
C005,2021-10-20,13140.34,11939.46,571156.85,572357.73,1200.88,2,0,23,-0.004146,-24990.38
C005,2021-10-21,14123.74,8802.3,572357.73,577679.17,5321.44,3,0,24,-0.008361,-19021.08
C005,2021-10-22,15385.4,3849.07,577679.17,589215.5,11536.33,4,1,25,-0.013814,-29778.76
C005,2021-10-23,15107.85,5601.63,589215.5,598721.72,9506.22,5,1,26,-0.021069,-40438.62
C005,2021-10-24,13442.46,11434.41,598721.72,600729.77,2008.05,6,0,27,-0.030895,-40753.41
C005,2021-10-25,13983.07,12622.58,600729.77,602090.26,1360.49,0,0,28,-0.044362,-40662.77
C005,2021-10-26,10934.23,8318.02,602090.26,604706.47,2616.21,1,0,29,-0.062949,-36118.86
C005,2021-10-27,16867.48,101449.58,604706.47,520124.37,-84582.1,2,0,0,0.299997,63517.51
C005,2021-10-28,20431.29,38290.16,520124.37,502265.5,-17858.87,3,0,1,0.250122,9479.59
C005,2021-10-29,18253.78,4199.71,502265.5,516319.57,14054.07,4,1,2,0.208537,2408.63
C005,2021-10-30,18427.01,5630.14,516319.57,529116.44,12796.87,5,1,3,0.173866,-8122.86
C005,2021-10-31,15029.54,11313.74,529116.44,532832.24,3715.8,6,0,4,0.144956,-4905.46
C005,2021-11-01,16262.59,47535.11,532832.24,501559.72,-31272.52,0,0,5,0.120852,-2832.07
C005,2021-11-02,13560.14,10089.4,501559.72,505030.46,3470.74,1,0,6,0.100752,479.32
C005,2021-11-03,14388.1,12885.41,505030.46,506533.15,1502.69,2,0,7,0.08399,16055.28
C005,2021-11-04,18210.88,8710.88,506533.15,516033.15,9500.0,3,0,8,0.07001,17813.09
C005,2021-11-05,20660.21,63748.57,516033.15,472944.79,-43088.36,4,1,9,0.058347,5720.07
C005,2021-11-06,16002.6,5616.41,472944.79,483330.98,10386.19,5,1,10,0.048614,-4703.55
C005,2021-11-07,13676.81,11925.21,483330.98,485082.58,1751.6,6,0,11,0.040486,-197.19
C005,2021-11-08,13891.81,13284.16,485082.58,485690.23,607.65,0,0,12,0.033691,707.66
C005,2021-11-09,15612.63,10047.81,485690.23,491255.05,5564.82,1,0,13,0.028,4456.72
C005,2021-11-10,16479.89,26388.31,491255.05,481346.63,-9908.42,2,0,14,0.02322,16697.84
C005,2021-11-11,15557.8,8774.13,481346.63,488130.3,6783.67,3,0,15,0.019185,23250.34
C005,2021-11-12,19453.59,4432.03,488130.3,503151.86,15021.56,4,1,16,0.015751,10950.65
C005,2021-11-13,15848.55,5267.03,503151.86,513733.38,10581.52,5,1,17,0.012792,1899.49
C005,2021-11-14,14581.1,11043.87,513733.38,517270.61,3537.23,6,0,18,0.01019,3556.53
C005,2021-11-15,14624.88,13166.85,517270.61,518728.64,1458.03,0,0,19,0.007832,4517.8
C005,2021-11-16,11428.42,10333.82,518728.64,519823.24,1094.6,1,0,20,0.005604,11182.71
C005,2021-11-17,15820.74,12675.37,519823.24,522968.61,3145.37,2,0,21,0.00338,24949.66
C005,2021-11-18,16820.0,8729.08,522968.61,531059.53,8090.92,3,0,22,0.001014,29242.06
C005,2021-11-19,20949.69,4641.87,531059.53,547367.35,16307.82,4,1,23,-0.001672,14133.7
C005,2021-11-20,17049.48,5758.74,547367.35,558658.09,11290.74,5,1,24,-0.004908,4978.19
C005,2021-11-21,13017.16,12238.51,558658.09,559436.74,778.65,6,0,25,-0.008996,7685.1
C005,2021-11-22,13574.34,14727.98,559436.74,558283.1,-1153.64,0,0,26,-0.014344,11240.89
C005,2021-11-23,12021.81,10328.55,558283.1,559976.36,1693.26,1,0,27,-0.02151,17292.06
C005,2021-11-24,14293.88,12842.75,559976.36,561427.49,1451.13,2,0,28,-0.031263,31496.18
C005,2021-11-25,16122.5,8962.38,561427.49,568587.61,7160.12,3,0,29,-0.044669,36297.85
C005,2021-11-26,19241.97,4187.7,568587.61,583641.88,15054.27,4,1,30,-0.063205,21182.67
C005,2021-11-27,21859.43,93756.22,583641.88,511745.09,-71896.79,5,1,0,0.299996,13446.63
C005,2021-11-28,18312.4,11329.29,511745.09,518728.2,6983.11,6,0,1,0.25012,14448.55
C005,2021-11-29,16290.23,14024.85,518728.2,520993.58,2265.38,0,0,2,0.208535,15987.1
C005,2021-11-30,16548.67,9615.47,520993.58,527926.78,6933.2,1,0,3,0.173862,20426.64
C005,2021-12-01,19149.05,48348.18,527926.78,498727.65,-29199.13,2,0,4,0.144952,73314.31
C005,2021-12-02,16842.56,10060.43,498727.65,505509.78,6782.13,3,0,5,0.120845,49550.26
C005,2021-12-03,21286.26,4207.61,505509.78,522588.43,17078.65,4,1,6,0.100743,34376.01
C005,2021-12-04,18194.99,6937.18,522588.43,533846.24,11257.81,5,1,7,0.083978,24456.47
C005,2021-12-05,17027.0,72208.38,533846.24,478664.86,-55181.38,6,0,8,0.069993,86635.99
C005,2021-12-06,14295.24,14332.67,478664.86,478627.43,-37.43,0,0,9,0.058324,50916.86
C005,2021-12-07,16440.74,10182.78,478627.43,484885.39,6257.96,1,0,10,0.048582,56341.09
C005,2021-12-08,15935.29,14422.79,484885.39,486397.89,1512.5,2,0,11,0.040441,73352.81
C005,2021-12-09,18430.53,9116.65,486397.89,495711.77,9313.88,3,0,12,0.033628,78820.77
C005,2021-12-10,20876.73,18544.03,495711.77,498044.47,2332.7,4,1,13,0.027912,79093.0
C005,2021-12-11,19355.87,6019.7,498044.47,511380.64,13336.17,5,1,14,0.023097,52194.32
C005,2021-12-12,15508.04,12786.17,511380.64,514102.51,2721.87,6,0,15,0.019013,54468.82
C005,2021-12-13,16235.08,14704.72,514102.51,515632.87,1530.36,0,0,16,0.015511,53624.15
C005,2021-12-14,15130.97,9936.7,515632.87,520827.14,5194.27,1,0,17,0.012457,55643.82
C005,2021-12-15,18397.44,15978.14,520827.14,523246.44,2419.3,2,0,18,0.009722,68632.06
C005,2021-12-16,18121.86,10362.35,523246.44,531005.95,7759.51,3,0,19,0.00718,52197.55
C005,2021-12-17,21678.85,4766.53,531005.95,547918.27,16912.32,4,1,20,0.004694,38188.33
C005,2021-12-18,18997.23,6613.91,547918.27,560301.59,12383.32,5,1,21,0.002109,25859.26
C005,2021-12-19,15122.12,13922.66,560301.59,561501.05,1199.46,6,0,22,-0.000759,30834.88
C005,2021-12-20,16933.86,14798.63,561501.05,563636.28,2135.23,0,0,23,-0.004146,30169.64
C005,2021-12-21,14340.05,10854.49,563636.28,567121.84,3485.56,1,0,24,-0.008361,34487.08
C005,2021-12-22,15457.78,13055.63,567121.84,569523.99,2402.15,2,0,25,-0.013814,47027.57
C005,2021-12-23,16638.9,8894.47,569523.99,577268.42,7744.43,3,0,26,-0.021069,52474.08
C005,2021-12-24,20076.97,4421.72,577268.42,592923.67,15655.25,4,1,27,-0.030895,41479.13
C005,2021-12-25,18140.21,6178.42,592923.67,604885.46,11961.79,5,1,28,-0.044362,28703.78
C005,2021-12-26,13149.62,13210.53,604885.46,604824.55,-60.91,6,0,29,-0.062949,35055.44
C005,2021-12-27,20105.18,99738.01,604824.55,525191.72,-79632.83,0,0,0,0.299997,117950.32
C005,2021-12-28,18335.04,10350.01,525191.72,533176.75,7985.03,1,0,1,0.250122,36448.98
C005,2021-12-29,18094.85,14290.92,533176.75,536980.68,3803.93,2,0,2,0.208537,56275.07
C005,2021-12-30,21881.3,10508.56,536980.68,548353.42,11372.74,3,0,3,0.173866,64283.49
C005,2021-12-31,28622.28,4933.74,548353.42,572041.96,23688.54,4,1,4,0.144956,44697.84
C005,2022-01-01,24043.09,41025.01,572041.96,555060.04,-16981.92,5,1,5,0.120852,65555.85
C005,2022-01-02,16309.41,14405.01,555060.04,556964.44,1904.4,6,0,6,0.100752,34942.66
C005,2022-01-03,17529.68,16191.41,556964.44,558302.71,1338.27,0,0,7,0.08399,37081.17
C005,2022-01-04,17439.28,10441.14,558302.71,565300.85,6998.14,1,0,8,0.07001,39755.79
C005,2022-01-05,17884.42,53640.98,565300.85,529544.29,-35756.56,2,0,9,0.058347,94594.46
C005,2022-01-06,22146.28,10464.09,529544.29,541226.48,11682.19,3,0,10,0.048614,35418.35
C005,2022-01-07,23784.97,5260.75,541226.48,559750.7,18524.22,4,1,11,0.040486,18980.25
C005,2022-01-08,21739.2,6957.36,559750.7,574532.54,14781.84,5,1,12,0.033691,9561.79
C005,2022-01-09,16922.41,14317.48,574532.54,577137.47,2604.93,6,0,13,0.028,15549.29
C005,2022-01-10,17094.76,30657.27,577137.47,563574.96,-13562.51,0,0,14,0.02322,29159.17
C005,2022-01-11,16217.09,11220.72,563574.96,568571.33,4996.37,1,0,15,0.019185,18572.93
C005,2022-01-12,16861.46,16175.77,568571.33,569257.02,685.69,2,0,16,0.015751,39486.49
C005,2022-01-13,17054.88,9840.94,569257.02,576470.96,7213.94,3,0,17,0.012792,48278.93
C005,2022-01-14,19865.75,4458.21,576470.96,591878.5,15407.54,4,1,18,0.01019,35926.67
C005,2022-01-15,20655.23,29330.23,591878.5,583203.5,-8675.0,5,1,19,0.007832,43097.05
C005,2022-01-16,16016.7,13113.6,583203.5,586106.6,2903.1,6,0,20,0.005604,43551.14
C005,2022-01-17,14929.92,14875.67,586106.6,586160.85,54.25,0,0,21,0.00338,42409.99
C005,2022-01-18,15833.95,9658.87,586160.85,592335.93,6175.08,1,0,22,0.001014,45756.18
C005,2022-01-19,15184.61,13714.62,592335.93,593805.92,1469.99,2,0,23,-0.001672,61207.37
C005,2022-01-20,17334.57,9531.57,593805.92,601608.92,7803.0,3,0,24,-0.004908,72187.76
C005,2022-01-21,19463.75,4521.11,601608.92,616551.56,14942.64,4,1,25,-0.008996,63696.21
C005,2022-01-22,19461.59,6270.65,616551.56,629742.5,13190.94,5,1,26,-0.014344,53213.95
C005,2022-01-23,17254.26,12593.96,629742.5,634402.8,4660.3,6,0,27,-0.02151,52718.8
C005,2022-01-24,15018.73,15832.29,634402.8,633589.24,-813.56,0,0,28,-0.031263,54072.51
C005,2022-01-25,16105.7,9814.95,633589.24,639879.99,6290.75,1,0,29,-0.044669,54928.32
C005,2022-01-26,16524.69,13262.64,639879.99,643142.04,3262.05,2,0,30,-0.063205,70421.07
C005,2022-01-27,26949.6,100465.91,643142.04,569625.73,-73516.31,3,0,0,0.299997,159522.78
C005,2022-01-28,27913.17,4283.15,569625.73,593255.75,23630.02,4,1,1,0.250122,55316.57
C005,2022-01-29,26680.25,7299.09,593255.75,612636.91,19381.16,5,1,2,0.208537,39912.12
C005,2022-01-30,20228.31,16125.42,612636.91,616739.8,4102.89,6,0,3,0.173866,7650.84
C005,2022-01-31,21154.14,17278.05,616739.8,620615.89,3876.09,0,0,4,0.144956,8229.85
C005,2022-02-01,18032.36,46741.15,620615.89,591907.1,-28708.79,1,0,5,0.120852,47647.96
C005,2022-02-02,18606.61,15129.83,591907.1,595383.88,3476.78,2,0,6,0.100752,66130.9
C005,2022-02-03,20548.17,10875.41,595383.88,605056.64,9672.76,3,0,7,0.08399,34111.82
C005,2022-02-04,23604.54,4522.43,605056.64,624138.75,19082.11,4,1,8,0.07001,17964.68
C005,2022-02-05,22055.93,69549.85,624138.75,576644.83,-47493.92,5,1,9,0.058347,68095.04
C005,2022-02-06,17988.5,15902.38,576644.83,578730.95,2086.12,6,0,10,0.048614,71956.13
C005,2022-02-07,20197.64,14834.26,578730.95,584094.33,5363.38,0,0,11,0.040486,69145.61
C005,2022-02-08,20809.47,12217.04,584094.33,592686.76,8592.43,1,0,12,0.033691,52982.57
C005,2022-02-09,17137.68,17090.31,592686.76,592734.13,47.37,2,0,13,0.028,68395.86
C005,2022-02-10,19286.25,24876.12,592734.13,587144.26,-5589.87,3,0,14,0.02322,86709.48
C005,2022-02-11,26389.38,4790.13,587144.26,608743.51,21599.25,4,1,15,0.019185,66151.55
C005,2022-02-12,23361.36,7354.98,608743.51,624749.89,16006.38,5,1,16,0.015751,50224.64
C005,2022-02-13,17102.94,14047.66,624749.89,627805.17,3055.28,6,0,17,0.012792,52498.37
C005,2022-02-14,17441.4,18946.02,627805.17,626300.55,-1504.62,0,0,18,0.01019,56837.89
C005,2022-02-15,14239.59,10882.4,626300.55,629657.74,3357.19,1,0,19,0.007832,62936.89
C005,2022-02-16,14200.81,15287.71,629657.74,628570.84,-1086.9,2,0,20,0.005604,78960.94
C005,2022-02-17,19565.13,10043.86,628570.84,638092.11,9521.27,3,0,21,0.00338,79434.64
C005,2022-02-18,21734.03,4812.85,638092.11,655013.29,16921.18,4,1,22,0.001014,62408.0
C005,2022-02-19,25828.87,7045.48,655013.29,673796.68,18783.39,5,1,23,-0.001672,38921.46
C005,2022-02-20,19004.25,12553.16,673796.68,680247.77,6451.09,6,0,24,-0.004908,36175.76
C005,2022-02-21,18926.49,16217.81,680247.77,682956.45,2708.68,0,0,25,-0.008996,31641.55
C005,2022-02-22,15460.09,11294.94,682956.45,687121.6,4165.15,1,0,26,-0.014344,33623.9
C005,2022-02-23,16475.72,15935.57,687121.6,687661.75,540.15,2,0,27,-0.02151,48281.43
C005,2022-02-24,18357.11,11210.55,687661.75,694808.31,7146.56,3,0,28,-0.031263,50454.7
C005,2022-02-25,23397.72,4642.92,694808.31,713563.11,18754.8,4,1,29,-0.044669,-55227.92
C005,2022-02-26,22015.56,6430.16,713563.11,729148.51,15585.4,5,1,30,-0.063205,-65407.83
C005,2022-02-27,24610.01,105186.2,729148.51,648572.32,-80576.19,6,0,0,0.299992,24922.84
C005,2022-02-28,19722.56,15745.85,648572.32,652549.03,3976.71,0,0,1,0.250115,22220.18
C005,2022-03-01,20227.94,48386.33,652549.03,624390.64,-28158.39,1,0,2,0.208528,57963.81
C005,2022-03-02,19195.69,14740.59,624390.64,628845.74,4455.1,2,0,3,0.173852,35974.43
C005,2022-03-03,20751.51,10042.19,628845.74,639555.06,10709.32,3,0,4,0.144937,42436.21
C005,2022-03-04,27992.61,6032.89,639555.06,661514.78,21959.72,4,1,5,0.120825,20864.89
C005,2022-03-05,23197.46,45543.78,661514.78,639168.46,-22346.32,5,1,6,0.100714,45076.66
C005,2022-03-06,18740.77,15805.8,639168.46,642103.43,2934.97,6,0,7,0.083938,10372.78
C005,2022-03-07,18755.97,16119.53,642103.43,644739.87,2636.44,0,0,8,0.069937,8777.68
C005,2022-03-08,19312.95,13365.74,644739.87,650687.08,5947.21,1,0,9,0.058246,12962.82
C005,2022-03-09,20569.33,18016.47,650687.08,653239.94,2552.86,2,0,10,0.048473,30018.07
C005,2022-03-10,19262.49,26833.1,653239.94,645669.33,-7570.61,3,0,11,0.040289,52704.58
C005,2022-03-11,21195.19,5734.53,645669.33,661129.99,15460.66,4,1,12,0.033416,28738.16
C005,2022-03-12,21062.25,8338.5,661129.99,673853.74,12723.75,5,1,13,0.027617,19657.43
C005,2022-03-13,16856.8,15815.48,673853.74,674895.06,1041.32,6,0,14,0.022685,27533.6
C005,2022-03-14,17236.47,17157.0,674895.06,674974.53,79.47,0,0,15,0.018438,31622.67
C005,2022-03-15,17554.87,12225.86,674974.53,680303.54,5329.01,1,0,16,0.014709,36643.01
C005,2022-03-16,20271.35,17436.45,680303.54,683138.44,2834.9,2,0,17,0.011338,32809.5
C005,2022-03-17,22282.0,12825.81,683138.44,692594.63,9456.19,3,0,18,0.00816,40108.18
C005,2022-03-18,21040.24,6103.09,692594.63,707531.78,14937.15,4,1,19,0.005,29469.3
C005,2022-03-19,19173.47,9178.5,707531.78,717526.75,9994.97,5,1,20,0.001651,24250.03
C005,2022-03-20,16271.97,16377.43,717526.75,717421.29,-105.46,6,0,21,-0.002137,34865.04
C005,2022-03-21,16733.74,21436.89,717421.29,712718.14,-4703.15,0,0,22,-0.006685,45446.14
C005,2022-03-22,16851.07,13145.68,712718.14,716423.53,3705.39,1,0,23,-0.012418,53633.1
C005,2022-03-23,19546.01,21371.54,716423.53,714598.0,-1825.53,2,0,24,-0.019904,76489.37
C005,2022-03-24,19945.15,13797.65,714598.0,720745.5,6147.5,3,0,25,-0.029925,88735.85
C005,2022-03-25,21336.35,6138.67,720745.5,735943.18,15197.68,4,1,26,-0.043552,80190.5
C005,2022-03-26,17329.63,8009.8,735943.18,745263.01,9319.83,5,1,27,-0.062274,70746.3
C005,2022-03-27,21547.61,108475.43,745263.01,658335.19,-86927.82,6,0,0,0.299997,166716.05
C005,2022-03-28,22192.64,16787.15,658335.19,663740.68,5405.49,0,0,1,0.250122,84654.68
C005,2022-03-29,22542.52,12788.04,663740.68,673495.16,9754.48,1,0,2,0.208537,98021.62
C005,2022-03-30,21038.37,19764.32,673495.16,674769.21,1274.05,2,0,3,0.173866,132291.57
C005,2022-03-31,19863.15,12277.91,674769.21,682354.45,7585.24,3,0,4,0.144956,149726.2
C005,2022-04-01,23612.49,41146.77,682354.45,664820.17,-17534.28,4,1,5,0.120852,143614.56
C005,2022-04-02,24205.87,7034.77,664820.17,681991.27,17171.1,5,1,6,0.100752,124009.67
C005,2022-04-03,17524.52,17136.12,681991.27,682379.67,388.4,6,0,7,0.08399,126682.88
C005,2022-04-04,19439.91,17574.46,682379.67,684245.12,1865.45,0,0,8,0.07001,119842.73
C005,2022-04-05,17908.54,49677.45,684245.12,652476.21,-31768.91,1,0,9,0.058347,121781.21
C005,2022-04-06,18335.24,17293.9,652476.21,653517.55,1041.34,2,0,10,0.048614,137785.58
C005,2022-04-07,20785.61,10653.26,653517.55,663649.9,10132.35,3,0,11,0.040486,139754.9
C005,2022-04-08,24217.53,4609.42,663649.9,683258.01,19608.11,4,1,12,0.033691,118987.35
C005,2022-04-09,22870.46,7754.56,683258.01,698373.91,15115.9,5,1,13,0.028,102908.48
C005,2022-04-10,18976.38,27482.14,698373.91,689868.15,-8505.76,6,0,14,0.02322,99239.46
C005,2022-04-11,21430.77,17787.75,689868.15,693511.17,3643.02,0,0,15,0.019185,96470.68
C005,2022-04-12,19746.76,10829.27,693511.17,702428.66,8917.49,1,0,16,0.015751,97352.51
C005,2022-04-13,20205.61,16037.07,702428.66,706597.2,4168.54,2,0,17,0.012792,111773.07
C005,2022-04-14,21348.31,10998.96,706597.2,716946.55,10349.35,3,0,18,0.01019,115434.01
C005,2022-04-15,27579.21,28577.82,716946.55,715947.94,-998.61,4,1,19,0.007832,120282.58
C005,2022-04-16,24228.9,7474.03,715947.94,732702.81,16754.87,5,1,20,0.005604,104986.96
C005,2022-04-17,19450.8,15152.53,732702.81,737001.08,4298.27,6,0,21,0.00338,107856.63
C005,2022-04-18,21170.29,16394.59,737001.08,741776.78,4775.7,0,0,22,0.001014,105346.84
C005,2022-04-19,23211.2,12701.65,741776.78,752286.33,10509.55,1,0,23,-0.001672,101677.62
C005,2022-04-20,23653.02,17775.07,752286.33,758164.28,5877.95,2,0,24,-0.004908,112611.22
C005,2022-04-21,24529.6,12637.25,758164.28,770056.63,11892.35,3,0,25,-0.008996,115083.05
C005,2022-04-22,26301.32,5270.58,770056.63,791087.37,21030.74,4,1,26,-0.014344,94566.05
C005,2022-04-23,26412.15,8018.17,791087.37,809481.35,18393.98,5,1,27,-0.02151,77424.14
C005,2022-04-24,23033.75,16381.42,809481.35,816133.68,6652.33,6,0,28,-0.031263,75815.14
C005,2022-04-25,21681.6,21805.97,816133.68,816009.31,-124.37,0,0,29,-0.044669,75760.47
C005,2022-04-26,21125.55,12083.62,816009.31,825051.24,9041.93,1,0,30,-0.063205,74482.75
C005,2022-04-27,30078.1,106733.98,825051.24,748395.36,-76655.88,2,0,0,0.299996,78768.84
C005,2022-04-28,36707.3,13585.88,748395.36,771516.78,23121.42,3,0,1,0.25012,71681.79
C005,2022-04-29,41489.88,5945.88,771516.78,807060.78,35544.0,4,1,2,0.208535,39566.21
C005,2022-04-30,34027.3,9007.43,807060.78,832080.65,25019.87,5,1,3,0.173862,14780.62
C005,2022-05-01,30883.76,54529.68,832080.65,808434.73,-23645.92,6,0,4,0.144952,44475.67
C005,2022-05-02,22788.01,25221.8,808434.73,806000.94,-2433.79,0,0,5,0.120845,15519.36
C005,2022-05-03,17392.97,14331.36,806000.94,809062.55,3061.61,1,0,6,0.100743,20576.45
C005,2022-05-04,18199.47,23174.17,809062.55,804087.85,-4974.7,2,0,7,0.083978,42614.46
C005,2022-05-05,22937.76,52768.19,804087.85,774257.42,-29830.43,3,0,8,0.069993,86829.16
C005,2022-05-06,23136.7,6090.99,774257.42,791303.13,17045.71,4,1,9,0.058324,32917.34
C005,2022-05-07,19996.36,7894.69,791303.13,803404.8,12101.67,5,1,10,0.048582,20323.6
C005,2022-05-08,16671.03,17830.47,803404.8,802245.36,-1159.44,6,0,11,0.040441,26310.98
C005,2022-05-09,15618.44,16581.41,802245.36,801282.39,-962.97,0,0,12,0.033628,27775.58
C005,2022-05-10,15704.58,27879.36,801282.39,789107.61,-12174.78,1,0,13,0.027912,47474.15
C005,2022-05-11,16358.08,15483.84,789107.61,789981.85,874.24,2,0,14,0.023097,44126.23
C005,2022-05-12,20372.9,10573.58,789981.85,799781.17,9799.32,3,0,15,0.019013,46564.49
C005,2022-05-13,22998.66,4409.56,799781.17,818370.27,18589.1,4,1,16,0.015511,32189.2
C005,2022-05-14,20372.56,6362.27,818370.27,832380.56,14010.29,5,1,17,0.012457,22079.86
C005,2022-05-15,16291.02,12441.06,832380.56,836230.52,3849.96,6,0,18,0.009722,23539.52
C005,2022-05-16,17133.79,15674.54,836230.52,837689.77,1459.25,0,0,19,0.00718,24149.76
C005,2022-05-17,17637.44,10469.5,837689.77,844857.71,7167.94,1,0,20,0.004694,23539.73
C005,2022-05-18,16663.04,14397.13,844857.71,847123.62,2265.91,2,0,21,0.002109,33734.71
C005,2022-05-19,17203.42,10363.09,847123.62,853963.95,6840.33,3,0,22,-0.000759,36148.9
C005,2022-05-20,21395.47,4583.92,853963.95,870775.5,16811.55,4,1,23,-0.004146,19486.78
C005,2022-05-21,20115.6,5751.42,870775.5,885139.68,14364.18,5,1,24,-0.008361,4567.33
C005,2022-05-22,14666.52,14152.78,885139.68,885653.42,513.74,6,0,25,-0.013814,8035.4
C005,2022-05-23,16076.84,14824.77,885653.42,886905.49,1252.07,0,0,26,-0.021069,9260.57
C005,2022-05-24,15794.36,10751.03,886905.49,891948.82,5043.33,1,0,27,-0.030895,11235.53
C005,2022-05-25,15042.8,15221.84,891948.82,891769.78,-179.04,2,0,28,-0.044362,25059.99
C005,2022-05-26,17102.7,9338.49,891769.78,899533.99,7764.21,3,0,29,-0.062949,28374.86
C005,2022-05-27,24186.65,96556.44,899533.99,827164.2,-72369.79,4,1,0,0.299997,102129.44
C005,2022-05-28,22553.32,6518.95,827164.2,843198.57,16034.37,5,1,1,0.250122,-1018.62
C005,2022-05-29,16277.41,12848.99,843198.57,846626.99,3428.42,6,0,2,0.208537,1405.84
C005,2022-05-30,16602.27,16367.99,846626.99,846861.27,234.28,0,0,3,0.173866,1095.93
C005,2022-05-31,16807.52,10758.39,846861.27,852910.4,6049.13,1,0,4,0.144956,2588.26
C005,2022-06-01,18315.07,49705.17,852910.4,821520.3,-31390.1,2,0,5,0.120852,13117.4
C005,2022-06-02,18345.81,10227.11,821520.3,829639.0,8118.7,3,0,6,0.100752,15855.8
C005,2022-06-03,22138.68,5075.37,829639.0,846702.31,17063.31,4,1,7,0.08399,335.01
C005,2022-06-04,21297.81,6913.54,846702.31,861086.58,14384.27,5,1,8,0.07001,-14026.51
C005,2022-06-05,14578.42,51444.53,861086.58,824220.47,-36866.11,6,0,9,0.058347,-10199.07
C005,2022-06-06,16097.89,16589.96,824220.47,823728.4,-492.07,0,0,10,0.048614,-7808.01
C005,2022-06-07,16657.96,11830.02,823728.4,828556.34,4827.94,1,0,11,0.040486,-6856.43
C005,2022-06-08,15501.4,14999.77,828556.34,829057.97,501.63,2,0,12,0.033691,6586.97
C005,2022-06-09,17472.16,9948.37,829057.97,836581.76,7523.79,3,0,13,0.028,7488.01
C005,2022-06-10,19972.25,22445.93,836581.76,834108.08,-2473.68,4,1,14,0.02322,-9676.1
C005,2022-06-11,18146.56,5908.98,834108.08,846345.66,12237.58,5,1,15,0.019185,-25107.58
C005,2022-06-12,17041.46,12827.65,846345.66,850559.47,4213.81,6,0,16,0.015751,-27277.98
C005,2022-06-13,17072.33,13171.38,850559.47,854460.42,3900.95,0,0,17,0.012792,-29593.58
C005,2022-06-14,15986.59,10676.97,854460.42,859770.04,5309.62,1,0,18,0.01019,-29503.08
C005,2022-06-15,16883.22,14813.73,859770.04,861839.53,2069.49,2,0,19,0.007832,-43839.63
C005,2022-06-16,16438.5,9880.59,861839.53,868397.44,6557.91,3,0,20,0.005604,-39920.24
C005,2022-06-17,17153.17,4692.28,868397.44,880858.33,12460.89,4,1,21,0.00338,-47913.18
C005,2022-06-18,15351.72,6097.2,880858.33,890112.85,9254.52,5,1,22,0.001014,-57057.1
C005,2022-06-19,12767.83,12618.4,890112.85,890262.28,149.43,6,0,23,-0.001672,-52791.58
C005,2022-06-20,12396.75,12952.02,890262.28,889707.01,-555.27,0,0,24,-0.004908,-70883.05
C005,2022-06-21,13010.61,9028.8,889707.01,893688.82,3981.81,1,0,25,-0.008996,-70948.27
C005,2022-06-22,16434.1,13956.86,893688.82,896166.06,2477.24,2,0,26,-0.014344,-61509.98
C005,2022-06-23,16691.4,9673.11,896166.06,903184.35,7018.29,3,0,27,-0.02151,-60954.47
C005,2022-06-24,17844.94,4199.52,903184.35,916829.77,13645.42,4,1,28,-0.031263,-73600.99
C005,2022-06-25,17088.28,6009.2,916829.77,927908.85,11079.08,5,1,29,-0.044669,-85064.54
C005,2022-06-26,12557.25,11172.46,927908.85,929293.64,1384.79,6,0,30,-0.063205,-82743.45
C005,2022-06-27,18487.2,105600.89,929293.64,842179.95,-87113.69,0,0,0,0.299996,-81680.59
C005,2022-06-28,15001.96,9149.08,842179.95,848032.83,5852.88,1,0,1,0.25012,-77513.16
C005,2022-06-29,15844.93,15920.56,848032.83,847957.2,-75.63,2,0,2,0.208535,-61470.69
C005,2022-06-30,17201.05,9659.59,847957.2,855498.66,7541.46,3,0,3,0.173862,-57902.48
C005,2022-07-01,19473.6,40334.56,855498.66,834637.7,-20860.96,4,1,4,0.144952,-35344.13
C005,2022-07-02,16681.61,5824.51,834637.7,845494.8,10857.1,5,1,5,0.120845,-82213.42
C005,2022-07-03,12768.45,11225.93,845494.8,847037.32,1542.52,6,0,6,0.100743,-80274.6
C005,2022-07-04,14831.29,14808.54,847037.32,847060.07,22.75,0,0,7,0.083978,-77960.53
C005,2022-07-05,14918.51,47957.18,847060.07,814021.4,-33038.67,1,0,8,0.069993,-38407.21
C005,2022-07-06,14261.1,12362.11,814021.4,815920.39,1898.99,2,0,9,0.058324,-64354.7
C005,2022-07-07,16353.57,10574.05,815920.39,821699.91,5779.52,3,0,10,0.048582,-61155.27
C005,2022-07-08,18349.19,4404.16,821699.91,835644.94,13945.03,4,1,11,0.040441,-73618.08
C005,2022-07-09,14175.75,5750.92,835644.94,844069.77,8424.83,5,1,12,0.033628,-82108.95
C005,2022-07-10,12035.83,31673.62,844069.77,824431.98,-19637.79,6,0,13,0.027912,-58211.19
C005,2022-07-11,10596.63,13790.53,824431.98,821238.08,-3193.9,0,0,14,0.023097,-73698.39
C005,2022-07-12,10632.15,8588.74,821238.08,823281.49,2043.41,1,0,15,0.019013,-69054.39
C005,2022-07-13,13218.94,11633.59,823281.49,824866.84,1585.35,2,0,16,0.015511,-58486.86
C005,2022-07-14,13370.43,7970.31,824866.84,830266.96,5400.12,3,0,17,0.012457,-54205.5
C005,2022-07-15,15240.69,27507.75,830266.96,817999.9,-12267.06,4,1,18,0.009722,-40981.18
C005,2022-07-16,15541.64,5064.34,817999.9,828477.2,10477.3,5,1,19,0.00718,-54698.87
C005,2022-07-17,14181.66,9713.71,828477.2,832945.15,4467.95,6,0,20,0.004694,-57702.45
C005,2022-07-18,12527.59,12416.99,832945.15,833055.75,110.6,0,0,21,0.002109,-59503.85
C005,2022-07-19,11987.46,7572.51,833055.75,837470.7,4414.95,1,0,22,-0.000759,-59716.53
C005,2022-07-20,11661.16,30307.9,837470.7,818823.96,-18646.74,2,0,23,-0.004146,-28481.04
C005,2022-07-21,12319.22,8402.63,818823.96,822740.55,3916.59,3,0,24,-0.008361,-24026.19
C005,2022-07-22,15418.94,3503.41,822740.55,834656.08,11915.53,4,1,25,-0.013814,-36834.56
C005,2022-07-23,12672.92,5099.12,834656.08,842229.88,7573.8,5,1,26,-0.021069,-43260.62
C005,2022-07-24,10551.04,9552.14,842229.88,843228.78,998.9,6,0,27,-0.030895,-38718.58
C005,2022-07-25,11442.57,11827.04,843228.78,842844.31,-384.47,0,0,28,-0.044362,-38214.83
C005,2022-07-26,11811.08,8105.2,842844.31,846550.19,3705.88,1,0,29,-0.062949,-36467.21
C005,2022-07-27,17391.43,103442.26,846550.19,760499.36,-86050.83,2,0,0,0.299997,62869.41
C005,2022-07-28,18810.81,8790.5,760499.36,770519.67,10020.31,3,0,1,0.250122,-23020.75
C005,2022-07-29,19934.56,3967.72,770519.67,786486.51,15966.84,4,1,2,0.208537,-37434.81
C005,2022-07-30,16641.74,5532.07,786486.51,797596.18,11109.67,5,1,3,0.173866,-44878.1
C005,2022-07-31,13591.4,11894.01,797596.18,799293.57,1697.39,6,0,4,0.144956,-39662.18
C005,2022-08-01,13347.55,49359.74,799293.57,763281.38,-36012.19,0,0,5,0.120852,-2147.95
C005,2022-08-02,13271.38,9790.04,763281.38,766762.72,3481.34,1,0,6,0.100752,-34312.89
C005,2022-08-03,15597.97,13261.15,766762.72,769099.54,2336.82,2,0,7,0.08399,-20168.37
C005,2022-08-04,15651.61,9136.96,769099.54,775614.19,6514.65,3,0,8,0.07001,-14024.23
C005,2022-08-05,17354.65,41403.15,775614.19,751565.69,-24048.5,4,1,9,0.058347,13097.48
C005,2022-08-06,15583.06,6604.11,751565.69,760544.64,8978.95,5,1,10,0.048614,-31515.03
C005,2022-08-07,13069.67,11587.45,760544.64,762026.86,1482.22,6,0,11,0.040486,-30055.07
C005,2022-08-08,14372.0,14438.04,762026.86,761960.82,-66.04,0,0,12,0.033691,-28838.85
C005,2022-08-09,13235.06,8975.09,761960.82,766220.79,4259.97,1,0,13,0.028,-26717.02
C005,2022-08-10,14088.71,32769.81,766220.79,747539.69,-18681.1,2,0,14,0.02322,6071.43
C005,2022-08-11,16079.94,9392.53,747539.69,754227.1,6687.41,3,0,15,0.019185,-1849.17
C005,2022-08-12,17292.81,5139.93,754227.1,766379.98,12152.88,4,1,16,0.015751,-13812.04
C005,2022-08-13,16390.64,6709.16,766379.98,776061.46,9681.48,5,1,17,0.012792,-25267.16
C005,2022-08-14,13813.43,12856.17,776061.46,777018.72,957.26,6,0,18,0.01019,-21459.31
C005,2022-08-15,13186.9,16427.29,777018.72,773778.33,-3240.39,0,0,19,0.007832,-21930.33
C005,2022-08-16,11861.15,10396.78,773778.33,775242.7,1464.37,1,0,20,0.005604,-19284.98
C005,2022-08-17,13777.5,15468.3,775242.7,773551.9,-1690.8,2,0,21,0.00338,-5493.0
C005,2022-08-18,14240.48,10038.21,773551.9,777754.17,4202.27,3,0,22,0.001014,1975.82
C005,2022-08-19,16627.97,4039.22,777754.17,790342.92,12588.75,4,1,23,-0.001672,-10475.37
C005,2022-08-20,14361.79,5990.35,790342.92,798714.36,8371.44,5,1,24,-0.004908,-20010.02
C005,2022-08-21,12208.57,13101.41,798714.36,797821.52,-892.84,6,0,25,-0.008996,-14766.4
C005,2022-08-22,15327.03,14179.29,797821.52,798969.26,1147.74,0,0,26,-0.014344,-14214.53
C005,2022-08-23,15538.95,9998.01,798969.26,804510.2,5540.94,1,0,27,-0.02151,-10285.88
C005,2022-08-24,13936.91,13817.63,804510.2,804629.48,119.28,2,0,28,-0.031263,5475.83
C005,2022-08-25,15684.22,10230.72,804629.48,810082.98,5453.5,3,0,29,-0.044669,11068.93
C005,2022-08-26,17715.85,4430.06,810082.98,823368.77,13285.79,4,1,30,-0.063205,356.11
C005,2022-08-27,21925.08,97794.93,823368.77,747498.92,-75869.85,5,1,0,0.299997,74425.18
C005,2022-08-28,14396.68,12843.9,747498.92,749051.7,1552.78,6,0,1,0.250122,-9202.91
C005,2022-08-29,18161.27,14494.89,749051.7,752718.08,3666.38,0,0,2,0.208537,-10226.92
C005,2022-08-30,17302.49,10389.18,752718.08,759631.39,6913.31,1,0,3,0.173866,-7611.89
C005,2022-08-31,17223.86,15721.82,759631.39,761133.43,1502.04,2,0,4,0.144956,9906.88
C005,2022-09-01,17237.0,45920.6,761133.43,732449.83,-28683.6,3,0,5,0.120852,17451.03
C005,2022-09-02,20980.12,4498.78,732449.83,748931.17,16481.34,4,1,6,0.100752,2659.64
C005,2022-09-03,19174.57,6515.78,748931.17,761589.96,12658.79,5,1,7,0.08399,-10186.95
C005,2022-09-04,16849.59,13776.38,761589.96,764663.17,3073.21,6,0,8,0.07001,-8664.78
C005,2022-09-05,18004.39,53637.95,764663.17,729029.61,-35633.56,0,0,9,0.058347,-8798.67
C005,2022-09-06,14261.05,11318.87,729029.61,731971.79,2942.18,1,0,10,0.048614,-5541.15
C005,2022-09-07,15619.07,14468.89,731971.79,733121.97,1150.18,2,0,11,0.040486,5992.59
C005,2022-09-08,16210.38,9828.58,733121.97,739503.77,6381.8,3,0,12,0.033691,10949.07
C005,2022-09-09,18812.19,4704.84,739503.77,753611.12,14107.35,4,1,13,0.028,-595.29
C005,2022-09-10,21854.22,23087.41,753611.12,752377.93,-1233.19,5,1,14,0.02322,-13254.66
C005,2022-09-11,14210.19,14020.18,752377.93,752567.94,190.01,6,0,15,0.019185,-6873.52
C005,2022-09-12,15284.15,17057.79,752567.94,750794.3,-1773.64,0,0,16,0.015751,1796.34
C005,2022-09-13,17274.32,12509.21,750794.3,755559.41,4765.11,1,0,17,0.012792,8408.54
C005,2022-09-14,13619.78,17331.19,755559.41,751848.0,-3711.41,2,0,18,0.01019,28777.96
C005,2022-09-15,16131.16,12021.44,751848.0,755957.72,4109.72,3,0,19,0.007832,14728.14
C005,2022-09-16,17306.49,5205.31,755957.72,768058.9,12101.18,4,1,20,0.005604,5672.01
C005,2022-09-17,18673.04,7001.95,768058.9,779729.99,11671.09,5,1,21,0.00338,-1894.04
C005,2022-09-18,14988.05,14850.49,779729.99,779867.55,137.56,6,0,22,0.001014,3554.56
C005,2022-09-19,14638.42,15801.63,779867.55,778704.34,-1163.21,0,0,23,-0.001672,6989.82
C005,2022-09-20,14283.01,9932.23,778704.34,783055.12,4350.78,1,0,24,-0.004908,10229.64
C005,2022-09-21,16487.72,14788.11,783055.12,784754.73,1699.61,2,0,25,-0.008996,24465.24
C005,2022-09-22,18474.41,9004.82,784754.73,794224.32,9469.59,3,0,26,-0.014344,28672.07
C005,2022-09-23,20287.96,4406.97,794224.32,810105.31,15880.99,4,1,27,-0.02151,13150.79
C005,2022-09-24,17251.54,6204.94,810105.31,821151.91,11046.6,5,1,28,-0.031263,3837.33
C005,2022-09-25,14480.4,11907.43,821151.91,823724.88,2572.97,6,0,29,-0.044669,5468.49
C005,2022-09-26,13473.56,15274.34,823724.88,821924.1,-1800.78,0,0,30,-0.063205,10217.86
C005,2022-09-27,19765.53,101840.84,821924.1,739848.79,-82075.31,1,0,0,0.299996,-1962.94
C005,2022-09-28,17310.68,14668.31,739848.79,742491.16,2642.37,2,0,1,0.25012,21690.88
C005,2022-09-29,20200.31,10671.97,742491.16,752019.5,9528.34,3,0,2,0.208535,29642.54
C005,2022-09-30,24183.94,5163.13,752019.5,771040.31,19020.81,4,1,3,0.173862,14152.41
C005,2022-10-01,21146.77,42286.22,771040.31,749900.86,-21139.45,5,1,4,0.144952,37430.17
C005,2022-10-02,15437.8,13747.85,749900.86,751590.81,1689.95,6,0,5,0.120845,7057.05
C005,2022-10-03,16659.07,16846.87,751590.81,751403.01,-187.8,0,0,6,0.100743,10487.87
C005,2022-10-04,15911.42,11316.04,751403.01,755998.39,4595.38,1,0,7,0.083978,12306.94
C005,2022-10-05,17507.32,53274.77,755998.39,720230.94,-35767.45,2,0,8,0.069993,64386.39
C005,2022-10-06,17548.93,11349.23,720230.94,726430.64,6199.7,3,0,9,0.058324,36305.7
C005,2022-10-07,17480.97,4797.05,726430.64,739114.56,12683.92,4,1,10,0.048582,21880.09
C005,2022-10-08,18090.81,6752.53,739114.56,750452.84,11338.28,5,1,11,0.040441,13774.38
C005,2022-10-09,14294.06,11731.07,750452.84,753015.83,2562.99,6,0,12,0.033628,19379.31
C005,2022-10-10,15285.71,29178.27,753015.83,739123.27,-13892.56,0,0,13,0.027912,37136.36
C005,2022-10-11,16626.06,10054.91,739123.27,745694.42,6571.15,1,0,14,0.023097,26008.57
C005,2022-10-12,20709.73,13813.51,745694.42,752590.64,6896.22,2,0,15,0.019013,36886.24
C005,2022-10-13,21067.47,9690.16,752590.64,763967.95,11377.31,3,0,16,0.015511,36485.53
C005,2022-10-14,21464.44,4806.43,763967.95,780625.96,16658.01,4,1,17,0.012457,21872.12
C005,2022-10-15,20737.57,30677.67,780625.96,770685.86,-9940.1,5,1,18,0.009722,32604.05
C005,2022-10-16,16303.29,13258.24,770685.86,773730.91,3045.05,6,0,19,0.00718,35400.27
C005,2022-10-17,18443.95,14338.91,773730.91,777835.95,4105.04,0,0,20,0.004694,32089.65
C005,2022-10-18,17507.22,11921.06,777835.95,783422.11,5586.16,1,0,21,0.002109,33524.89
C005,2022-10-19,17018.84,14746.79,783422.11,785694.16,2272.05,2,0,22,-0.000759,46908.23
C005,2022-10-20,18172.79,10582.19,785694.16,793284.76,7590.6,3,0,23,-0.004146,51344.01
C005,2022-10-21,20231.46,4296.25,793284.76,809219.97,15935.21,4,1,24,-0.008361,37830.15
C005,2022-10-22,20485.78,6809.36,809219.97,822896.39,13676.42,5,1,25,-0.013814,28257.32
C005,2022-10-23,14181.57,13821.86,822896.39,823256.1,359.71,6,0,26,-0.021069,34289.91
C005,2022-10-24,15349.15,13616.01,823256.1,824989.24,1733.14,0,0,27,-0.030895,35659.64
C005,2022-10-25,14745.58,10541.45,824989.24,829193.37,4204.13,1,0,28,-0.044362,40190.86
C005,2022-10-26,17518.92,14570.33,829193.37,832141.96,2948.59,2,0,29,-0.062949,52191.53
C005,2022-10-27,25682.69,119938.8,832141.96,737885.85,-94256.11,3,0,0,0.299997,162657.83
C005,2022-10-28,30673.85,4377.66,737885.85,764182.04,26296.19,4,1,1,0.250122,55570.76
C005,2022-10-29,25196.03,7716.03,764182.04,781662.04,17480.0,5,1,2,0.208537,45937.67
C005,2022-10-30,18701.89,15171.21,781662.04,785192.72,3530.68,6,0,3,0.173866,53050.0
C005,2022-10-31,19669.33,17531.02,785192.72,787331.03,2138.31,0,0,4,0.144956,55354.14
C005,2022-11-01,19786.83,48470.0,787331.03,758647.86,-28683.17,1,0,5,0.120852,62519.3
C005,2022-11-02,20116.58,16873.56,758647.86,761890.88,3243.02,2,0,6,0.100752,78007.75
C005,2022-11-03,19137.15,12722.7,761890.88,768305.33,6414.45,3,0,7,0.08399,85487.31
C005,2022-11-04,22031.46,5719.46,768305.33,784617.33,16312.0,4,1,8,0.07001,72442.07
C005,2022-11-05,22098.75,43979.74,784617.33,762736.34,-21880.99,5,1,9,0.058347,58917.46
C005,2022-11-06,14771.34,16513.03,762736.34,760994.65,-1741.69,6,0,10,0.048614,66298.4
C005,2022-11-07,18364.06,15131.49,760994.65,764227.22,3232.57,0,0,11,0.040486,68148.45
C005,2022-11-08,19774.72,11606.8,764227.22,772395.14,8167.92,1,0,12,0.033691,67400.39
C005,2022-11-09,19929.36,16064.87,772395.14,776259.63,3864.49,2,0,13,0.028,80098.1
C005,2022-11-10,21389.44,25946.08,776259.63,771702.99,-4556.64,3,0,14,0.02322,85103.65
C005,2022-11-11,23070.86,5296.97,771702.99,789476.88,17773.89,4,1,15,0.019185,74343.6
C005,2022-11-12,18912.51,7935.91,789476.88,800453.48,10976.6,5,1,16,0.015751,64310.89
C005,2022-11-13,16069.05,14024.45,800453.48,802498.08,2044.6,6,0,17,0.012792,65331.81
C005,2022-11-14,16017.33,15225.5,802498.08,803289.91,791.83,0,0,18,0.01019,65267.12
C005,2022-11-15,17042.2,11200.93,803289.91,809131.18,5841.27,1,0,19,0.007832,68487.81
C005,2022-11-16,16186.02,15391.6,809131.18,809925.6,794.42,2,0,20,0.005604,86840.17
C005,2022-11-17,17473.8,10452.4,809925.6,816947.0,7021.4,3,0,21,0.00338,95585.85
C005,2022-11-18,20473.77,4818.38,816947.0,832602.39,15655.39,4,1,22,0.001014,82233.26
C005,2022-11-19,18700.45,6674.07,832602.39,844628.77,12026.38,5,1,23,-0.001672,73391.83
C005,2022-11-20,15608.13,13186.78,844628.77,847050.12,2421.35,6,0,24,-0.004908,79574.54
C005,2022-11-21,19826.4,15722.81,847050.12,851153.71,4103.59,0,0,25,-0.008996,76527.89
C005,2022-11-22,17693.44,11301.14,851153.71,857546.01,6392.3,1,0,26,-0.014344,78788.65
C005,2022-11-23,17294.08,14191.21,857546.01,860648.88,3102.87,2,0,27,-0.02151,94159.42
C005,2022-11-24,18886.42,10151.07,860648.88,869384.23,8735.35,3,0,28,-0.031263,99048.8
C005,2022-11-25,20267.74,5318.48,869384.23,884333.49,14949.26,4,1,29,-0.044669,88759.81
C005,2022-11-26,23141.3,6931.11,884333.49,900543.68,16210.19,5,1,30,-0.063205,73241.0
C005,2022-11-27,24000.98,104791.86,900543.68,819752.8,-80790.88,6,0,0,0.299996,74168.56
C005,2022-11-28,23938.01,16091.1,819752.8,827599.71,7846.91,0,0,1,0.25012,74853.92
C005,2022-11-29,22878.03,12235.02,827599.71,838242.72,10643.01,1,0,2,0.208535,75473.96
C005,2022-11-30,21584.59,17142.14,838242.72,842685.17,4442.45,2,0,3,0.173862,91371.32
C005,2022-12-01,26691.86,48209.87,842685.17,821167.16,-21518.01,3,0,4,0.144952,130424.12
C005,2022-12-02,24604.06,5872.59,821167.16,839898.63,18731.47,4,1,5,0.120845,82291.18
C005,2022-12-03,22387.7,8493.69,839898.63,853792.64,13894.01,5,1,6,0.100743,73785.07
C005,2022-12-04,20641.56,17374.8,853792.64,857059.4,3266.76,6,0,7,0.083978,79281.5
C005,2022-12-05,21762.87,57168.47,857059.4,821653.8,-35405.6,0,0,8,0.069993,120446.63
C005,2022-12-06,18898.68,13259.43,821653.8,827293.05,5639.25,1,0,9,0.058324,73843.15
C005,2022-12-07,21922.25,16839.63,827293.05,832375.67,5082.62,2,0,10,0.048582,87452.82
C005,2022-12-08,20605.72,13185.86,832375.67,839795.53,7419.86,3,0,11,0.040441,94793.06
C005,2022-12-09,21949.26,5387.06,839795.53,856357.73,16562.2,4,1,12,0.033628,79676.66
C005,2022-12-10,22407.28,21958.37,856357.73,856806.64,448.91,5,1,13,0.027912,82172.86
C005,2022-12-11,21336.82,14322.98,856806.64,863820.48,7013.84,6,0,14,0.023097,67754.48
C005,2022-12-12,19964.89,19021.0,863820.48,864764.37,943.89,0,0,15,0.019013,72059.56
C005,2022-12-13,15792.04,12726.52,864764.37,867829.89,3065.52,1,0,16,0.015511,78818.94
C005,2022-12-14,17422.7,16695.56,867829.89,868557.03,727.14,2,0,17,0.012457,99436.15
C005,2022-12-15,20586.25,11524.29,868557.03,877618.99,9061.96,3,0,18,0.009722,106524.65
C005,2022-12-16,23955.07,4808.29,877618.99,896765.77,19146.78,4,1,19,0.00718,62833.71
C005,2022-12-17,22777.59,7010.51,896765.77,912532.85,15767.08,5,1,20,0.004694,49200.71
C005,2022-12-18,17140.77,14837.97,912532.85,914835.65,2302.8,6,0,21,0.002109,55343.83
C005,2022-12-19,18983.18,15798.23,914835.65,918020.6,3184.95,0,0,22,-0.000759,55521.81
C005,2022-12-20,19338.53,10734.47,918020.6,926624.66,8604.06,1,0,23,-0.004146,59130.55
C005,2022-12-21,17999.99,16943.05,926624.66,927681.6,1056.94,2,0,24,-0.008361,31767.96
C005,2022-12-22,18551.7,9898.64,927681.6,936334.66,8653.06,3,0,25,-0.013814,40670.93
C005,2022-12-23,23663.47,5189.83,936334.66,954808.3,18473.64,4,1,26,-0.021069,29651.42
C005,2022-12-24,20695.85,7071.12,954808.3,968433.03,13624.73,5,1,27,-0.030895,24244.36
C005,2022-12-25,18318.05,13657.78,968433.03,973093.3,4660.27,6,0,28,-0.044362,25472.04
C005,2022-12-26,17083.19,16391.81,973093.3,973784.68,691.38,0,0,29,-0.062949,22119.88
C005,2022-12-27,22499.95,102363.27,973784.68,893921.36,-79863.32,1,0,0,0.299997,113777.66
C005,2022-12-28,23442.72,14910.45,893921.36,902453.63,8532.27,2,0,1,0.250122,40361.18
C005,2022-12-29,22281.34,11018.29,902453.63,913716.68,11263.05,3,0,2,0.208537,53502.17
C005,2022-12-30,25583.25,5243.44,913716.68,934056.49,20339.81,4,1,3,0.173866,39866.36
C005,2022-12-31,24592.78,7057.99,934056.49,951591.28,17534.79,5,1,4,0.144956,26397.02
C005,2023-01-01,21245.39,50646.86,951591.28,922189.81,-29401.47,6,0,5,0.120852,61577.56
C005,2023-01-02,23161.9,17774.0,922189.81,927577.71,5387.9,0,0,6,0.100752,21871.38
C005,2023-01-03,22211.39,13448.2,927577.71,936340.9,8763.19,1,0,7,0.08399,28047.76
C005,2023-01-04,24237.93,18478.4,936340.9,942100.43,5759.53,2,0,8,0.07001,44920.69
C005,2023-01-05,25173.02,66137.25,942100.43,901136.2,-40964.23,3,0,9,0.058347,102741.55
C005,2023-01-06,24264.21,5571.92,901136.2,919828.49,18692.29,4,1,10,0.048614,9023.62
C005,2023-01-07,22565.91,7805.81,919828.49,934588.59,14760.1,5,1,11,0.040486,-270.64
C005,2023-01-08,18945.82,17500.02,934588.59,936034.39,1445.8,6,0,12,0.033691,11484.93
C005,2023-01-09,22595.82,19650.71,936034.39,938979.5,2945.11,0,0,13,0.028,11353.7
C005,2023-01-10,20444.0,27848.54,938979.5,931574.96,-7404.54,1,0,14,0.02322,28874.28
C005,2023-01-11,22184.18,16935.21,931574.96,936823.93,5248.97,2,0,15,0.019185,29239.01
C005,2023-01-12,20994.73,11169.83,936823.93,946648.83,9824.9,3,0,16,0.015751,33989.03
C005,2023-01-13,26799.61,5455.26,946648.83,967993.18,21344.35,4,1,17,0.012792,19402.18
C005,2023-01-14,24401.84,8251.38,967993.18,984143.64,16150.46,5,1,18,0.01019,7976.93
C005,2023-01-15,17144.56,41688.72,984143.64,959599.48,-24544.16,6,0,19,0.007832,38290.86
C005,2023-01-16,21512.5,19378.42,959599.48,961733.56,2134.08,0,0,20,0.005604,39789.42
C005,2023-01-17,21549.14,13103.22,961733.56,970179.48,8445.92,1,0,21,0.00338,41833.38
C005,2023-01-18,19792.55,16429.62,970179.48,973542.41,3362.93,2,0,22,0.001014,60460.68
C005,2023-01-19,23942.17,11729.37,973542.41,985755.21,12212.8,3,0,23,-0.001672,62015.04
C005,2023-01-20,26531.57,52837.22,985755.21,959449.56,-26305.65,4,1,24,-0.004908,91030.07
C005,2023-01-21,26111.39,8555.36,959449.56,977005.59,17556.03,5,1,25,-0.008996,80422.6
C005,2023-01-22,21647.9,14193.77,977005.59,984459.72,7454.13,6,0,26,-0.014344,80528.28
C005,2023-01-23,26579.5,18361.83,984459.72,992677.39,8217.67,0,0,27,-0.02151,75253.24
C005,2023-01-24,18994.29,13106.34,992677.39,998565.34,5887.95,1,0,28,-0.031263,80448.59
C005,2023-01-25,18487.52,21148.3,998565.34,995904.56,-2660.78,2,0,29,-0.044669,103706.96
C005,2023-01-26,23713.5,11919.04,995904.56,1007699.02,11794.46,3,0,30,-0.063205,106117.71
C005,2023-01-27,33448.19,98332.4,1007699.02,942814.81,-64884.21,4,1,0,0.299997,171822.19
C005,2023-01-28,32786.23,8382.19,942814.81,967218.85,24404.04,5,1,1,0.250122,58825.38
C005,2023-01-29,23781.08,17077.08,967218.85,973922.85,6704.0,6,0,2,0.208537,67453.3
C005,2023-01-30,23428.15,19362.7,973922.85,977988.3,4065.45,0,0,3,0.173866,28520.93
C005,2023-01-31,19925.04,14145.97,977988.3,983767.37,5779.07,1,0,4,0.144956,36424.48
C005,2023-02-01,23026.21,57344.49,983767.37,949449.09,-34318.28,2,0,5,0.120852,92389.42
C005,2023-02-02,28573.39,13633.82,949449.09,964388.66,14939.57,3,0,6,0.100752,94205.77
C005,2023-02-03,28538.66,5906.2,964388.66,987021.12,22632.46,4,1,7,0.08399,18351.01
C005,2023-02-04,24972.65,8116.02,987021.12,1003877.75,16856.63,5,1,8,0.07001,-1511.39
C005,2023-02-05,19644.28,94669.92,1003877.75,928852.11,-75025.64,6,0,9,0.058347,78578.2
C005,2023-02-06,23225.04,17759.2,928852.11,934317.95,5465.84,0,0,10,0.048614,70745.13
C005,2023-02-07,25015.51,11814.14,934317.95,947519.32,13201.37,1,0,11,0.040486,67826.94
C005,2023-02-08,23707.66,20893.78,947519.32,950333.2,2813.88,2,0,12,0.033691,72820.36
C005,2023-02-09,22322.11,12206.07,950333.2,960449.24,10116.04,3,0,13,0.028,79804.52
C005,2023-02-10,27294.38,21680.68,960449.24,966062.94,5613.7,4,1,14,0.02322,70714.62
C005,2023-02-11,23530.61,8955.69,966062.94,980637.86,14574.92,5,1,15,0.019185,49797.48
C005,2023-02-12,23345.88,16588.38,980637.86,987395.36,6757.5,6,0,16,0.015751,48291.25
C005,2023-02-13,22982.74,18257.53,987395.36,992120.57,4725.21,0,0,17,0.012792,37562.42
C005,2023-02-14,19504.67,13734.9,992120.57,997890.34,5769.77,1,0,18,0.01019,42014.73
C005,2023-02-15,20314.54,16681.9,997890.34,1001522.98,3632.64,2,0,19,0.007832,59149.97
C005,2023-02-16,22645.03,12155.15,1001522.98,1012012.86,10489.88,3,0,20,0.005604,63845.64
C005,2023-02-17,27701.39,5711.16,1012012.86,1034003.09,21990.23,4,1,21,0.00338,42547.5
C005,2023-02-18,21882.59,8115.43,1034003.09,1047770.25,13767.16,5,1,22,0.001014,27416.23
C005,2023-02-19,21389.93,18680.55,1047770.25,1050479.63,2709.38,6,0,23,-0.001672,28001.35
C005,2023-02-20,25335.06,18386.5,1050479.63,1057428.19,6948.56,0,0,24,-0.004908,22106.81
C005,2023-02-21,19054.48,11494.67,1057428.19,1064988.0,7559.81,1,0,25,-0.008996,29145.38
C005,2023-02-22,19876.02,16933.39,1064988.0,1067930.63,2942.63,2,0,26,-0.014344,47632.1
C005,2023-02-23,22614.27,11530.97,1067930.63,1079013.93,11083.3,3,0,27,-0.02151,55142.0
C005,2023-02-24,26782.82,6185.23,1079013.93,1099611.52,20597.59,4,1,28,-0.031263,35673.59
C005,2023-02-25,22743.32,8538.11,1099611.52,1113816.73,14205.21,5,1,29,-0.044669,-62668.37
C005,2023-02-26,16675.02,15854.75,1113816.73,1114637.0,820.27,6,0,30,-0.063205,-44541.01
C005,2023-02-27,24591.08,113183.85,1114637.0,1026044.23,-88592.77,0,0,0,0.299992,53880.18
C005,2023-02-28,28662.24,13330.32,1026044.23,1041376.15,15331.92,1,0,1,0.250115,56197.98
C005,2023-03-01,22598.35,57465.27,1041376.15,1006509.23,-34866.92,2,0,2,0.208528,119987.7
C005,2023-03-02,26824.57,13141.95,1006509.23,1020191.85,13682.62,3,0,3,0.173852,91173.89
C005,2023-03-03,28387.53,6740.87,1020191.85,1041838.51,21646.66,4,1,4,0.144937,75810.81
C005,2023-03-04,26741.92,9986.0,1041838.51,1058594.43,16755.92,5,1,5,0.120825,60134.23
C005,2023-03-05,20585.14,73807.44,1058594.43,1005372.13,-53222.3,6,0,6,0.100714,117253.21
C005,2023-03-06,22590.36,25596.13,1005372.13,1002366.36,-3005.77,0,0,7,0.083938,68137.78
C005,2023-03-07,21753.31,16689.36,1002366.36,1007430.31,5063.95,1,0,8,0.069937,75989.55
C005,2023-03-08,22790.95,25158.18,1007430.31,1005063.08,-2367.23,2,0,9,0.058246,105901.42
C005,2023-03-09,26498.13,16214.95,1005063.08,1015346.26,10283.18,3,0,10,0.048473,115526.61
C005,2023-03-10,29077.75,21270.45,1015346.26,1023153.56,7807.3,4,1,11,0.040289,111811.87
C005,2023-03-11,28045.28,10945.08,1023153.56,1040253.76,17100.2,5,1,12,0.033416,83416.67
C005,2023-03-12,19837.66,23313.86,1040253.76,1036777.56,-3476.2,6,0,13,0.027617,96513.78
C005,2023-03-13,19619.46,25961.68,1036777.56,1030435.34,-6342.22,0,0,14,0.022685,107212.26
C005,2023-03-14,21525.18,16273.91,1030435.34,1035686.61,5251.27,1,0,15,0.018438,117903.11
C005,2023-03-15,22044.98,28048.6,1035686.61,1029682.99,-6003.62,2,0,16,0.014709,149171.95
C005,2023-03-16,23205.27,12983.19,1029682.99,1039905.07,10222.08,3,0,17,0.011338,139440.61
C005,2023-03-17,27489.13,6721.25,1039905.07,1060672.95,20767.88,4,1,18,0.00816,128035.22
C005,2023-03-18,24839.57,9654.02,1060672.95,1075858.5,15185.55,5,1,19,0.005,117541.35
C005,2023-03-19,18432.2,17740.11,1075858.5,1076550.59,692.09,6,0,20,0.001651,129652.97
C005,2023-03-20,19455.57,20819.68,1076550.59,1075186.48,-1364.11,0,0,21,-0.002137,138952.18
C005,2023-03-21,16922.01,13627.51,1075186.48,1078480.98,3294.5,1,0,22,-0.006685,72896.92
C005,2023-03-22,20470.45,19416.43,1078480.98,1079535.0,1054.02,2,0,23,-0.012418,98576.25
C005,2023-03-23,26133.39,11535.01,1079535.0,1094133.38,14598.38,3,0,24,-0.019904,91435.7
C005,2023-03-24,26960.41,5531.06,1094133.38,1115562.73,21429.35,4,1,25,-0.029925,65727.02
C005,2023-03-25,26031.62,7438.42,1115562.73,1134155.93,18593.2,5,1,26,-0.043552,37672.86
C005,2023-03-26,18318.43,17189.25,1134155.93,1135285.11,1129.18,6,0,27,-0.062274,41678.4
C005,2023-03-27,27206.84,111343.59,1135285.11,1051148.36,-84136.75,0,0,0,0.299997,124679.86
C005,2023-03-28,31600.51,12652.88,1051148.36,1070095.99,18947.63,1,0,1,0.250122,25748.95
C005,2023-03-29,29527.44,19699.02,1070095.99,1079924.41,9828.42,2,0,2,0.208537,35613.99
C005,2023-03-30,30566.58,12916.86,1079924.41,1097574.13,17649.72,3,0,3,0.173866,34417.39
C005,2023-03-31,35419.44,6496.64,1097574.13,1126496.93,28922.8,4,1,4,0.144956,11919.83
C005,2023-04-01,31549.51,46680.7,1126496.93,1111365.74,-15131.19,5,1,5,0.120852,-7105.96
C005,2023-04-02,25823.66,19540.08,1111365.74,1117649.32,6283.58,6,0,6,0.100752,-8138.63
C005,2023-04-03,24810.95,23731.61,1117649.32,1118728.66,1079.34,0,0,7,0.08399,-6671.32
C005,2023-04-04,20098.68,16202.0,1118728.66,1122625.34,3896.68,1,0,8,0.07001,-2021.76
C005,2023-04-05,22588.05,74709.25,1122625.34,1070504.14,-52121.2,2,0,9,0.058347,15917.01
C005,2023-04-06,27309.87,14394.15,1070504.14,1083419.86,12915.72,3,0,10,0.048614,20814.4
C005,2023-04-07,33752.46,6207.82,1083419.86,1110964.5,27544.64,4,1,11,0.040486,-3547.09
C005,2023-04-08,29128.2,9219.83,1110964.5,1130872.87,19908.37,5,1,12,0.033691,-18965.43
C005,2023-04-09,24632.99,20540.43,1130872.87,1134965.43,4092.56,6,0,13,0.028,-14930.28
C005,2023-04-10,26256.48,37551.48,1134965.43,1123670.43,-11295.0,0,0,14,0.02322,-17675.48
C005,2023-04-11,23929.18,14308.27,1123670.43,1133291.34,9620.91,1,0,15,0.019185,-15596.65
C005,2023-04-12,26587.04,22230.78,1133291.34,1137647.6,4356.26,2,0,16,0.015751,2114.09
C005,2023-04-13,30234.73,14292.61,1137647.6,1153589.72,15942.12,3,0,17,0.012792,3227.06
C005,2023-04-14,32268.81,7003.59,1153589.72,1178854.94,25265.22,4,1,18,0.01019,-19520.1
C005,2023-04-15,34520.05,34029.31,1178854.94,1179345.68,490.74,5,1,19,0.007832,-20349.0
C005,2023-04-16,28326.5,18964.01,1179345.68,1188708.17,9362.49,6,0,20,0.005604,-21291.65
C005,2023-04-17,28159.9,23468.22,1188708.17,1193399.85,4691.68,0,0,21,0.00338,-24194.51
C005,2023-04-18,27745.82,14942.11,1193399.85,1206203.56,12803.71,1,0,22,0.001014,-28561.55
C005,2023-04-19,31207.45,23272.35,1206203.56,1214138.66,7935.1,2,0,23,-0.001672,-20381.06
C005,2023-04-20,36648.76,99409.52,1214138.66,1151377.9,-62760.76,3,0,24,-0.004908,55743.6
C005,2023-04-21,33536.93,6803.58,1151377.9,1178111.25,26733.35,4,1,25,-0.008996,33266.09
C005,2023-04-22,18474.67,11016.84,1178111.25,1185569.08,7457.83,5,1,26,-0.014344,27666.76
C005,2023-04-23,15743.5,20022.83,1185569.08,1181289.75,-4279.33,6,0,27,-0.02151,34867.73
C005,2023-04-24,15427.01,24887.97,1181289.75,1171828.79,-9460.96,0,0,28,-0.031263,44896.31
C005,2023-04-25,18587.14,13452.42,1171828.79,1176963.51,5134.72,1,0,29,-0.044669,46633.31
C005,2023-04-26,17812.53,18947.82,1176963.51,1175828.22,-1135.29,2,0,30,-0.063205,65756.5
C005,2023-04-27,26338.55,106321.83,1175828.22,1095844.94,-79983.28,3,0,0,0.299996,68910.48
C005,2023-04-28,25104.71,5411.25,1095844.94,1115538.4,19693.46,4,1,1,0.25012,56492.14
C005,2023-04-29,23976.49,7523.37,1115538.4,1131991.52,16453.12,5,1,2,0.208535,44913.95
C005,2023-04-30,21777.05,15351.81,1131991.52,1138416.76,6425.24,6,0,3,0.173862,46187.69
C005,2023-05-01,22007.52,56164.5,1138416.76,1104259.78,-34156.98,0,0,4,0.144952,83063.12
C005,2023-05-02,18752.81,13501.9,1104259.78,1109510.69,5250.91,1,0,5,0.120845,49907.17
C005,2023-05-03,18102.29,15555.64,1109510.69,1112057.34,2546.65,2,0,6,0.100743,63180.01
C005,2023-05-04,20169.33,11623.09,1112057.34,1120603.58,8546.24,3,0,7,0.083978,65585.42
C005,2023-05-05,24974.18,59156.61,1120603.58,1086421.15,-34182.43,4,1,8,0.069993,102490.35
C005,2023-05-06,25204.02,7390.91,1086421.15,1104234.26,17813.11,5,1,9,0.058324,31360.17
C005,2023-05-07,19804.72,16621.57,1104234.26,1107417.41,3183.15,6,0,10,0.048582,33828.19
C005,2023-05-08,21027.64,16537.61,1107417.41,1111907.44,4490.03,0,0,11,0.040441,29957.63
C005,2023-05-09,20328.73,12201.02,1111907.44,1120035.15,8127.71,1,0,12,0.033628,30414.35
C005,2023-05-10,20942.53,34982.73,1120035.15,1105994.95,-14040.2,2,0,13,0.027912,60678.53
C005,2023-05-11,24493.41,12793.67,1105994.95,1117694.69,11699.74,3,0,14,0.023097,44632.56
C005,2023-05-12,27139.79,5072.79,1117694.69,1139761.69,22067.0,4,1,15,0.019013,24656.15
C005,2023-05-13,25168.93,8113.84,1139761.69,1156816.78,17055.09,5,1,16,0.015511,7808.07
C005,2023-05-14,19668.82,17150.76,1156816.78,1159334.84,2518.06,6,0,17,0.012457,9714.39
C005,2023-05-15,18738.3,19076.46,1159334.84,1158996.68,-338.16,0,0,18,0.009722,10197.99
C005,2023-05-16,19777.7,11357.86,1158996.68,1167416.52,8419.84,1,0,19,0.00718,9368.23
C005,2023-05-17,19394.92,17606.1,1167416.52,1169205.34,1788.82,2,0,20,0.004694,23644.22
C005,2023-05-18,20041.14,11604.47,1169205.34,1177642.01,8436.67,3,0,21,0.002109,27070.03
C005,2023-05-19,21817.79,5702.2,1177642.01,1193757.6,16115.59,4,1,22,-0.000759,13122.08
C005,2023-05-20,21705.45,8341.55,1193757.6,1207121.5,13363.9,5,1,23,-0.004146,-679.56
C005,2023-05-21,18899.34,14643.5,1207121.5,1211377.34,4255.84,6,0,24,-0.008361,38.25
C005,2023-05-22,18259.53,16401.03,1211377.34,1213235.84,1858.5,0,0,25,-0.013814,910.25
C005,2023-05-23,15608.58,12686.94,1213235.84,1216157.48,2921.64,1,0,26,-0.021069,3365.2
C005,2023-05-24,16201.86,15634.24,1216157.48,1216725.1,567.62,2,0,27,-0.030895,17262.86
C005,2023-05-25,17551.71,10679.99,1216725.1,1223596.82,6871.72,3,0,28,-0.044362,21900.27
C005,2023-05-26,23249.45,5261.55,1223596.82,1241584.72,17987.9,4,1,29,-0.062949,7211.93
C005,2023-05-27,26239.48,103068.78,1241584.72,1164755.42,-76829.3,5,1,0,0.299997,85163.68
C005,2023-05-28,21213.62,13938.5,1164755.42,1172030.54,7275.12,6,0,1,0.250122,-5186.61
C005,2023-05-29,20090.15,15215.22,1172030.54,1176905.47,4874.93,0,0,2,0.208537,-8453.03
C005,2023-05-30,19657.6,11958.62,1176905.47,1184604.45,7698.98,1,0,3,0.173866,-12374.89
C005,2023-05-31,19823.72,17105.27,1184604.45,1187322.9,2718.45,2,0,4,0.144956,-5025.71
C005,2023-06-01,21445.46,49350.5,1187322.9,1159417.86,-27905.04,3,0,5,0.120852,-7116.15
C005,2023-06-02,21221.3,5401.81,1159417.86,1175237.35,15819.49,4,1,6,0.100752,-22895.23
C005,2023-06-03,19199.6,8247.95,1175237.35,1186189.0,10951.65,5,1,7,0.08399,-33390.92
C005,2023-06-04,17773.29,15050.79,1186189.0,1188911.5,2722.5,6,0,8,0.07001,-34114.69
C005,2023-06-05,16965.74,70282.81,1188911.5,1135594.43,-53317.07,0,0,9,0.058347,-33376.45
C005,2023-06-06,17979.31,12328.14,1135594.43,1141245.6,5651.17,1,0,10,0.048614,-33081.48
C005,2023-06-07,17390.31,16770.84,1141245.6,1141865.07,619.47,2,0,11,0.040486,-20644.21
C005,2023-06-08,19502.35,10917.92,1141865.07,1150449.5,8584.43,3,0,12,0.033691,-17549.32
C005,2023-06-09,20913.24,4689.26,1150449.5,1166673.48,16223.98,4,1,13,0.028,-30639.77
C005,2023-06-10,20471.91,24818.14,1166673.48,1162327.25,-4346.23,5,1,14,0.02322,-45712.97
C005,2023-06-11,16404.83,14314.24,1162327.25,1164417.84,2090.59,6,0,15,0.019185,-42022.22
C005,2023-06-12,16778.65,16571.64,1164417.84,1164624.85,207.01,0,0,16,0.015751,-41071.56
C005,2023-06-13,14247.86,9823.48,1164624.85,1169049.23,4424.38,1,0,17,0.012792,-40308.88
C005,2023-06-14,15338.55,15193.11,1169049.23,1169194.67,145.44,2,0,18,0.01019,-27007.81
C005,2023-06-15,18177.63,10587.55,1169194.67,1176784.75,7590.08,3,0,19,0.007832,-50883.44
C005,2023-06-16,20549.1,4484.29,1176784.75,1192849.56,16064.81,4,1,20,0.005604,-66599.68
C005,2023-06-17,18512.85,6650.37,1192849.56,1204712.04,11862.48,5,1,21,0.00338,-78494.15
C005,2023-06-18,14916.34,12748.7,1204712.04,1206879.68,2167.64,6,0,22,0.001014,-78268.71
C005,2023-06-19,14211.0,14648.74,1206879.68,1206441.94,-437.74,0,0,23,-0.001672,-79536.74
C005,2023-06-20,14687.12,9713.47,1206441.94,1211415.59,4973.65,1,0,24,-0.004908,-253762.39
C005,2023-06-21,16406.63,13676.13,1211415.59,1214146.09,2730.5,2,0,25,-0.008996,-245600.37
C005,2023-06-22,14580.72,9204.13,1214146.09,1219522.68,5376.59,3,0,26,-0.014344,-243866.25
C005,2023-06-23,18945.86,4480.58,1219522.68,1233987.96,14465.28,4,1,27,-0.02151,-257716.13
C005,2023-06-24,17882.08,6372.95,1233987.96,1245497.09,11509.13,5,1,28,-0.031263,-269858.91
C005,2023-06-25,15472.95,12173.39,1245497.09,1248796.65,3299.56,6,0,29,-0.044669,-269959.18
C005,2023-06-26,14658.43,13535.98,1248796.65,1249919.1,1122.45,0,0,30,-0.063205,-271470.08
C005,2023-06-27,19929.17,103004.34,1249919.1,1166843.93,-83075.17,1,0,0,0.299996,-271823.08
C005,2023-06-28,17144.44,15535.93,1166843.93,1168452.44,1608.51,2,0,1,0.25012,-255003.88
C005,2023-06-29,14352.72,10575.6,1168452.44,1172229.56,3777.12,3,0,2,0.208535,-246611.99
C005,2023-06-30,14747.79,4680.16,1172229.56,1182297.19,10067.63,4,1,3,0.173862,-256013.9
C005,2023-07-01,13404.05,43399.53,1182297.19,1152301.71,-29995.48,5,1,4,0.144952,-226101.23
C005,2023-07-02,12480.95,12440.54,1152301.71,1152342.12,40.41,6,0,5,0.120845,-261095.23
C005,2023-07-03,12813.24,12357.28,1152342.12,1152798.08,455.96,0,0,6,0.100743,-263129.18
C005,2023-07-04,12483.63,10484.9,1152798.08,1154796.81,1998.73,1,0,7,0.083978,-262704.3
C005,2023-07-05,12572.8,65151.63,1154796.81,1102217.98,-52578.83,2,0,8,0.069993,-200544.19
C005,2023-07-06,14466.61,8520.47,1102217.98,1108164.12,5946.14,3,0,9,0.058324,-253491.13
C005,2023-07-07,17157.64,4100.9,1108164.12,1121220.86,13056.74,4,1,10,0.048582,-266907.38
C005,2023-07-08,17079.04,5399.72,1121220.86,1132900.18,11679.32,5,1,11,0.040441,-279700.76
C005,2023-07-09,14178.07,11044.54,1132900.18,1136033.71,3133.53,6,0,12,0.033628,-280650.4
C005,2023-07-10,14731.42,34150.85,1136033.71,1116614.28,-19419.43,0,0,13,0.027912,-263520.61
C005,2023-07-11,15289.98,9508.64,1116614.28,1122395.62,5781.34,1,0,14,0.023097,-283481.2
C005,2023-07-12,13740.78,12583.11,1122395.62,1123553.29,1157.67,2,0,15,0.019013,-274726.44
C005,2023-07-13,14297.87,9110.81,1123553.29,1128740.35,5187.06,3,0,16,0.015511,-271687.71
C005,2023-07-14,17747.67,4301.16,1128740.35,1142186.86,13446.51,4,1,17,0.012457,-285828.29
C005,2023-07-15,14460.76,30746.31,1142186.86,1125901.31,-16285.55,5,1,18,0.009722,-270252.66
C005,2023-07-16,11948.05,11599.48,1125901.31,1126249.88,348.57,6,0,19,0.00718,-268633.34
C005,2023-07-17,11720.73,11752.72,1126249.88,1126217.89,-31.99,0,0,20,0.004694,-270539.84
C005,2023-07-18,10427.17,8034.09,1126217.89,1128610.97,2393.08,1,0,21,0.002109,-268343.84
C005,2023-07-19,10574.52,12280.29,1128610.97,1126905.2,-1705.77,2,0,22,-0.000759,-255561.36
C005,2023-07-20,13141.42,182393.42,1126905.2,957653.2,-169252.0,3,0,23,-0.004146,-77815.32
C005,2023-07-21,14687.09,3794.57,957653.2,968545.72,10892.52,4,1,24,-0.008361,-88144.11
C005,2023-07-22,12552.82,5442.11,968545.72,975656.43,7110.71,5,1,25,-0.013814,-96721.44
C005,2023-07-23,10509.75,9894.35,975656.43,976271.83,615.4,6,0,26,-0.021069,-94808.32
C005,2023-07-24,10931.69,11565.34,976271.83,975638.18,-633.65,0,0,27,-0.030895,-93538.56
C005,2023-07-25,10743.1,7543.81,975638.18,978837.47,3199.29,1,0,28,-0.044362,-91105.79
C005,2023-07-26,9835.35,10223.8,978837.47,978449.02,-388.45,2,0,29,-0.062949,-78685.21
C005,2023-07-27,18820.82,102248.99,978449.02,895020.85,-83428.17,3,0,0,0.299997,12581.49
C005,2023-07-28,22206.82,3779.11,895020.85,913448.56,18427.71,4,1,1,0.250122,-98814.0
C005,2023-07-29,18111.36,5942.35,913448.56,925617.57,12169.01,5,1,2,0.208537,-108225.67
C005,2023-07-30,12737.69,12071.97,925617.57,926283.29,665.72,6,0,3,0.173866,-102423.38
C005,2023-07-31,14652.91,14735.72,926283.29,926200.48,-82.81,0,0,4,0.144956,-99408.92
C005,2023-08-01,13346.19,48299.78,926200.48,891246.89,-34953.59,1,0,5,0.120852,-56503.7
C005,2023-08-02,12364.67,13942.66,891246.89,889668.9,-1577.99,2,0,6,0.100752,-80115.65
C005,2023-08-03,12396.73,9973.12,889668.9,892092.51,2423.61,3,0,7,0.08399,-73311.81
C005,2023-08-04,14063.14,4481.86,892092.51,901673.79,9581.28,4,1,8,0.07001,-84614.64
C005,2023-08-05,12975.75,59976.55,901673.79,854672.99,-47000.8,5,1,9,0.058347,-38526.14
C005,2023-08-06,11817.94,12177.45,854672.99,854313.48,-359.51,6,0,10,0.048614,-90716.19
C005,2023-08-07,12965.02,14079.08,854313.48,853199.42,-1114.06,0,0,11,0.040486,-91436.04
C005,2023-08-08,11328.53,9144.64,853199.42,855383.31,2183.89,1,0,12,0.033691,-91303.28
C005,2023-08-09,11715.05,14004.69,855383.31,853093.67,-2289.64,2,0,13,0.028,-78366.59
C005,2023-08-10,13031.64,27210.89,853093.67,838914.42,-14179.25,3,0,14,0.02322,-56260.92
C005,2023-08-11,14189.27,4276.84,838914.42,848826.85,9912.43,4,1,15,0.019185,-82248.03
C005,2023-08-12,14160.86,5935.07,848826.85,857052.64,8225.79,5,1,16,0.015751,-89958.04
C005,2023-08-13,11724.86,12418.93,857052.64,856358.57,-694.07,6,0,17,0.012792,-87315.58
C005,2023-08-14,12709.22,13419.14,856358.57,855648.65,-709.92,0,0,18,0.01019,-88656.26
C005,2023-08-15,10859.28,8891.39,855648.65,857616.54,1967.89,1,0,19,0.007832,-87494.85
C005,2023-08-16,11249.62,13188.11,857616.54,855678.05,-1938.49,2,0,20,0.005604,-75685.49
C005,2023-08-17,14037.09,9448.01,855678.05,860267.13,4589.08,3,0,21,0.00338,-73699.56
C005,2023-08-18,15077.17,4000.46,860267.13,871343.84,11076.71,4,1,22,0.001014,-85979.48
C005,2023-08-19,13813.56,5319.52,871343.84,879837.88,8494.04,5,1,23,-0.001672,-95561.39
C005,2023-08-20,12656.09,12092.36,879837.88,880401.61,563.73,6,0,24,-0.004908,-92646.74
C005,2023-08-21,10564.4,12031.02,880401.61,878934.99,-1466.62,0,0,25,-0.008996,-89160.46
C005,2023-08-22,11168.26,8639.74,878934.99,881463.51,2528.52,1,0,26,-0.014344,-84258.14
C005,2023-08-23,12816.5,12180.39,881463.51,882099.62,636.11,2,0,27,-0.02151,-73130.58
C005,2023-08-24,14095.16,8463.1,882099.62,887731.68,5632.06,3,0,28,-0.031263,-68366.91
C005,2023-08-25,16020.27,3988.14,887731.68,899763.81,12032.13,4,1,29,-0.044669,-79459.28
C005,2023-08-26,13156.69,5318.16,899763.81,907602.34,7838.53,5,1,30,-0.063205,-89589.74
C005,2023-08-27,14374.58,107342.36,907602.34,814634.56,-92967.78,6,0,0,0.299997,3304.09
C005,2023-08-28,15900.82,13143.48,814634.56,817391.9,2757.34,0,0,1,0.250122,-88617.1
C005,2023-08-29,15453.56,8985.55,817391.9,823859.91,6468.01,1,0,2,0.208537,-85618.03
C005,2023-08-30,16083.4,13151.75,823859.91,826791.56,2931.65,2,0,3,0.173866,-74518.33
C005,2023-08-31,16646.53,8694.9,826791.56,834743.19,7951.63,3,0,4,0.144956,-73929.05
C005,2023-09-01,17117.37,42307.31,834743.19,809553.25,-25189.94,4,1,5,0.120852,-86219.66
C005,2023-09-02,15626.4,6398.95,809553.25,818780.7,9227.45,5,1,6,0.100752,-94605.38
C005,2023-09-03,11869.83,13591.38,818780.7,817059.15,-1721.55,6,0,7,0.08399,-89105.82
C005,2023-09-04,12892.31,13804.61,817059.15,816146.85,-912.3,0,0,8,0.07001,-87828.24
C005,2023-09-05,11559.86,64109.42,816146.85,763597.29,-52549.56,1,0,9,0.058347,-83158.82
C005,2023-09-06,11873.34,13707.25,763597.29,761763.38,-1833.91,2,0,10,0.048614,-69813.31
C005,2023-09-07,11562.76,9246.11,761763.38,764080.03,2316.65,3,0,11,0.040486,-61841.01
C005,2023-09-08,14913.36,4266.31,764080.03,774727.08,10647.05,4,1,12,0.033691,-69212.18
C005,2023-09-09,13623.57,5697.15,774727.08,782653.5,7926.42,5,1,13,0.028,-77470.13
C005,2023-09-10,10832.11,26906.79,782653.5,766578.82,-16074.68,6,0,14,0.02322,-73651.17
C005,2023-09-11,13120.75,12604.97,766578.82,767094.6,515.78,0,0,15,0.019185,-74824.63
C005,2023-09-12,12139.12,10190.73,767094.6,769042.99,1948.39,1,0,16,0.015751,-68713.01
C005,2023-09-13,11544.88,13595.48,769042.99,766992.39,-2050.6,2,0,17,0.012792,-53967.56
C005,2023-09-14,13144.73,10015.43,766992.39,770121.69,3129.3,3,0,18,0.01019,-47175.03
C005,2023-09-15,14648.01,4777.14,770121.69,779992.56,9870.87,4,1,19,0.007832,-79300.26
C005,2023-09-16,12990.37,6415.36,779992.56,786567.57,6575.01,5,1,20,0.005604,-86546.82
C005,2023-09-17,10319.24,11522.45,786567.57,785364.36,-1203.21,6,0,21,0.00338,-82832.09
C005,2023-09-18,11784.37,12872.24,785364.36,784276.49,-1087.87,0,0,22,0.001014,-81680.64
C005,2023-09-19,12183.34,8704.96,784276.49,787754.87,3478.38,1,0,23,-0.001672,-78381.41
C005,2023-09-20,12121.41,10101.75,787754.87,789774.53,2019.66,2,0,24,-0.004908,-66319.04
C005,2023-09-21,15756.99,8326.15,789774.53,797205.37,7430.84,3,0,25,-0.008996,-61492.01
C005,2023-09-22,15931.82,4168.15,797205.37,808969.04,11763.67,4,1,26,-0.014344,-73442.45
C005,2023-09-23,15971.68,5575.95,808969.04,819364.77,10395.73,5,1,27,-0.02151,-84392.06
C005,2023-09-24,11646.8,10707.04,819364.77,820304.53,939.76,6,0,28,-0.031263,-83250.26
C005,2023-09-25,11313.3,13605.23,820304.53,818012.6,-2291.93,0,0,29,-0.044669,-80532.39
C005,2023-09-26,8818.16,8892.11,818012.6,817938.65,-73.95,1,0,30,-0.063205,-77279.38
C005,2023-09-27,15138.73,104302.58,817938.65,728774.8,-89163.85,2,0,0,0.299996,-68177.36
C005,2023-09-28,18729.92,9262.84,728774.8,738241.88,9467.08,3,0,1,0.25012,-63879.78
C005,2023-09-29,18196.07,4164.72,738241.88,752273.23,14031.35,4,1,2,0.208535,-74498.21
C005,2023-09-30,14961.52,6420.61,752273.23,760814.14,8540.91,5,1,3,0.173862,-81136.38
C005,2023-10-01,11888.01,49368.56,760814.14,723333.59,-37480.55,6,0,4,0.144952,-39007.75
C005,2023-10-02,13279.81,12438.08,723333.59,724175.32,841.73,0,0,5,0.120845,-77743.49
C005,2023-10-03,13610.38,9832.37,724175.32,727953.33,3778.01,1,0,6,0.100743,-74904.95
C005,2023-10-04,13384.5,13019.22,727953.33,728318.61,365.28,2,0,7,0.083978,-63423.05
C005,2023-10-05,14537.77,62417.91,728318.61,680438.47,-47880.14,3,0,8,0.069993,-5538.03
C005,2023-10-06,15470.18,3958.58,680438.47,691950.07,11511.6,4,1,9,0.058324,-68401.31
C005,2023-10-07,16523.71,6234.76,691950.07,702239.02,10288.95,5,1,10,0.048582,-78564.94
C005,2023-10-08,12573.48,9297.6,702239.02,705514.9,3275.88,6,0,11,0.040441,-78002.73
C005,2023-10-09,12582.56,12914.09,705514.9,705183.37,-331.53,0,0,12,0.033628,-73170.17
C005,2023-10-10,12263.17,24518.89,705183.37,692927.65,-12255.72,1,0,13,0.027912,-55941.11
C005,2023-10-11,12401.93,13059.61,692927.65,692269.97,-657.68,2,0,14,0.023097,-58821.1
C005,2023-10-12,15806.23,7746.22,692269.97,700329.98,8060.01,3,0,15,0.019013,-57219.97
C005,2023-10-13,16736.42,4041.57,700329.98,713024.83,12694.85,4,1,16,0.015511,-69348.74
C005,2023-10-14,15600.97,5679.14,713024.83,722946.66,9921.83,5,1,17,0.012457,-78389.78
C005,2023-10-15,13629.43,35883.79,722946.66,700692.3,-22254.36,6,0,18,0.009722,-52110.34
C005,2023-10-16,12404.22,13075.77,700692.3,700020.75,-671.55,0,0,19,0.00718,-51765.76
C005,2023-10-17,12332.67,9821.15,700020.75,702532.27,2511.52,1,0,20,0.004694,-50149.89
C005,2023-10-18,12599.71,12536.13,702532.27,702595.85,63.58,2,0,21,0.002109,-38646.77
C005,2023-10-19,15262.99,8485.38,702595.85,709373.46,6777.61,3,0,22,-0.000759,-36158.14
C005,2023-10-20,18547.43,4465.4,709373.46,723455.49,14082.03,4,1,23,-0.004146,-47010.75
C005,2023-10-21,17296.32,5038.45,723455.49,735713.36,12257.87,5,1,24,-0.008361,-57946.54
C005,2023-10-22,12199.23,12386.0,735713.36,735526.59,-186.77,6,0,25,-0.013814,-54037.6
C005,2023-10-23,12767.38,13321.26,735526.59,734972.71,-553.88,0,0,26,-0.021069,-50593.31
C005,2023-10-24,11571.83,9490.27,734972.71,737054.27,2081.56,1,0,27,-0.030895,-46629.23
C005,2023-10-25,12513.68,12087.74,737054.27,737480.21,425.94,2,0,28,-0.044362,-36640.22
C005,2023-10-26,12294.09,9115.03,737480.21,740659.27,3179.06,3,0,29,-0.062949,-29510.02
C005,2023-10-27,19305.56,99367.39,740659.27,660597.44,-80061.83,4,1,0,0.299997,52355.09
C005,2023-10-28,19344.36,5579.7,660597.44,674362.1,13764.66,5,1,1,0.250122,-51120.0
C005,2023-10-29,14559.59,11146.67,674362.1,677775.02,3412.92,6,0,2,0.208537,-48213.0
C005,2023-10-30,14147.45,12244.71,677775.02,679677.76,1902.74,0,0,3,0.173866,-45161.99
C005,2023-10-31,13582.76,8934.68,679677.76,684325.84,4648.08,1,0,4,0.144956,-41196.24
C005,2023-11-01,13754.15,51648.16,684325.84,646431.83,-37894.01,2,0,5,0.120852,-23225.16
C005,2023-11-02,15715.91,9099.36,646431.83,653048.38,6616.55,3,0,6,0.100752,-17009.11
C005,2023-11-03,16307.54,4460.36,653048.38,664895.56,11847.18,4,1,7,0.08399,-26214.91
C005,2023-11-04,16016.49,6011.61,664895.56,674900.44,10004.88,5,1,8,0.07001,-33238.22
C005,2023-11-05,13608.46,64960.14,674900.44,623548.76,-51351.68,6,0,9,0.058347,-32420.73
C005,2023-11-06,13341.52,13216.2,623548.76,623674.08,125.32,0,0,10,0.048614,-31103.3
C005,2023-11-07,13430.99,9592.9,623674.08,627512.17,3838.09,1,0,11,0.040486,-28801.17
C005,2023-11-08,16899.7,12398.67,627512.17,632013.2,4501.03,2,0,12,0.033691,-19595.56
C005,2023-11-09,14746.82,9773.48,632013.2,636986.54,4973.34,3,0,13,0.028,-12923.96
C005,2023-11-10,15845.67,19383.34,636986.54,633448.87,-3537.67,4,1,14,0.02322,-24055.19
C005,2023-11-11,15164.95,5503.81,633448.87,643110.01,9661.14,5,1,15,0.019185,-34008.73
C005,2023-11-12,13141.39,12575.31,643110.01,643676.09,566.08,6,0,16,0.015751,-28950.32
C005,2023-11-13,14091.59,13210.8,643676.09,644556.88,880.79,0,0,17,0.012792,-27856.19
C005,2023-11-14,12685.4,8660.32,644556.88,648581.96,4025.08,1,0,18,0.01019,-23986.47
C005,2023-11-15,12991.78,13318.75,648581.96,648254.99,-326.97,2,0,19,0.007832,-9080.84
C005,2023-11-16,13162.84,9035.45,648254.99,652382.38,4127.39,3,0,20,0.005604,-2777.02
C005,2023-11-17,15333.63,3766.93,652382.38,663949.08,11566.7,4,1,21,0.00338,-12626.43
C005,2023-11-18,14802.32,5536.08,663949.08,673215.32,9266.24,5,1,22,0.001014,-18831.11
C005,2023-11-19,14173.4,10943.98,673215.32,676444.74,3229.42,6,0,23,-0.001672,-16182.35
C005,2023-11-20,12970.18,11648.1,676444.74,677766.82,1322.08,0,0,24,-0.004908,-17210.98
C005,2023-11-21,12920.31,9198.14,677766.82,681488.99,3722.17,1,0,25,-0.008996,-13958.82
C005,2023-11-22,14994.05,12103.64,681488.99,684379.4,2890.41,2,0,26,-0.014344,-4748.55
C005,2023-11-23,14877.79,8832.15,684379.4,690425.04,6045.64,3,0,27,-0.02151,-695.28
C005,2023-11-24,14750.38,4335.43,690425.04,700839.99,10414.95,4,1,28,-0.031263,-8239.58
C005,2023-11-25,16222.07,5912.81,700839.99,711149.25,10309.26,5,1,29,-0.044669,-17956.34
C005,2023-11-26,14099.14,12295.86,711149.25,712952.53,1803.28,6,0,30,-0.063205,-14484.13
C005,2023-11-27,17455.2,107165.63,712952.53,623242.1,-89710.43,0,0,0,0.299996,-13524.17
C005,2023-11-28,16228.93,9909.01,623242.1,629562.02,6319.92,1,0,1,0.25012,-7746.4
C005,2023-11-29,17268.16,12314.41,629562.02,634515.77,4953.75,2,0,2,0.208535,7792.24
C005,2023-11-30,18128.0,9514.17,634515.77,643129.6,8613.83,3,0,3,0.173862,14222.78
C005,2023-12-01,21813.33,41736.26,643129.6,623206.67,-19922.93,4,1,4,0.144952,36440.6
C005,2023-12-02,19675.37,6842.77,623206.67,636039.27,12832.6,5,1,5,0.120845,-12728.13
C005,2023-12-03,16505.43,13864.05,636039.27,638680.65,2641.38,6,0,6,0.100743,-9764.06
C005,2023-12-04,19324.96,16343.39,638680.65,641662.22,2981.57,0,0,7,0.083978,-12408.83
C005,2023-12-05,14008.85,64543.04,641662.22,591128.03,-50534.19,1,0,8,0.069993,45358.78
C005,2023-12-06,16793.36,15350.61,591128.03,592570.78,1442.75,2,0,9,0.058324,14903.32
C005,2023-12-07,16308.94,10168.72,592570.78,598711.0,6140.22,3,0,10,0.048582,22631.54
C005,2023-12-08,18670.25,4963.61,598711.0,612417.64,13706.64,4,1,11,0.040441,11912.67
C005,2023-12-09,17504.24,5859.3,612417.64,624062.58,11644.94,5,1,12,0.033628,1344.5
C005,2023-12-10,14760.06,29428.96,624062.58,609393.68,-14668.9,6,0,13,0.027912,20813.31
C005,2023-12-11,14393.99,14686.39,609393.68,609101.28,-292.4,0,0,14,0.023097,6705.19
C005,2023-12-12,16096.23,10471.74,609101.28,614725.77,5624.49,1,0,15,0.019013,7721.9
C005,2023-12-13,16542.71,14567.79,614725.77,616700.69,1974.92,2,0,16,0.015511,21126.42
C005,2023-12-14,17451.57,9556.77,616700.69,624595.49,7894.8,3,0,17,0.012457,28481.27
C005,2023-12-15,18797.48,4218.82,624595.49,639174.15,14578.66,4,1,18,0.009722,16148.97
C005,2023-12-16,16662.91,6231.7,639174.15,649605.36,10431.21,5,1,19,0.00718,-18678.6
C005,2023-12-17,13368.86,11651.57,649605.36,651322.65,1717.29,6,0,20,0.004694,-16639.54
C005,2023-12-18,15885.57,12824.01,651322.65,654384.21,3061.56,0,0,21,0.002109,-17377.54
C005,2023-12-19,16401.51,10523.33,654384.21,660262.39,5878.18,1,0,22,-0.000759,-16379.36
C005,2023-12-20,15160.82,14867.37,660262.39,660555.84,293.45,2,0,23,-0.004146,-4277.85
C005,2023-12-21,17020.15,10045.82,660555.84,667530.17,6974.33,3,0,24,-0.008361,1111.15
C005,2023-12-22,16491.13,4390.45,667530.17,679630.85,12100.68,4,1,25,-0.013814,-8389.16
C005,2023-12-23,16172.05,6073.14,679630.85,689729.76,10098.91,5,1,26,-0.021069,-17610.79
C005,2023-12-24,15416.38,12545.73,689729.76,692600.41,2870.65,6,0,27,-0.030895,-15336.93
C005,2023-12-25,15073.13,14480.63,692600.41,693192.91,592.5,0,0,28,-0.044362,-17887.87
C005,2023-12-26,14507.67,9232.18,693192.91,698468.4,5275.49,1,0,29,-0.062949,-15581.69
C005,2023-12-27,18279.24,107029.71,698468.4,609717.93,-88750.47,2,0,0,0.299997,88046.64
C005,2023-12-28,23143.93,11046.24,609717.93,621815.62,12097.69,3,0,1,0.250122,-3176.31
C005,2023-12-29,25247.44,4755.05,621815.62,642308.01,20492.39,4,1,2,0.208537,-15529.63
C005,2023-12-30,22097.82,7053.45,642308.01,657352.38,15044.37,5,1,3,0.173866,-25534.5
C005,2023-12-31,17207.69,14912.8,657352.38,659647.27,2294.89,6,0,4,0.144956,-18468.93
C005,2024-01-01,17021.92,53358.05,659647.27,623311.14,-36336.13,0,0,5,0.120852,19424.15
C005,2024-01-02,17141.14,11535.69,623311.14,628916.59,5605.45,1,0,6,0.100752,-14559.84
C005,2024-01-03,15993.76,15656.96,628916.59,629253.39,336.8,2,0,7,0.08399,1503.04
C005,2024-01-04,19164.95,11931.53,629253.39,636486.81,7233.42,3,0,8,0.07001,7400.74
C005,2024-01-05,17562.15,46574.86,636486.81,607474.1,-29012.71,4,1,9,0.058347,36765.19
C005,2024-01-06,20185.99,6317.55,607474.1,621342.54,13868.44,5,1,10,0.048614,-43973.74
C005,2024-01-07,16804.92,13817.15,621342.54,624330.31,2987.77,6,0,11,0.040486,-42847.91
C005,2024-01-08,16467.98,15391.21,624330.31,625407.08,1076.77,0,0,12,0.033691,-44728.93
C005,2024-01-09,16103.16,11303.25,625407.08,630206.99,4799.91,1,0,13,0.028,-37848.42
C005,2024-01-10,15811.54,30212.06,630206.99,615806.47,-14400.52,2,0,14,0.02322,-5422.49
C005,2024-01-11,17101.77,10460.57,615806.47,622447.67,6641.2,3,0,15,0.019185,-15341.63
C005,2024-01-12,20375.41,4995.97,622447.67,637827.11,15379.44,4,1,16,0.015751,-26251.99
C005,2024-01-13,21824.68,6575.03,637827.11,653076.76,15249.65,5,1,17,0.012792,-39961.24
C005,2024-01-14,15420.83,13174.47,653076.76,655323.12,2246.36,6,0,18,0.01019,-36258.41
C005,2024-01-15,16388.74,40785.1,655323.12,630926.76,-24396.36,0,0,19,0.007832,-12166.63
C005,2024-01-16,14668.0,10911.65,630926.76,634683.11,3756.35,1,0,20,0.005604,-8292.52
C005,2024-01-17,15805.24,13481.68,634683.11,637006.67,2323.56,2,0,21,0.00338,6394.48
C005,2024-01-18,16724.94,9848.58,637006.67,643883.03,6876.36,3,0,22,0.001014,12980.92
C005,2024-01-19,17363.09,4968.13,643883.03,656277.99,12394.96,4,1,23,-0.001672,2619.37
C005,2024-01-20,18819.91,6456.58,656277.99,668641.32,12363.33,5,1,24,-0.004908,-12642.99
C005,2024-01-21,15384.31,12783.94,668641.32,671241.69,2600.37,6,0,25,-0.008996,-13043.79
C005,2024-01-22,16283.57,15406.29,671241.69,672118.97,877.28,0,0,26,-0.014344,-18382.7
C005,2024-01-23,15053.58,9909.07,672118.97,677263.48,5144.51,1,0,27,-0.02151,-15755.14
C005,2024-01-24,12925.28,14883.72,677263.48,675305.04,-1958.44,2,0,28,-0.031263,-624.62
C005,2024-01-25,17596.48,10014.81,675305.04,682886.71,7581.67,3,0,29,-0.044669,6747.5
C005,2024-01-26,19321.29,4443.43,682886.71,697764.57,14877.86,4,1,30,-0.063205,-8939.94
C005,2024-01-27,26916.22,106041.48,697764.57,618639.31,-79125.26,5,1,0,0.299997,67639.81
C005,2024-01-28,21576.88,13437.81,618639.31,626778.38,8139.07,6,0,1,0.250122,-29045.76
C005,2024-01-29,21290.06,16250.56,626778.38,631817.88,5039.5,0,0,2,0.208537,-32454.91
C005,2024-01-30,20470.78,11110.32,631817.88,641178.34,9360.46,1,0,3,0.173866,-28600.9
C005,2024-01-31,19698.69,18141.74,641178.34,642735.29,1556.95,2,0,4,0.144956,-53432.6
C005,2024-02-01,22831.55,51210.09,642735.29,614356.75,-28378.54,3,0,5,0.120852,-11436.73
C005,2024-02-02,22128.62,5728.94,614356.75,630756.43,16399.68,4,1,6,0.100752,-29924.42
C005,2024-02-03,21684.53,8553.41,630756.43,643887.55,13131.12,5,1,7,0.08399,-44863.12
C005,2024-02-04,18043.4,17691.66,643887.55,644239.29,351.74,6,0,8,0.07001,-85009.5
C005,2024-02-05,16471.95,83342.44,644239.29,577368.8,-66870.49,0,0,9,0.058347,-18309.27
C005,2024-02-06,16082.92,11969.32,577368.8,581482.4,4113.6,1,0,10,0.048614,-14760.75
C005,2024-02-07,15508.41,16312.66,581482.4,580678.15,-804.25,2,0,11,0.040486,5559.9
C005,2024-02-08,22112.07,10431.65,580678.15,592358.57,11680.42,3,0,12,0.033691,8149.16
C005,2024-02-09,23128.82,5103.41,592358.57,610383.98,18025.41,4,1,13,0.028,-22930.24
C005,2024-02-10,20795.37,24073.31,610383.98,607106.04,-3277.94,5,1,14,0.02322,-20658.49
C005,2024-02-11,18597.32,14128.24,607106.04,611575.12,4469.08,6,0,15,0.019185,-17611.99
C005,2024-02-12,18866.66,17326.26,611575.12,613115.52,1540.4,0,0,16,0.015751,-15426.75
C005,2024-02-13,17552.12,11602.93,613115.52,619064.71,5949.19,1,0,17,0.012792,-11467.9
C005,2024-02-14,17571.4,17875.98,619064.71,618760.13,-304.58,2,0,18,0.01019,7971.35
C005,2024-02-15,19606.61,11976.15,618760.13,626390.59,7630.46,3,0,19,0.007832,13375.65
C005,2024-02-16,21932.03,4921.47,626390.59,643401.15,17010.56,4,1,20,0.005604,-1151.44
C005,2024-02-17,20807.98,7345.18,643401.15,656863.95,13462.8,5,1,21,0.00338,-16079.93
C005,2024-02-18,17290.33,15256.92,656863.95,658897.36,2033.41,6,0,22,0.001014,-10956.93
C005,2024-02-19,15363.65,18262.68,658897.36,655998.33,-2899.03,0,0,23,-0.001672,-5965.55
C005,2024-02-20,15463.87,13264.3,655998.33,658197.9,2199.57,1,0,24,-0.004908,572.55
C005,2024-02-21,15081.44,19543.07,658197.9,653736.27,-4461.63,2,0,25,-0.008996,24402.81
C005,2024-02-22,19727.91,11955.84,653736.27,661508.34,7772.07,3,0,26,-0.014344,31107.81
C005,2024-02-23,19446.94,6274.86,661508.34,674680.42,13172.08,4,1,27,-0.02151,22119.13
C005,2024-02-24,22916.61,7962.82,674680.42,689634.21,14953.79,5,1,28,-0.031263,6709.91
C005,2024-02-25,16460.44,17270.02,689634.21,688824.63,-809.58,6,0,29,-0.044669,14113.41
C005,2024-02-26,15734.37,18279.88,688824.63,686279.12,-2545.51,0,0,30,-0.063205,-70428.41
C005,2024-02-27,21144.06,109690.56,686279.12,597732.62,-88546.5,1,0,0,0.299994,37588.13
C005,2024-02-28,22293.74,20663.39,597732.62,599362.97,1630.35,2,0,1,0.250118,63924.56
C005,2024-02-29,24605.52,11391.05,599362.97,612577.44,13214.47,3,0,2,0.208532,70758.34
C005,2024-03-01,22844.43,46119.18,612577.44,589302.69,-23274.75,4,1,3,0.173858,98158.26
C005,2024-03-02,22780.32,9162.99,589302.69,602920.02,13617.33,5,1,4,0.144946,48573.71
C005,2024-03-03,17633.62,19721.63,602920.02,600832.01,-2088.01,6,0,5,0.120837,58933.06
C005,2024-03-04,18400.53,20208.11,600832.01,599024.43,-1807.58,0,0,6,0.100731,65828.99
C005,2024-03-05,16367.98,56162.62,599024.43,559229.79,-39794.64,1,0,7,0.083961,117883.46
C005,2024-03-06,16238.02,16408.28,559229.79,559059.53,-170.26,2,0,8,0.06997,99842.66
C005,2024-03-07,20621.86,12959.74,559059.53,566721.65,7662.12,3,0,9,0.058291,118769.39
C005,2024-03-08,25178.12,5661.72,566721.65,586238.05,19516.4,4,1,10,0.048536,108837.76
C005,2024-03-09,21853.1,7583.42,586238.05,600507.73,14269.68,5,1,11,0.040377,98603.17
C005,2024-03-10,15858.83,28912.82,600507.73,587453.74,-13053.99,6,0,12,0.03354,121095.81
C005,2024-03-11,16784.77,17790.96,587453.74,586447.55,-1006.19,0,0,13,0.027789,101437.62
C005,2024-03-12,18438.59,10923.01,586447.55,593963.13,7515.58,1,0,14,0.022925,96891.39
C005,2024-03-13,19744.49,16018.85,593963.13,597688.77,3725.64,2,0,15,0.018773,109242.9
C005,2024-03-14,21347.4,11439.36,597688.77,607596.81,9908.04,3,0,16,0.015176,109889.06
C005,2024-03-15,24360.94,5226.27,607596.81,626731.48,19134.67,4,1,17,0.01199,89016.07
C005,2024-03-16,21365.39,8330.63,626731.48,639766.24,13034.76,5,1,18,0.00907,46765.26
C005,2024-03-17,17461.28,14977.81,639766.24,642249.71,2483.47,6,0,19,0.00627,49010.67
C005,2024-03-18,17542.15,19007.84,642249.71,640784.02,-1465.69,0,0,20,0.003424,51210.55
C005,2024-03-19,18468.24,11311.83,640784.02,647940.43,7156.41,1,0,21,0.000337,53641.65
C005,2024-03-20,18527.45,16435.1,647940.43,650032.78,2092.35,2,0,22,-0.003233,69075.7
C005,2024-03-21,20815.87,12078.2,650032.78,658770.45,8737.67,3,0,23,-0.007599,73793.69
C005,2024-03-22,24468.89,5100.26,658770.45,678139.08,19368.63,4,1,24,-0.013179,57611.66
C005,2024-03-23,22209.38,7732.31,678139.08,692616.15,14477.07,5,1,25,-0.020539,43008.46
C005,2024-03-24,19210.87,15027.47,692616.15,696799.55,4183.4,6,0,26,-0.030454,39921.17
C005,2024-03-25,19458.21,19913.64,696799.55,696344.12,-455.43,0,0,27,-0.043994,39934.59
C005,2024-03-26,18336.52,11742.6,696344.12,702938.04,6593.92,1,0,28,-0.062642,42577.89
C005,2024-03-27,28620.36,115707.69,702938.04,615850.71,-87087.33,2,0,0,0.299997,146206.26
C005,2024-03-28,31429.4,11959.36,615850.71,635320.75,19470.04,3,0,1,0.250122,50935.54
C005,2024-03-29,34170.12,6203.34,635320.75,663287.53,27966.78,4,1,2,0.208537,30684.83
C005,2024-03-30,29394.52,9346.27,663287.53,683335.78,20048.25,5,1,3,0.173866,13118.15
C005,2024-03-31,24089.54,19964.37,683335.78,687460.95,4125.17,6,0,4,0.144956,16997.0
C005,2024-04-01,22686.03,58653.25,687460.95,651493.73,-35967.22,0,0,5,0.120852,19981.76
C005,2024-04-02,24171.14,15899.8,651493.73,659765.07,8271.34,1,0,6,0.100752,22118.6
C005,2024-04-03,27152.14,22063.79,659765.07,664853.42,5088.35,2,0,7,0.08399,35045.54
C005,2024-04-04,25527.82,13267.99,664853.42,677113.25,12259.83,3,0,8,0.07001,36018.27
C005,2024-04-05,29719.24,47930.3,677113.25,658902.19,-18211.06,4,1,9,0.058347,16501.77
C005,2024-04-06,35795.43,9206.58,658902.19,685491.04,26588.85,5,1,10,0.048614,-10399.3
C005,2024-04-07,28444.89,18860.12,685491.04,695075.81,9584.77,6,0,11,0.040486,-16527.26
C005,2024-04-08,26969.11,22934.02,695075.81,699110.9,4035.09,0,0,12,0.033691,-22246.94
C005,2024-04-09,25234.02,15795.37,699110.9,708549.55,9438.65,1,0,13,0.028,-24025.45
C005,2024-04-10,17793.29,38457.67,708549.55,687885.17,-20664.38,2,0,14,0.02322,-5105.59
C005,2024-04-11,19089.18,16119.83,687885.17,690854.52,2969.35,3,0,15,0.019185,4304.77
C005,2024-04-12,22052.22,5975.07,690854.52,706931.67,16077.15,4,1,16,0.015751,-11211.14
C005,2024-04-13,19197.31,8643.11,706931.67,717485.87,10554.2,5,1,17,0.012792,-22449.27
C005,2024-04-14,14587.08,16325.4,717485.87,715747.55,-1738.32,6,0,18,0.01019,-16343.85
C005,2024-04-15,16215.63,45431.68,715747.55,686531.5,-29216.05,0,0,19,0.007832,16651.78
C005,2024-04-16,15394.53,10665.65,686531.5,691260.38,4728.88,1,0,20,0.005604,20185.87
C005,2024-04-17,16132.63,15398.44,691260.38,691994.57,734.19,2,0,21,0.00338,34338.52
C005,2024-04-18,20097.72,10510.21,691994.57,701582.08,9587.51,3,0,22,0.001014,40816.56
C005,2024-04-19,22055.53,4529.13,701582.08,719108.48,17526.4,4,1,23,-0.001672,24589.28
C005,2024-04-20,20160.14,6704.48,719108.48,732564.14,13455.66,5,1,24,-0.004908,12856.46
C005,2024-04-21,16181.49,12994.89,732564.14,735750.74,3186.6,6,0,25,-0.008996,14578.92
C005,2024-04-22,17668.34,17794.47,735750.74,735624.61,-126.13,0,0,26,-0.014344,17022.44
C005,2024-04-23,13441.02,12344.91,735624.61,736720.72,1096.11,1,0,27,-0.02151,22712.54
C005,2024-04-24,15336.52,15778.53,736720.72,736278.71,-442.01,2,0,28,-0.031263,36957.33
C005,2024-04-25,20068.44,10831.22,736278.71,745515.93,9237.22,3,0,29,-0.044669,40458.77
C005,2024-04-26,21544.35,5003.31,745515.93,762056.97,16541.04,4,1,30,-0.063205,25993.05
C005,2024-04-27,29160.77,104961.45,762056.97,686256.29,-75800.68,5,1,0,0.299996,9561.06
C005,2024-04-28,22771.19,15055.12,686256.29,693972.36,7716.07,6,0,1,0.25012,11430.99
C005,2024-04-29,19970.49,17488.92,693972.36,696453.93,2481.57,0,0,2,0.208535,17645.19
C005,2024-04-30,19830.75,11826.73,696453.93,704457.95,8004.02,1,0,3,0.173862,22637.75
C005,2024-05-01,21542.15,54524.61,704457.95,671475.49,-32982.46,2,0,4,0.144952,74494.86
C005,2024-05-02,22772.51,12364.33,671475.49,681883.67,10408.18,3,0,5,0.120845,41142.93
C005,2024-05-03,23787.59,5772.3,681883.67,699898.96,18015.29,4,1,6,0.100743,24671.05
C005,2024-05-04,21447.24,8214.68,699898.96,713131.52,13232.56,5,1,7,0.083978,11929.16
C005,2024-05-05,18998.06,56725.62,713131.52,675403.96,-37727.56,6,0,8,0.069993,52883.42
C005,2024-05-06,17954.17,18266.39,675403.96,675091.74,-312.22,0,0,9,0.058324,12610.89
C005,2024-05-07,16929.61,13472.8,675091.74,678548.55,3456.81,1,0,10,0.048582,17106.88
C005,2024-05-08,18719.24,20403.83,678548.55,676863.96,-1684.59,2,0,11,0.040441,34626.63
C005,2024-05-09,18443.5,10783.36,676863.96,684524.1,7660.14,3,0,12,0.033628,37332.76
C005,2024-05-10,20247.64,21992.16,684524.1,682779.58,-1744.52,4,1,13,0.027912,41217.26
C005,2024-05-11,20107.41,7727.7,682779.58,695159.29,12379.71,5,1,14,0.023097,8296.43
C005,2024-05-12,15355.06,14793.82,695159.29,695720.53,561.24,6,0,15,0.019013,14950.29
C005,2024-05-13,16591.85,17275.78,695720.53,695036.6,-683.93,0,0,16,0.015511,19952.26
C005,2024-05-14,16361.61,11994.51,695036.6,699403.7,4367.1,1,0,17,0.012457,26210.67
C005,2024-05-15,19769.78,15990.2,699403.7,703183.28,3779.58,2,0,18,0.009722,40360.85
C005,2024-05-16,19071.73,10808.76,703183.28,711446.25,8262.97,3,0,19,0.00718,44683.94
C005,2024-05-17,19750.57,4863.73,711446.25,726333.09,14886.84,4,1,20,0.004694,30113.32
C005,2024-05-18,22873.48,6807.93,726333.09,742398.64,16065.55,5,1,21,0.002109,11186.77
C005,2024-05-19,16637.72,15338.6,742398.64,743697.76,1299.12,6,0,22,-0.000759,10591.91
C005,2024-05-20,17163.15,15440.31,743697.76,745420.6,1722.84,0,0,23,-0.004146,5594.71
C005,2024-05-21,16156.24,11247.18,745420.6,750329.66,4909.06,1,0,24,-0.008361,6780.48
C005,2024-05-22,17022.74,14705.35,750329.66,752647.05,2317.39,2,0,25,-0.013814,19925.9
C005,2024-05-23,17097.36,10311.15,752647.05,759433.26,6786.21,3,0,26,-0.021069,25754.01
C005,2024-05-24,18785.06,4982.28,759433.26,773236.04,13802.78,4,1,27,-0.030895,12435.82
C005,2024-05-25,19200.85,6462.19,773236.04,785974.7,12738.66,5,1,28,-0.044362,-1038.61
C005,2024-05-26,15806.33,13731.01,785974.7,788050.02,2075.32,6,0,29,-0.062949,326.34
C005,2024-05-27,21864.85,114097.52,788050.02,695817.35,-92232.67,0,0,0,0.299997,92811.29
C005,2024-05-28,21611.03,12025.03,695817.35,705403.35,9586.0,1,0,1,0.250122,-4285.47
C005,2024-05-29,22810.09,14114.32,705403.35,714099.12,8695.77,2,0,2,0.208537,4477.77
C005,2024-05-30,22740.61,9744.03,714099.12,727095.7,12996.58,3,0,3,0.173866,3607.14
C005,2024-05-31,24553.85,5679.2,727095.7,745970.35,18874.65,4,1,4,0.144956,-13789.43
C005,2024-06-01,24559.61,47503.36,745970.35,723026.6,-22943.75,5,1,5,0.120852,-31324.98
C005,2024-06-02,17805.48,16262.07,723026.6,724570.01,1543.41,6,0,6,0.100752,-28217.87
C005,2024-06-03,18242.53,17751.86,724570.01,725060.68,490.67,0,0,7,0.08399,-29048.11
C005,2024-06-04,15881.08,12654.38,725060.68,728287.38,3226.7,1,0,8,0.07001,-25331.19
C005,2024-06-05,18456.16,59040.91,728287.38,687702.63,-40584.75,2,0,9,0.058347,-14716.34
C005,2024-06-06,18820.96,10868.16,687702.63,695655.43,7952.8,3,0,10,0.048614,-14476.93
C005,2024-06-07,20536.92,4701.76,695655.43,711490.59,15835.16,4,1,11,0.040486,-29865.18
C005,2024-06-08,18136.12,7769.85,711490.59,721856.86,10366.27,5,1,12,0.033691,-38854.31
C005,2024-06-09,16030.27,13890.29,721856.86,723996.84,2139.98,6,0,13,0.028,-36212.88
C005,2024-06-10,15370.98,35912.1,723996.84,703455.72,-20541.12,0,0,14,0.02322,-34408.13
C005,2024-06-11,17435.53,10220.43,703455.72,710670.82,7215.1,1,0,15,0.019185,-33562.8
C005,2024-06-12,18068.18,13750.14,710670.82,714988.86,4318.04,2,0,16,0.015751,-26016.48
C005,2024-06-13,20328.78,9703.27,714988.86,725614.37,10625.51,3,0,17,0.012792,-28523.24
C005,2024-06-14,22535.22,4605.46,725614.37,743544.13,17929.76,4,1,18,0.01019,-46347.99
C005,2024-06-15,19311.58,6725.52,743544.13,756130.19,12586.06,5,1,19,0.007832,-88451.58
C005,2024-06-16,14276.33,13960.11,756130.19,756446.41,316.22,6,0,20,0.005604,-87643.48
C005,2024-06-17,14685.3,17546.3,756446.41,753585.41,-2861.0,0,0,21,0.00338,-85159.04
C005,2024-06-18,11777.75,11073.49,753585.41,754289.67,704.26,1,0,22,0.001014,-80341.36
C005,2024-06-19,12713.57,15987.93,754289.67,751015.31,-3274.36,2,0,23,-0.001672,-67115.29
C005,2024-06-20,15835.39,9740.56,751015.31,757110.14,6094.83,3,0,24,-0.004908,-65198.04
C005,2024-06-21,20410.3,4947.49,757110.14,772572.95,15462.81,4,1,25,-0.008996,-80024.95
C005,2024-06-22,18444.48,5830.16,772572.95,785187.27,12614.32,5,1,26,-0.014344,-89880.24
C005,2024-06-23,13489.1,13004.51,785187.27,785671.86,484.59,6,0,27,-0.02151,-85548.25
C005,2024-06-24,12979.51,13715.28,785671.86,784936.09,-735.77,0,0,28,-0.031263,-86033.06
C005,2024-06-25,13196.53,9756.26,784936.09,788376.36,3440.27,1,0,29,-0.044669,-83801.91
C005,2024-06-26,15082.55,14830.27,788376.36,788628.64,252.28,2,0,30,-0.063205,-71661.51
C005,2024-06-27,21722.51,109233.27,788628.64,701117.88,-87510.76,3,0,0,0.299996,-63437.16
C005,2024-06-28,21977.97,4518.96,701117.88,718576.89,17459.01,4,1,1,0.25012,-76409.26
C005,2024-06-29,18792.6,6666.65,718576.89,730702.84,12125.95,5,1,2,0.208535,-88477.64
C005,2024-06-30,15190.76,13712.68,730702.84,732180.92,1478.08,6,0,3,0.173862,-84824.09
C005,2024-07-01,14589.17,55068.47,732180.92,691701.62,-40479.3,0,0,4,0.144952,-44860.42
C005,2024-07-02,15628.98,10978.46,691701.62,696352.14,4650.52,1,0,5,0.120845,-83314.91
C005,2024-07-03,14042.28,14381.85,696352.14,696012.57,-339.57,2,0,6,0.100743,-72478.32
C005,2024-07-04,16469.58,9525.96,696012.57,702956.19,6943.62,3,0,7,0.083978,-71191.7
C005,2024-07-05,16306.53,46276.43,702956.19,672986.29,-29969.9,4,1,8,0.069993,-41004.61
C005,2024-07-06,14748.99,6556.78,672986.29,681178.5,8192.21,5,1,9,0.058324,-90472.36
C005,2024-07-07,12424.22,11977.31,681178.5,681625.41,446.91,6,0,10,0.048582,-86839.81
C005,2024-07-08,15615.71,14238.57,681625.41,683002.55,1377.14,0,0,11,0.040441,-86878.26
C005,2024-07-09,15019.75,10238.34,683002.55,687783.96,4781.41,1,0,12,0.033628,-85696.35
C005,2024-07-10,14913.72,33650.09,687783.96,669047.59,-18736.37,2,0,13,0.027912,-54979.46
C005,2024-07-11,17257.51,9197.08,669047.59,677108.02,8060.43,3,0,14,0.023097,-76528.64
C005,2024-07-12,16342.01,4477.65,677108.02,688972.38,11864.36,4,1,15,0.019013,-89493.63
C005,2024-07-13,14127.08,6008.33,688972.38,697091.13,8118.75,5,1,16,0.015511,-99272.66
C005,2024-07-14,12515.41,12410.4,697091.13,697196.14,105.01,6,0,17,0.012457,-96248.65
C005,2024-07-15,12027.63,41545.16,697196.14,667678.61,-29517.53,0,0,18,0.009722,-67408.51
C005,2024-07-16,11619.99,10495.67,667678.61,668802.93,1124.32,1,0,19,0.00718,-64760.8
C005,2024-07-17,11693.4,12069.96,668802.93,668426.37,-376.56,2,0,20,0.004694,-53909.23
C005,2024-07-18,13824.24,8302.3,668426.37,673948.31,5521.94,3,0,21,0.002109,-49692.45
C005,2024-07-19,14268.16,4316.45,673948.31,683900.02,9951.71,4,1,22,-0.000759,-60187.88
C005,2024-07-20,13866.32,5854.24,683900.02,691912.1,8012.08,5,1,23,-0.004146,-70882.9
C005,2024-07-21,11641.63,11005.73,691912.1,692548.0,635.9,6,0,24,-0.008361,-68107.34
C005,2024-07-22,14258.98,11499.95,692548.0,695307.03,2759.03,0,0,25,-0.013814,-70626.81
C005,2024-07-23,13786.84,8970.26,695307.03,700123.61,4816.58,1,0,26,-0.021069,-69732.16
C005,2024-07-24,11640.31,12860.89,700123.61,698903.03,-1220.58,2,0,27,-0.030895,-52541.71
C005,2024-07-25,15052.29,9380.87,698903.03,704574.45,5671.42,3,0,28,-0.044362,-46086.96
C005,2024-07-26,16545.93,4153.25,704574.45,716967.13,12392.68,4,1,29,-0.062949,-56789.65
C005,2024-07-27,21382.17,100668.58,716967.13,637680.72,-79286.41,5,1,0,0.299997,21756.91
C005,2024-07-28,16300.22,11813.31,637680.72,642167.63,4486.91,6,0,1,0.250122,-73634.57
C005,2024-07-29,15418.23,15360.66,642167.63,642225.2,57.57,0,0,2,0.208537,-70792.88
C005,2024-07-30,14193.66,9062.03,642225.2,647356.83,5131.63,1,0,3,0.173866,-67394.04
C005,2024-07-31,15132.73,15648.36,647356.83,646841.2,-515.63,2,0,4,0.144956,-50758.28
C005,2024-08-01,15642.34,49446.31,646841.2,613037.23,-33803.97,3,0,5,0.120852,-3379.45
C005,2024-08-02,15697.11,5200.09,613037.23,623534.25,10497.02,4,1,6,0.100752,-51977.09
C005,2024-08-03,15099.33,6869.09,623534.25,631764.49,8230.24,5,1,7,0.08399,-59167.61
C005,2024-08-04,13992.8,13775.61,631764.49,631981.68,217.19,6,0,8,0.07001,-56969.01
C005,2024-08-05,15374.58,56650.12,631981.68,590706.14,-41275.54,0,0,9,0.058347,-15194.12
C005,2024-08-06,14287.76,10208.3,590706.14,594785.6,4079.46,1,0,10,0.048614,-53286.03
C005,2024-08-07,15148.28,13809.59,594785.6,596124.29,1338.69,2,0,11,0.040486,-39964.04
C005,2024-08-08,15720.34,9757.02,596124.29,602087.61,5963.32,3,0,12,0.033691,-34890.39
C005,2024-08-09,16757.83,4777.31,602087.61,614068.13,11980.52,4,1,13,0.028,-46340.29
C005,2024-08-10,13577.37,27066.12,614068.13,600579.38,-13488.75,5,1,14,0.02322,-35459.89
C005,2024-08-11,13056.65,14157.28,600579.38,599478.75,-1100.63,6,0,15,0.019185,-49009.74
C005,2024-08-12,13160.15,14820.43,599478.75,597818.47,-1660.28,0,0,16,0.015751,-46665.43
C005,2024-08-13,13855.88,10726.86,597818.47,600947.49,3129.02,1,0,17,0.012792,-42849.71
C005,2024-08-14,14401.36,15078.75,600947.49,600270.1,-677.39,2,0,18,0.01019,-27206.57
C005,2024-08-15,14685.62,10913.59,600270.1,604042.13,3772.03,3,0,19,0.007832,-19276.37
C005,2024-08-16,15279.79,4804.78,604042.13,614517.14,10475.01,4,1,20,0.005604,-31412.85
C005,2024-08-17,15942.77,6204.05,614517.14,624255.86,9738.72,5,1,21,0.00338,-46282.19
C005,2024-08-18,12744.96,13288.68,624255.86,623712.14,-543.72,6,0,22,0.001014,-44217.8
C005,2024-08-19,12917.9,15600.84,623712.14,621029.2,-2682.94,0,0,23,-0.001672,-42919.04
C005,2024-08-20,14027.99,10616.53,621029.2,624440.66,3411.46,1,0,24,-0.004908,-40353.53
C005,2024-08-21,14229.85,13990.29,624440.66,624680.22,239.56,2,0,25,-0.008996,-25214.45
C005,2024-08-22,15826.47,10115.24,624680.22,630391.45,5711.23,3,0,26,-0.014344,-14903.59
C005,2024-08-23,20986.5,5016.63,630391.45,646361.32,15969.87,4,1,27,-0.02151,-25310.8
C005,2024-08-24,18066.19,5940.02,646361.32,658487.49,12126.17,5,1,28,-0.031263,-37673.9
C005,2024-08-25,14353.74,12663.75,658487.49,660177.48,1689.99,6,0,29,-0.044669,-36300.34
C005,2024-08-26,13485.62,14225.47,660177.48,659437.63,-739.85,0,0,30,-0.063205,-35970.05
C005,2024-08-27,17804.14,108708.71,659437.63,568533.06,-90904.57,1,0,0,0.299997,60808.04
C005,2024-08-28,17770.97,14871.71,568533.06,571432.32,2899.26,2,0,1,0.250122,-16968.81
C005,2024-08-29,20324.68,11794.21,571432.32,579962.79,8530.47,3,0,2,0.208537,-8831.53
C005,2024-08-30,21203.63,5083.5,579962.79,596082.92,16120.13,4,1,3,0.173866,-20055.97
C005,2024-08-31,19779.4,6204.54,596082.92,609657.78,13574.86,5,1,4,0.144956,-34213.11
C005,2024-09-01,15405.81,53506.43,609657.78,571557.16,-38100.62,6,0,5,0.120852,-30271.79
C005,2024-09-02,17870.81,16831.09,571557.16,572596.88,1039.72,0,0,6,0.100752,-30341.86
C005,2024-09-03,14173.25,11757.46,572596.88,575012.67,2415.79,1,0,7,0.08399,-22608.18
C005,2024-09-04,15912.21,15412.86,575012.67,575512.02,499.35,2,0,8,0.07001,-5910.67
C005,2024-09-05,19267.67,53280.12,575512.02,541499.57,-34012.45,3,0,9,0.058347,1547.16
C005,2024-09-06,19930.08,5269.4,541499.57,556160.25,14660.68,4,1,10,0.048614,-12400.38
C005,2024-09-07,18295.34,7258.37,556160.25,567197.22,11036.97,5,1,11,0.040486,-21014.66
C005,2024-09-08,15187.92,14657.3,567197.22,567727.84,530.62,6,0,12,0.033691,-17105.94
C005,2024-09-09,14675.74,17284.09,567727.84,565119.49,-2608.35,0,0,13,0.028,-15231.81
C005,2024-09-10,14698.73,29349.21,565119.49,550469.01,-14650.48,1,0,14,0.02322,-9344.1
C005,2024-09-11,15839.07,15155.04,550469.01,551153.04,684.03,2,0,15,0.019185,5952.4
C005,2024-09-12,18878.77,11934.03,551153.04,558097.78,6944.74,3,0,16,0.015751,10198.56
C005,2024-09-13,20547.34,5581.59,558097.78,573063.53,14965.75,4,1,17,0.012792,-3653.58
C005,2024-09-14,19894.63,8192.4,573063.53,584765.76,11702.23,5,1,18,0.01019,-14422.78
C005,2024-09-15,13542.72,15204.19,584765.76,583104.29,-1661.47,6,0,19,0.007832,-35726.54
C005,2024-09-16,13530.27,18660.89,583104.29,577973.67,-5130.62,0,0,20,0.005604,-27889.9
C005,2024-09-17,13366.21,11845.54,577973.67,579494.34,1520.67,1,0,21,0.00338,-23200.45
C005,2024-09-18,15043.29,16427.47,579494.34,578110.16,-1384.18,2,0,22,0.001014,-8063.04
C005,2024-09-19,16873.73,10896.76,578110.16,584087.13,5976.97,3,0,23,-0.001672,-4780.43
C005,2024-09-20,20677.55,5298.91,584087.13,599465.77,15378.64,4,1,24,-0.004908,-17433.44
C005,2024-09-21,22062.46,6040.37,599465.77,615487.86,16022.09,5,1,25,-0.008996,-32924.44
C005,2024-09-22,18270.85,12708.19,615487.86,621050.52,5562.66,6,0,26,-0.014344,-32941.28
C005,2024-09-23,16446.64,16683.57,621050.52,620813.59,-236.93,0,0,27,-0.02151,-30833.22
C005,2024-09-24,14377.09,11313.54,620813.59,623877.14,3063.55,1,0,28,-0.031263,-23483.9
C005,2024-09-25,15704.97,16114.53,623877.14,623467.58,-409.56,2,0,29,-0.044669,-8455.5
C005,2024-09-26,15956.86,10083.34,623467.58,629341.1,5873.52,3,0,30,-0.063205,-4635.62
C005,2024-09-27,27154.85,102032.44,629341.1,554463.51,-74877.59,4,1,0,0.299996,-19974.05
C005,2024-09-28,23508.19,6840.44,554463.51,571131.26,16667.75,5,1,1,0.25012,-34421.42
C005,2024-09-29,18593.47,13697.78,571131.26,576026.95,4895.69,6,0,2,0.208535,-32006.01
C005,2024-09-30,17669.98,18252.26,576026.95,575444.67,-582.28,0,0,3,0.173862,-28506.02
C005,2024-10-01,16676.02,50835.32,575444.67,541285.37,-34159.3,1,0,4,0.144952,16548.33
C005,2024-10-02,19454.63,18484.98,541285.37,542255.02,969.65,2,0,5,0.120845,-2742.68
C005,2024-10-03,21937.44,11787.97,542255.02,552404.49,10149.47,3,0,6,0.100743,2872.47
C005,2024-10-04,22841.81,5644.95,552404.49,569601.35,17196.86,4,1,7,0.083978,-12501.33
C005,2024-10-05,22610.84,49165.46,569601.35,543046.73,-26554.62,5,1,8,0.069993,16200.45
C005,2024-10-06,15998.15,15285.01,543046.73,543759.87,713.14,6,0,9,0.058324,-17038.01
C005,2024-10-07,20088.77,17666.08,543759.87,546182.56,2422.69,0,0,10,0.048582,-18766.51
C005,2024-10-08,16882.09,12442.75,546182.56,550621.9,4439.34,1,0,11,0.040441,-15109.13
C005,2024-10-09,16729.5,17463.72,550621.9,549887.68,-734.22,2,0,12,0.033628,1340.23
C005,2024-10-10,19339.99,28102.76,549887.68,541124.91,-8762.77,3,0,13,0.027912,24070.25
C005,2024-10-11,20992.85,5012.32,541124.91,557105.44,15980.53,4,1,14,0.023097,-8349.54
C005,2024-10-12,18191.2,7000.3,557105.44,568296.34,11190.9,5,1,15,0.019013,-18933.73
C005,2024-10-13,15194.86,14081.25,568296.34,569409.95,1113.61,6,0,16,0.015511,-13098.15
C005,2024-10-14,18203.49,17270.46,569409.95,570342.98,933.03,0,0,17,0.012457,-12772.54
C005,2024-10-15,15881.44,38846.67,570342.98,547377.75,-22965.23,1,0,18,0.009722,20641.28
C005,2024-10-16,17069.4,14363.38,547377.75,550083.77,2706.02,2,0,19,0.00718,35710.27
C005,2024-10-17,16897.68,10687.56,550083.77,556293.89,6210.12,3,0,20,0.004694,43710.05
C005,2024-10-18,18345.64,4592.41,556293.89,570047.12,13753.23,4,1,21,0.002109,33362.1
C005,2024-10-19,16024.52,6764.94,570047.12,579306.7,9259.58,5,1,22,-0.000759,24950.98
C005,2024-10-20,13831.11,11105.48,579306.7,582032.33,2725.63,6,0,23,-0.004146,27830.56
C005,2024-10-21,15519.77,14988.68,582032.33,582563.42,531.09,0,0,24,-0.008361,29742.49
C005,2024-10-22,15857.23,10311.41,582563.42,588109.24,5545.82,1,0,25,-0.013814,32842.05
C005,2024-10-23,14712.01,12840.88,588109.24,589980.37,1871.13,2,0,26,-0.021069,47579.1
C005,2024-10-24,20311.09,9898.22,589980.37,600393.24,10412.87,3,0,27,-0.030895,52708.36
C005,2024-10-25,18987.83,4368.99,600393.24,615012.08,14618.84,4,1,28,-0.044362,42463.67
C005,2024-10-26,16447.3,6753.9,615012.08,624705.48,9693.4,5,1,29,-0.062949,36318.52
C005,2024-10-27,21055.53,111271.55,624705.48,534489.46,-90216.02,6,0,0,0.299997,130288.88
C005,2024-10-28,19253.78,17033.4,534489.46,536709.84,2220.38,0,0,1,0.250122,34853.84
C005,2024-10-29,17861.85,10550.75,536709.84,544020.94,7311.1,1,0,2,0.208537,41368.54
C005,2024-10-30,19198.32,16280.61,544020.94,546938.65,2917.71,2,0,3,0.173866,62383.68
C005,2024-10-31,21457.46,10562.41,546938.65,557833.7,10895.05,3,0,4,0.144956,67688.88
C005,2024-11-01,26404.82,44726.18,557833.7,539512.34,-18321.36,4,1,5,0.120852,45207.54
C005,2024-11-02,23220.78,7456.16,539512.34,555276.96,15764.62,5,1,6,0.100752,31987.5
C005,2024-11-03,18337.89,16514.83,555276.96,557100.02,1823.06,6,0,7,0.08399,36210.9
C005,2024-11-04,19253.9,17106.74,557100.02,559247.18,2147.16,0,0,8,0.07001,34049.16
C005,2024-11-05,20742.2,53267.52,559247.18,526721.86,-32525.32,1,0,9,0.058347,35679.21
C005,2024-11-06,19468.57,18774.38,526721.86,527416.05,694.19,2,0,10,0.048614,53457.18
C005,2024-11-07,20953.91,12857.19,527416.05,535512.77,8096.72,3,0,11,0.040486,63655.65
C005,2024-11-08,21231.19,5516.05,535512.77,551227.91,15715.14,4,1,12,0.033691,49719.54
C005,2024-11-09,21653.9,7686.65,551227.91,565195.16,13967.25,5,1,13,0.028,32197.98
C005,2024-11-10,15697.09,32136.35,565195.16,548755.9,-16439.26,6,0,14,0.02322,38237.15
C005,2024-11-11,19592.48,18985.77,548755.9,549362.61,606.71,0,0,15,0.019185,38923.88
C005,2024-11-12,18715.07,11765.88,549362.61,556311.8,6949.19,1,0,16,0.015751,42669.48
C005,2024-11-13,18757.43,17498.79,556311.8,557570.44,1258.64,2,0,17,0.012792,61770.8
C005,2024-11-14,22444.38,11995.79,557570.44,568019.03,10448.59,3,0,18,0.01019,67600.7
C005,2024-11-15,23413.9,5638.89,568019.03,585794.04,17775.01,4,1,19,0.007832,41427.89
C005,2024-11-16,21354.27,7144.37,585794.04,600003.94,14209.9,5,1,20,0.005604,27930.32
C005,2024-11-17,17524.04,14118.76,600003.94,603409.22,3405.28,6,0,21,0.00338,28612.05
C005,2024-11-18,17121.08,16272.62,603409.22,604257.68,848.46,0,0,22,0.001014,27314.49
C005,2024-11-19,16870.18,11264.97,604257.68,609862.89,5605.21,1,0,23,-0.001672,29040.89
C005,2024-11-20,19725.25,17282.23,609862.89,612305.91,2443.02,2,0,24,-0.004908,46278.43
C005,2024-11-21,20532.8,11887.42,612305.91,620951.29,8645.38,3,0,25,-0.008996,52862.87
C005,2024-11-22,22104.62,5496.44,620951.29,637559.47,16608.18,4,1,26,-0.014344,39721.54
C005,2024-11-23,22964.2,7422.07,637559.47,653101.6,15542.13,5,1,27,-0.02151,26451.52
C005,2024-11-24,19342.14,14967.99,653101.6,657475.75,4374.15,6,0,28,-0.031263,26633.92
C005,2024-11-25,19387.54,15839.29,657475.75,661024.0,3548.25,0,0,29,-0.044669,25934.41
C005,2024-11-26,16635.28,12880.94,661024.0,664778.34,3754.34,1,0,30,-0.063205,31785.23
C005,2024-11-27,22611.93,115826.59,664778.34,571563.68,-93214.66,2,0,0,0.299996,53544.16
C005,2024-11-28,24846.0,11020.2,571563.68,585389.48,13825.8,3,0,1,0.25012,60186.61
C005,2024-11-29,29677.9,5745.05,585389.48,609322.33,23932.85,4,1,2,0.208535,46720.41
C005,2024-11-30,23763.19,7562.94,609322.33,625522.58,16200.25,5,1,3,0.173862,34796.08
C005,2024-12-01,17412.52,58215.22,625522.58,584719.88,-40802.7,6,0,4,0.144952,83138.89
C005,2024-12-02,22236.31,19691.73,584719.88,587264.46,2544.58,0,0,5,0.120845,44749.73
C005,2024-12-03,21149.53,15103.07,587264.46,593310.92,6046.46,1,0,6,0.100743,50804.65
C005,2024-12-04,20568.64,20583.22,593310.92,593296.34,-14.58,2,0,7,0.083978,68463.51
C005,2024-12-05,23457.91,54353.18,593296.34,562401.07,-30895.27,3,0,8,0.069993,114217.14
C005,2024-12-06,24473.05,6000.89,562401.07,580873.23,18472.16,4,1,9,0.058324,68150.76
C005,2024-12-07,26140.29,7845.1,580873.23,599168.42,18295.19,5,1,10,0.048582,52746.25
C005,2024-12-08,18976.13,17197.1,599168.42,600947.45,1779.03,6,0,11,0.040441,62621.24
C005,2024-12-09,18334.25,21888.56,600947.45,597393.14,-3554.31,0,0,12,0.033628,68034.32
C005,2024-12-10,18902.81,29302.9,597393.14,586993.05,-10400.09,1,0,13,0.027912,90282.44
C005,2024-12-11,20840.35,19546.91,586993.05,588286.49,1293.44,2,0,14,0.023097,96341.58
C005,2024-12-12,23228.89,12534.1,588286.49,598981.28,10694.79,3,0,15,0.019013,101874.39
C005,2024-12-13,26234.94,5874.98,598981.28,619341.24,20359.96,4,1,16,0.015511,84386.39
C005,2024-12-14,24154.34,7875.85,619341.24,635619.73,16278.49,5,1,17,0.012457,68251.46
C005,2024-12-15,21843.67,30241.47,635619.73,627221.93,-8397.8,6,0,18,0.009722,82048.77
C005,2024-12-16,20143.87,19431.54,627221.93,627934.26,712.33,0,0,19,0.00718,58954.78
C005,2024-12-17,17709.28,13622.27,627934.26,632021.27,4087.01,1,0,20,0.004694,68945.72
C005,2024-12-18,17995.18,18444.28,632021.27,631572.17,-449.1,2,0,21,0.002109,90733.72
C005,2024-12-19,19825.33,12493.72,631572.17,638903.78,7331.61,3,0,22,-0.000759,100701.63
C005,2024-12-20,25311.65,5631.09,638903.78,658584.34,19680.56,4,1,23,-0.004146,85393.27
C005,2024-12-21,22826.21,7596.39,658584.34,673814.16,15229.82,5,1,24,-0.008361,72434.43
C005,2024-12-22,19352.93,15886.08,673814.16,677281.01,3466.85,6,0,25,-0.013814,75997.57
C005,2024-12-23,19866.92,17594.81,677281.01,679553.12,2272.11,0,0,26,-0.021069,74814.37
C005,2024-12-24,18050.1,13493.55,679553.12,684109.67,4556.55,1,0,27,-0.030895,83020.55
C005,2024-12-25,20520.77,17672.03,684109.67,686958.41,2848.74,2,0,28,-0.044362,104197.91
C005,2024-12-26,21193.39,11588.23,686958.41,696563.57,9605.16,3,0,29,-0.062949,111209.28
C005,2024-12-27,30414.99,101870.72,696563.57,625107.84,-71455.73,4,1,0,0.299997,186393.32
C005,2024-12-28,28968.51,8500.26,625107.84,645576.09,20468.25,5,1,1,0.250122,73643.32
C005,2024-12-29,27729.66,17263.01,645576.09,656042.74,10466.65,6,0,2,0.208537,71890.45
C005,2024-12-30,23011.39,18735.47,656042.74,660318.66,4275.92,0,0,3,0.173866,72612.37
C005,2024-12-31,21284.11,13744.0,660318.66,667858.77,7540.11,1,0,4,0.144956,78586.07
C005,2025-01-01,24146.53,59991.11,667858.77,632014.19,-35844.58,2,0,5,0.120852,139154.84
C005,2025-01-02,25983.59,13882.21,632014.19,644115.57,12101.38,3,0,6,0.100752,103644.54
C005,2025-01-03,24452.99,6808.71,644115.57,661759.85,17644.28,4,1,7,0.08399,91376.52
C005,2025-01-04,24976.59,10118.23,661759.85,676618.21,14858.36,5,1,8,0.07001,76253.54
C005,2025-01-05,21640.99,49235.21,676618.21,649023.99,-27594.22,6,0,9,0.058347,113295.58
C005,2025-01-06,22891.7,20001.02,649023.99,651914.67,2890.68,0,0,10,0.048614,60700.1
C005,2025-01-07,25764.78,14110.76,651914.67,663568.69,11654.02,1,0,11,0.040486,61769.53
C005,2025-01-08,21840.25,19981.48,663568.69,665427.46,1858.77,2,0,12,0.033691,82434.01
C005,2025-01-09,25453.18,13605.15,665427.46,677275.49,11848.03,3,0,13,0.028,90774.88
C005,2025-01-10,30106.84,22754.26,677275.49,684628.07,7352.58,4,1,14,0.02322,87033.03
C005,2025-01-11,25287.44,9059.84,684628.07,700855.67,16227.6,5,1,15,0.019185,52732.12
C005,2025-01-12,22849.21,19977.25,700855.67,703727.63,2871.96,6,0,16,0.015751,52338.22
C005,2025-01-13,21138.82,20995.26,703727.63,703871.19,143.56,0,0,17,0.012792,47427.36
C005,2025-01-14,20595.26,15195.75,703871.19,709270.7,5399.51,1,0,18,0.01019,50706.21
C005,2025-01-15,24718.9,47100.56,709270.7,686889.04,-22381.66,2,0,19,0.007832,95087.74
C005,2025-01-16,26499.65,12421.7,686889.04,700966.99,14077.95,3,0,20,0.005604,99963.22
C005,2025-01-17,27995.79,6656.89,700966.99,722305.89,21338.9,4,1,21,0.00338,61449.03
C005,2025-01-18,26148.96,8849.44,722305.89,739605.41,17299.52,5,1,22,0.001014,39375.53
C005,2025-01-19,22992.78,18620.58,739605.41,743977.61,4372.2,6,0,23,-0.001672,36940.16
C005,2025-01-20,22884.71,20613.73,743977.61,746248.59,2270.98,0,0,24,-0.004908,32480.18
C005,2025-01-21,20962.24,13932.25,746248.59,753278.58,7029.99,1,0,25,-0.008996,35523.51
C005,2025-01-22,20647.28,19558.37,753278.58,754367.49,1088.91,2,0,26,-0.014344,55953.42
C005,2025-01-23,26791.94,14029.21,754367.49,767130.22,12762.73,3,0,27,-0.02151,60069.5
C005,2025-01-24,29620.45,5594.35,767130.22,791156.32,24026.1,4,1,28,-0.031263,40022.31
C005,2025-01-25,25970.02,9353.49,791156.32,807772.85,16616.53,5,1,29,-0.044669,21532.41
C005,2025-01-26,22179.0,18450.69,807772.85,811501.16,3728.31,6,0,30,-0.063205,22897.32
C005,2025-01-27,28202.39,120484.14,811501.16,719219.41,-92281.75,0,0,0,0.299997,117420.82
C005,2025-01-28,23032.46,14318.68,719219.41,727933.19,8713.78,1,0,1,0.250122,30782.36
C005,2025-01-29,26479.8,21481.96,727933.19,732931.03,4997.84,2,0,2,0.208537,53453.48
C005,2025-01-30,28612.39,15098.58,732931.03,746444.84,13513.81,3,0,3,0.173866,27129.53
C005,2025-01-31,31368.32,6644.13,746444.84,771169.03,24724.19,4,1,4,0.144956,7621.53
C005,2025-02-01,27751.3,51160.22,771169.03,747760.11,-23408.92,5,1,5,0.120852,36351.02
C005,2025-02-02,23955.41,18579.15,747760.11,753136.37,5376.26,6,0,6,0.100752,40308.49
C005,2025-02-03,24120.05,24384.67,753136.37,752871.75,-264.62,0,0,7,0.08399,12434.34
C005,2025-02-04,24463.19,15015.37,752871.75,762319.57,9447.82,1,0,8,0.07001,20021.57
C005,2025-02-05,28380.07,78084.87,762319.57,712614.77,-49704.8,2,0,9,0.058347,96317.24
C005,2025-02-06,27663.44,14939.99,712614.77,725338.22,12723.45,3,0,10,0.048614,104786.99
C005,2025-02-07,29179.38,6656.13,725338.22,747861.47,22523.25,4,1,11,0.040486,89890.95
C005,2025-02-08,30398.26,10209.36,747861.47,768050.37,20188.9,5,1,12,0.033691,55520.51
C005,2025-02-09,24563.99,20953.26,768050.37,771661.1,3610.73,6,0,13,0.028,61969.99
C005,2025-02-10,26064.73,44138.04,771661.1,753587.79,-18073.31,0,0,14,0.02322,80504.94
C005,2025-02-11,21628.43,19150.37,753587.79,756065.85,2478.06,1,0,15,0.019185,89146.95
C005,2025-02-12,21186.57,25953.87,756065.85,751298.55,-4767.3,2,0,16,0.015751,118543.67
C005,2025-02-13,25680.4,17002.04,751298.55,759976.91,8678.36,3,0,17,0.012792,131055.33
C005,2025-02-14,30102.01,8102.14,759976.91,781976.78,21999.87,4,1,18,0.01019,118381.95
C005,2025-02-15,30181.63,11228.2,781976.78,800930.21,18953.43,5,1,19,0.007832,106703.74
C005,2025-02-16,21608.4,38783.69,800930.21,783754.92,-17175.29,6,0,20,0.005604,137454.83
C005,2025-02-17,23594.74,28368.72,783754.92,778980.94,-4773.98,0,0,21,0.00338,153042.5
C005,2025-02-18,21867.35,19930.52,778980.94,780917.77,1936.83,1,0,22,0.001014,175262.79
C005,2025-02-19,23564.78,25753.78,780917.77,778728.77,-2189.0,2,0,23,-0.001672,215874.41
C005,2025-02-20,26826.0,16752.68,778728.77,788802.09,10073.32,3,0,24,-0.004908,227730.32
C005,2025-02-21,29718.7,8199.88,788802.09,810320.91,21518.82,4,1,25,-0.008996,209498.5
C005,2025-02-22,28441.52,11562.71,810320.91,827199.72,16878.81,5,1,26,-0.014344,196610.1
C005,2025-02-23,25219.73,21240.82,827199.72,831178.63,3978.91,6,0,27,-0.02151,203031.91
C005,2025-02-24,22641.58,24514.95,831178.63,829305.26,-1873.37,0,0,28,-0.031263,204813.54
C005,2025-02-25,21368.16,16274.94,829305.26,834398.48,5093.22,1,0,29,-0.044669,127539.86
C005,2025-02-26,23304.44,21062.69,834398.48,836640.23,2241.75,2,0,30,-0.063205,169554.54
C005,2025-02-27,34788.44,112713.12,836640.23,758715.55,-77924.68,3,0,0,0.299992,285669.96
C005,2025-02-28,35023.81,7354.85,758715.55,786384.51,27668.96,4,1,1,0.250115,273945.34
C005,2025-03-01,37461.32,50271.46,786384.51,773574.37,-12810.14,5,1,2,0.208528,285362.83
C005,2025-03-02,28033.55,22817.36,773574.37,778790.56,5216.19,6,0,3,0.173852,241470.55
C005,2025-03-03,30143.85,24823.28,778790.56,784111.13,5320.57,0,0,4,0.144937,229596.5
C005,2025-03-04,26574.38,17240.65,784111.13,793444.86,9333.73,1,0,5,0.120825,226061.41
C005,2025-03-05,30279.23,58418.0,793444.86,765306.09,-28138.77,2,0,6,0.100714,277574.31
C005,2025-03-06,34160.0,17124.95,765306.09,782341.14,17035.05,3,0,7,0.083938,241809.98
C005,2025-03-07,34017.49,7426.62,782341.14,808932.01,26590.87,4,1,8,0.069937,216024.29
C005,2025-03-08,32751.89,11558.69,808932.01,830125.21,21193.2,5,1,9,0.058246,198053.88
C005,2025-03-09,28640.07,21012.86,830125.21,837752.42,7627.21,6,0,10,0.048473,198818.49
C005,2025-03-10,29443.95,43625.49,837752.42,823570.88,-14181.54,0,0,11,0.040289,218256.48
C005,2025-03-11,27573.61,17513.4,823570.88,833631.09,10060.21,1,0,12,0.033416,202920.93
C005,2025-03-12,25445.23,24983.59,833631.09,834092.73,461.64,2,0,13,0.027617,224701.51
C005,2025-03-13,26960.43,15840.36,834092.73,845212.8,11120.07,3,0,14,0.022685,232968.2
C005,2025-03-14,31377.21,6747.79,845212.8,869842.22,24629.42,4,1,15,0.018438,214985.54
C005,2025-03-15,32445.26,11255.24,869842.22,891032.24,21190.02,5,1,16,0.014709,196860.14
C005,2025-03-16,31216.41,21889.92,891032.24,900358.73,9326.49,6,0,17,0.011338,167981.12
C005,2025-03-17,31698.5,24423.28,900358.73,907633.95,7275.22,0,0,18,0.00816,160281.65
C005,2025-03-18,32182.95,18607.15,907633.95,921209.75,13575.8,1,0,19,0.005,156283.29
C005,2025-03-19,33102.13,22288.44,921209.75,932023.44,10813.69,2,0,20,0.001651,163534.51
C005,2025-03-20,40005.67,15848.55,932023.44,956180.56,24157.12,3,0,21,-0.002137,153519.18
C005,2025-03-21,46477.87,8055.25,956180.56,994603.18,38422.62,4,1,22,-0.006685,121606.5
C005,2025-03-22,34157.79,12228.56,994603.18,1016532.41,21929.23,5,1,23,-0.012418,103143.63
C005,2025-03-23,29265.23,25978.23,1016532.41,1019819.41,3287.0,6,0,24,-0.019904,110972.06
C005,2025-03-24,34612.29,30621.88,1019819.41,1023809.82,3990.41,0,0,25,-0.029925,117163.18
C005,2025-03-25,28765.18,18364.46,1023809.82,1034210.54,10400.72,1,0,26,-0.043552,119196.72
C005,2025-03-26,29194.72,29286.46,1034210.54,1034118.8,-91.74,2,0,27,-0.062274,141273.58
C005,2025-03-27,47118.25,119298.71,1034118.8,961938.34,-72180.46,3,0,0,0.299997,230887.09
C005,2025-03-28,52671.04,8414.61,961938.34,1006194.77,44256.43,4,1,1,0.250122,95036.15
C005,2025-03-29,50218.07,12027.33,1006194.77,1044385.51,38190.74,5,1,2,0.208537,63264.78
C005,2025-03-30,42128.72,26184.38,1044385.51,1060329.85,15944.34,6,0,3,0.173866,61159.53
C005,2025-03-31,28920.28,30312.93,1060329.85,1058937.2,-1392.65,0,0,4,0.144956,68493.38
C005,2025-04-01,23437.95,62114.04,1058937.2,1020261.11,-38676.09,1,0,5,0.120852,77396.98
C005,2025-04-02,23384.44,29937.92,1020261.11,1013707.63,-6553.48,2,0,6,0.100752,103815.51
C005,2025-04-03,25476.04,19677.4,1013707.63,1019506.27,5798.64,3,0,7,0.08399,117634.38
C005,2025-04-04,31835.53,8461.4,1019506.27,1042880.4,23374.13,4,1,8,0.07001,97217.75
C005,2025-04-05,24310.93,43040.21,1042880.4,1024151.12,-18729.28,5,1,9,0.058347,84388.71
C005,2025-04-06,23267.72,22462.54,1024151.12,1024956.3,805.18,6,0,10,0.048614,86715.19
C005,2025-04-07,23676.86,20454.07,1024956.3,1028179.09,3222.79,0,0,11,0.040486,84488.15
C005,2025-04-08,21669.39,13277.57,1028179.09,1036570.91,8391.82,1,0,12,0.033691,86617.3
C005,2025-04-09,24228.96,18972.51,1036570.91,1041827.36,5256.45,2,0,13,0.028,104570.8
C005,2025-04-10,25681.04,30956.38,1041827.36,1036552.02,-5275.34,3,0,14,0.02322,111811.48
C005,2025-04-11,28800.44,6558.22,1036552.02,1058794.24,22242.22,4,1,15,0.019185,94338.43
C005,2025-04-12,28039.52,8652.76,1058794.24,1078181.0,19386.76,5,1,16,0.015751,78615.81
C005,2025-04-13,24496.38,17849.62,1078181.0,1084827.76,6646.76,6,0,17,0.012792,77803.23
C005,2025-04-14,25672.05,22607.43,1084827.76,1087892.38,3064.62,0,0,18,0.01019,73075.9
C005,2025-04-15,23687.81,43240.34,1087892.38,1068339.85,-19552.53,1,0,19,0.007832,106406.29
C005,2025-04-16,22574.99,22999.24,1068339.85,1067915.6,-424.25,2,0,20,0.005604,127781.84
C005,2025-04-17,24967.4,15389.96,1067915.6,1077493.04,9577.44,3,0,21,0.00338,133808.42
C005,2025-04-18,24639.7,6574.79,1077493.04,1095557.95,18064.91,4,1,22,0.001014,118400.94
C005,2025-04-19,23926.63,9784.84,1095557.95,1109699.74,14141.79,5,1,23,-0.001672,104166.69
C005,2025-04-20,23725.37,17215.43,1109699.74,1116209.68,6509.94,6,0,24,-0.004908,105429.09
C005,2025-04-21,22379.57,18913.21,1116209.68,1119676.04,3466.36,0,0,25,-0.008996,105478.44
C005,2025-04-22,25299.51,14184.08,1119676.04,1130791.47,11115.43,1,0,26,-0.014344,101671.83
C005,2025-04-23,27272.4,17090.87,1130791.47,1140973.0,10181.53,2,0,27,-0.02151,109991.94
C005,2025-04-24,25243.74,12809.48,1140973.0,1153407.26,12434.26,3,0,28,-0.031263,109958.22
C005,2025-04-25,28509.25,6524.13,1153407.26,1175392.38,21985.12,4,1,29,-0.044669,91889.02
C005,2025-04-26,27628.05,10195.0,1175392.38,1192825.43,17433.05,5,1,30,-0.063205,75542.42
C005,2025-04-27,29272.32,120866.83,1192825.43,1101230.92,-91594.51,6,0,0,0.299996,79269.32
C005,2025-04-28,29631.71,23212.34,1101230.92,1107650.29,6419.37,0,0,1,0.25012,79758.85
C005,2025-04-29,28646.73,14807.64,1107650.29,1121489.38,13839.09,1,0,2,0.208535,79231.18
C005,2025-04-30,30504.92,24563.72,1121489.38,1127430.58,5941.2,2,0,3,0.173862,93547.02
C005,2025-05-01,28097.7,57870.19,1127430.58,1097658.09,-29772.49,3,0,4,0.144952,145720.1
C005,2025-05-02,26754.78,6889.73,1097658.09,1117523.14,19865.05,4,1,5,0.120845,91326.46
C005,2025-05-03,30546.77,10929.26,1117523.14,1137140.65,19617.51,5,1,6,0.100743,76559.38
C005,2025-05-04,22916.09,19958.59,1137140.65,1140098.15,2957.5,6,0,7,0.083978,81702.64
C005,2025-05-05,22967.19,54525.51,1140098.15,1108539.83,-31558.32,0,0,8,0.069993,116538.92
C005,2025-05-06,20478.02,17346.36,1108539.83,1111671.49,3131.66,1,0,9,0.058324,93478.5
C005,2025-05-07,22841.83,21846.08,1111671.49,1112667.24,995.75,2,0,10,0.048582,110131.53
C005,2025-05-08,24538.62,14017.65,1112667.24,1123188.21,10520.97,3,0,11,0.040441,113819.54
C005,2025-05-09,29635.92,6425.97,1123188.21,1146398.16,23209.95,4,1,12,0.033628,88195.87
C005,2025-05-10,26737.19,24771.85,1146398.16,1148363.5,1965.34,5,1,13,0.027912,85012.57
C005,2025-05-11,22462.87,17693.7,1148363.5,1153132.67,4769.17,6,0,14,0.023097,66474.49
C005,2025-05-12,24071.51,20407.37,1153132.67,1156796.81,3664.14,0,0,15,0.019013,61708.38
C005,2025-05-13,20251.4,14417.22,1156796.81,1162630.99,5834.18,1,0,16,0.015511,62411.69
C005,2025-05-14,19862.91,21525.62,1162630.99,1160968.28,-1662.71,2,0,17,0.012457,80710.23
C005,2025-05-15,25356.3,11578.44,1160968.28,1174746.14,13777.86,3,0,18,0.009722,77843.65
C005,2025-05-16,26938.16,5986.86,1174746.14,1195697.44,20951.3,4,1,19,0.00718,60492.02
C005,2025-05-17,24437.69,8833.67,1195697.44,1211301.46,15604.02,5,1,20,0.004694,44175.12
C005,2025-05-18,18923.41,16265.98,1211301.46,1213958.89,2657.43,6,0,21,0.002109,46279.88
C005,2025-05-19,20640.75,20733.21,1213958.89,1213866.43,-92.46,0,0,22,-0.000759,45243.75
C005,2025-05-20,21326.77,13554.43,1213866.43,1221638.77,7772.34,1,0,23,-0.004146,45518.33
C005,2025-05-21,21803.15,18287.44,1221638.77,1225154.48,3515.71,2,0,24,-0.008361,57851.11
C005,2025-05-22,20223.68,12914.86,1225154.48,1232463.3,7308.82,3,0,25,-0.013814,64230.25
C005,2025-05-23,23932.84,5431.2,1232463.3,1250964.94,18501.64,4,1,26,-0.021069,45683.38
C005,2025-05-24,20875.64,8475.1,1250964.94,1263365.48,12400.54,5,1,27,-0.030895,33004.24
C005,2025-05-25,19441.64,15525.72,1263365.48,1267281.4,3915.92,6,0,28,-0.044362,30536.78
C005,2025-05-26,19357.15,18270.7,1267281.4,1268367.85,1086.45,0,0,29,-0.062949,28608.08
C005,2025-05-27,26197.0,114064.61,1268367.85,1180500.24,-87867.61,1,0,0,0.299997,122646.85
C005,2025-05-28,25023.04,18114.14,1180500.24,1187409.14,6908.9,2,0,1,0.250122,35389.23
C005,2025-05-29,26268.24,12956.82,1187409.14,1200720.56,13311.42,3,0,2,0.208537,41307.35
C005,2025-05-30,27046.23,6789.19,1200720.56,1220977.6,20257.04,4,1,3,0.173866,26123.3
C005,2025-05-31,30477.24,8076.65,1220977.6,1243378.19,22400.59,5,1,4,0.144956,8525.14
C005,2025-06-01,24824.17,59352.76,1243378.19,1208849.6,-34528.59,6,0,5,0.120852,8474.63
C005,2025-06-02,25302.4,20451.97,1208849.6,1213700.03,4850.43,0,0,6,0.100752,5399.92
C005,2025-06-03,22273.22,14172.46,1213700.03,1221800.79,8100.76,1,0,7,0.08399,5467.87
C005,2025-06-04,25230.12,21952.16,1221800.79,1225078.75,3277.96,2,0,8,0.07001,18640.07
C005,2025-06-05,26882.02,46810.78,1225078.75,1205149.99,-19928.76,3,0,9,0.058347,20071.27
C005,2025-06-06,24530.47,6881.69,1205149.99,1222798.77,17648.78,4,1,10,0.048614,1159.96
C005,2025-06-07,22452.82,8243.84,1222798.77,1237007.75,14208.98,5,1,11,0.040486,-17437.27
C005,2025-06-08,16950.17,19363.89,1237007.75,1234594.03,-2413.72,6,0,12,0.033691,-13168.23
C005,2025-06-09,19304.95,20522.91,1234594.03,1233376.07,-1217.96,0,0,13,0.028,-12634.57
C005,2025-06-10,16709.38,30478.29,1233376.07,1219607.16,-13768.91,1,0,14,0.02322,-15519.42
C005,2025-06-11,18622.93,19724.9,1219607.16,1218505.19,-1101.97,2,0,15,0.019185,-1676.51
C005,2025-06-12,18701.43,12163.94,1218505.19,1225042.68,6537.49,3,0,16,0.015751,2870.01
C005,2025-06-13,22258.55,5622.72,1225042.68,1241678.51,16635.83,4,1,17,0.012792,-12977.88
C005,2025-06-14,18042.1,7130.82,1241678.51,1252589.79,10911.28,5,1,18,0.01019,-22191.65
C005,2025-06-15,18671.66,15071.99,1252589.79,1256189.46,3599.67,6,0,19,0.007832,-48345.24
C005,2025-06-16,15823.36,16536.24,1256189.46,1255476.58,-712.88,0,0,20,0.005604,-43253.12
C005,2025-06-17,17088.39,12326.2,1255476.58,1260238.77,4762.19,1,0,21,0.00338,-38942.95
C005,2025-06-18,16044.38,17172.97,1260238.77,1259110.18,-1128.59,2,0,22,0.001014,-21442.87
C005,2025-06-19,18991.01,10944.09,1259110.18,1267157.1,8046.92,3,0,23,-0.001672,-17834.24
C005,2025-06-20,21446.21,5597.72,1267157.1,1283005.59,15848.49,4,1,24,-0.004908,-208443.21
C005,2025-06-21,20507.38,6819.42,1283005.59,1296693.55,13687.96,5,1,25,-0.008996,-224852.01
C005,2025-06-22,15552.55,15597.78,1296693.55,1296648.32,-45.23,6,0,26,-0.014344,-221220.19
C005,2025-06-23,16480.47,16759.07,1296648.32,1296369.72,-278.6,0,0,27,-0.02151,-219467.37
C005,2025-06-24,13734.78,12286.32,1296369.72,1297818.18,1448.46,1,0,28,-0.031263,-213112.48
C005,2025-06-25,14551.0,15393.25,1297818.18,1296975.93,-842.25,2,0,29,-0.044669,-198411.27
C005,2025-06-26,16487.3,10316.14,1296975.93,1303147.09,6171.16,3,0,30,-0.063205,-194974.87
C005,2025-06-27,26305.06,106653.78,1303147.09,1222798.37,-80348.72,4,1,0,0.299996,-208629.03
C005,2025-06-28,26098.84,6869.3,1222798.37,1242027.91,19229.54,5,1,1,0.25012,-222865.34
C005,2025-06-29,19624.57,14551.58,1242027.91,1247100.9,5072.99,6,0,2,0.208535,-219990.49
C005,2025-06-30,20715.21,15912.78,1247100.9,1251903.33,4802.43,0,0,3,0.173862,-222296.36
C005,2025-07-01,19024.45,53603.55,1251903.33,1217324.23,-34579.1,1,0,4,0.144952,-180008.32
C005,2025-07-02,19029.76,17254.04,1217324.23,1219099.95,1775.72,2,0,5,0.120845,-205403.61
C005,2025-07-03,19991.95,11823.24,1219099.95,1227268.66,8168.71,3,0,6,0.100743,-199081.63
C005,2025-07-04,22100.77,5650.61,1227268.66,1243718.82,16450.16,4,1,7,0.083978,-213847.23
C005,2025-07-05,21992.84,40490.4,1243718.82,1225221.26,-18497.56,5,1,8,0.069993,-196583.6
C005,2025-07-06,15711.8,16974.33,1225221.26,1223958.73,-1262.53,6,0,9,0.058324,-222779.0
C005,2025-07-07,14086.35,18474.6,1223958.73,1219570.48,-4388.25,0,0,10,0.048582,-218111.75
C005,2025-07-08,14246.63,12391.31,1219570.48,1221425.8,1855.32,1,0,11,0.040441,-211058.87
C005,2025-07-09,16249.72,16934.02,1221425.8,1220741.5,-684.3,2,0,12,0.033628,-195106.46
C005,2025-07-10,17980.8,34634.56,1220741.5,1204087.74,-16653.76,3,0,13,0.027912,-166204.92
C005,2025-07-11,17900.03,5159.09,1204087.74,1216828.68,12740.94,4,1,14,0.023097,-197446.79
C005,2025-07-12,17832.19,6748.18,1216828.68,1227912.69,11084.01,5,1,15,0.019013,-211727.93
C005,2025-07-13,15424.22,14636.28,1227912.69,1228700.63,787.94,6,0,16,0.015511,-211062.89
C005,2025-07-14,16363.68,14666.17,1228700.63,1230398.14,1697.51,0,0,17,0.012457,-214540.49
C005,2025-07-15,16666.83,39220.75,1230398.14,1207844.22,-22553.92,1,0,18,0.009722,-188603.53
C005,2025-07-16,17714.62,13335.38,1207844.22,1212223.46,4379.24,2,0,19,0.00718,-177769.73
C005,2025-07-17,19728.8,10656.44,1212223.46,1221295.82,9072.36,3,0,20,0.004694,-174786.99
C005,2025-07-18,21110.22,4738.73,1221295.82,1237667.31,16371.49,4,1,21,0.002109,-188743.13
C005,2025-07-19,18594.14,6938.59,1237667.31,1249322.86,11655.55,5,1,22,-0.000759,-201012.3
C005,2025-07-20,13498.15,188258.63,1249322.86,1074562.38,-174760.48,6,0,23,-0.004146,-23839.91
C005,2025-07-21,13566.26,16287.1,1074562.38,1071841.54,-2720.84,0,0,24,-0.008361,-21378.46
C005,2025-07-22,13427.81,9841.22,1071841.54,1075428.13,3586.59,1,0,25,-0.013814,-17825.31
C005,2025-07-23,16191.33,14717.11,1075428.13,1076902.35,1474.22,2,0,26,-0.021069,-6313.13
C005,2025-07-24,17884.78,10081.43,1076902.35,1084705.7,7803.35,3,0,27,-0.030895,1220.96
C005,2025-07-25,18799.22,4940.26,1084705.7,1098564.66,13858.96,4,1,28,-0.044362,-12302.18
C005,2025-07-26,16495.81,6888.25,1098564.66,1108172.22,9607.56,5,1,29,-0.062949,-21968.2
C005,2025-07-27,19261.23,113264.11,1108172.22,1014169.34,-94002.88,6,0,0,0.299997,73989.25
C005,2025-07-28,19530.35,14537.12,1014169.34,1019162.57,4993.23,0,0,1,0.250122,-20769.65
C005,2025-07-29,18471.65,10523.81,1019162.57,1027110.41,7947.84,1,0,2,0.208537,-15277.6
C005,2025-07-30,17893.94,15397.38,1027110.41,1029606.97,2496.56,2,0,3,0.173866,4171.17
C005,2025-07-31,19032.35,11323.41,1029606.97,1037315.91,7708.94,3,0,4,0.144956,13670.95
C005,2025-08-01,23064.58,46684.15,1037315.91,1013696.34,-23619.57,4,1,5,0.120852,40761.85
C005,2025-08-02,21814.3,7323.61,1013696.34,1028187.03,14490.69,5,1,6,0.100752,-10371.33
C005,2025-08-03,17472.59,15788.03,1028187.03,1029871.59,1684.56,6,0,7,0.08399,-4387.8
C005,2025-08-04,16908.45,18142.38,1029871.59,1028637.66,-1233.93,0,0,8,0.07001,-1488.86
C005,2025-08-05,17152.48,44610.41,1028637.66,1001179.73,-27457.93,1,0,9,0.058347,38308.07
C005,2025-08-06,17894.74,17615.74,1001179.73,1001458.73,279.0,2,0,10,0.048614,20746.63
C005,2025-08-07,21686.21,12778.01,1001458.73,1010366.93,8908.2,3,0,11,0.040486,23840.56
C005,2025-08-08,21026.25,5758.14,1010366.93,1025635.04,15268.11,4,1,12,0.033691,9170.09
C005,2025-08-09,20223.04,7975.26,1025635.04,1037882.82,12247.78,5,1,13,0.028,-3563.28
C005,2025-08-10,17749.67,36250.6,1037882.82,1019381.89,-18500.93,6,0,14,0.02322,16130.71
C005,2025-08-11,16650.89,19848.02,1019381.89,1016184.76,-3197.13,0,0,15,0.019185,1246.54
C005,2025-08-12,15563.73,14110.75,1016184.76,1017637.74,1452.98,1,0,16,0.015751,8006.59
C005,2025-08-13,16437.76,18217.85,1017637.74,1015857.65,-1780.09,2,0,17,0.012792,26066.91
C005,2025-08-14,15740.55,12357.51,1015857.65,1019240.69,3383.04,3,0,18,0.01019,37634.47
C005,2025-08-15,21359.79,6146.75,1019240.69,1034453.73,15213.04,4,1,19,0.007832,20184.45
C005,2025-08-16,19555.76,7500.66,1034453.73,1046508.83,12055.1,5,1,20,0.005604,4428.39
C005,2025-08-17,17392.51,14977.16,1046508.83,1048924.18,2415.35,6,0,21,0.00338,5255.38
C005,2025-08-18,16808.3,17421.92,1048924.18,1048310.56,-613.62,0,0,22,0.001014,3675.73
C005,2025-08-19,15034.43,12622.52,1048310.56,1050722.47,2411.91,1,0,23,-0.001672,10283.3
C005,2025-08-20,16740.24,16999.63,1050722.47,1050463.08,-259.39,2,0,24,-0.004908,33125.81
C005,2025-08-21,17671.24,10531.5,1050463.08,1057602.82,7139.74,3,0,25,-0.008996,40081.92
C005,2025-08-22,18802.51,5816.11,1057602.82,1070589.22,12986.4,4,1,26,-0.014344,30014.28
C005,2025-08-23,22723.29,7385.85,1070589.22,1085926.66,15337.44,5,1,27,-0.02151,14739.42
C005,2025-08-24,16582.58,16246.76,1085926.66,1086262.48,335.82,6,0,28,-0.031263,21044.7
C005,2025-08-25,16574.68,16633.14,1086262.48,1086204.02,-58.46,0,0,29,-0.044669,23753.91
C005,2025-08-26,14531.56,12576.99,1086204.02,1088158.59,1954.57,1,0,30,-0.063205,31806.46
C005,2025-08-27,28768.26,118533.93,1088158.59,998392.92,-89765.67,2,0,0,0.299997,137358.13
C005,2025-08-28,25758.41,12318.52,998392.92,1011832.81,13439.89,3,0,1,0.250122,47166.7
C005,2025-08-29,27504.05,5558.72,1011832.81,1033778.14,21945.33,4,1,2,0.208537,34515.27
C005,2025-08-30,25292.75,8084.03,1033778.14,1050986.86,17208.72,5,1,3,0.173866,23363.8
C005,2025-08-31,21522.25,18050.92,1050986.86,1054458.19,3471.33,6,0,4,0.144956,27194.05
C005,2025-09-01,22762.05,59404.54,1054458.19,1017815.7,-36642.49,0,0,5,0.120852,27447.26
C005,2025-09-02,21435.52,13767.43,1017815.7,1025483.79,7668.09,1,0,6,0.100752,28392.66
C005,2025-09-03,21150.61,19485.6,1025483.79,1027148.8,1665.01,2,0,7,0.08399,46854.05
C005,2025-09-04,26786.18,14447.18,1027148.8,1039487.8,12339.0,3,0,8,0.07001,50928.85
C005,2025-09-05,22031.09,39313.53,1039487.8,1022205.36,-17282.44,4,1,9,0.058347,38250.63
C005,2025-09-06,20857.55,8855.42,1022205.36,1034207.49,12002.13,5,1,10,0.048614,29523.73
C005,2025-09-07,19295.01,18697.37,1034207.49,1034805.13,597.64,6,0,11,0.040486,38272.64
C005,2025-09-08,20888.77,21374.36,1034805.13,1034319.54,-485.59,0,0,12,0.033691,41616.22
C005,2025-09-09,16572.08,15379.02,1034319.54,1035512.6,1193.06,1,0,13,0.028,49213.26
C005,2025-09-10,20399.47,38480.77,1035512.6,1017431.3,-18081.3,2,0,14,0.02322,70664.01
C005,2025-09-11,22613.22,14400.19,1017431.3,1025644.33,8213.03,3,0,15,0.019185,74547.74
C005,2025-09-12,22757.01,6476.78,1025644.33,1041924.56,16280.23,4,1,16,0.015751,59469.68
C005,2025-09-13,23869.84,8919.24,1041924.56,1056875.16,14950.6,5,1,17,0.012792,43256.18
C005,2025-09-14,18637.98,20874.96,1056875.16,1054638.18,-2236.98,6,0,18,0.01019,51618.97
C005,2025-09-15,17892.78,21593.74,1054638.18,1050937.22,-3700.96,0,0,19,0.007832,25868.03
C005,2025-09-16,18660.84,15418.5,1050937.22,1054179.56,3242.34,1,0,20,0.005604,30328.89
C005,2025-09-17,17806.99,20000.26,1054179.56,1051986.29,-2193.27,2,0,21,0.00338,50264.11
C005,2025-09-18,22930.65,13911.17,1051986.29,1061005.77,9019.48,3,0,22,0.001014,54674.52
C005,2025-09-19,28610.85,6027.73,1061005.77,1083588.89,22583.12,4,1,23,-0.001672,34372.37
C005,2025-09-20,23742.79,9646.94,1083588.89,1097684.74,14095.85,5,1,24,-0.004908,-27930.64
C005,2025-09-21,20408.03,17489.27,1097684.74,1100603.5,2918.76,6,0,25,-0.008996,-25540.3
C005,2025-09-22,21410.74,21348.16,1100603.5,1100666.08,62.58,0,0,26,-0.014344,-23173.68
C005,2025-09-23,20957.69,14316.59,1100666.08,1107307.18,6641.1,1,0,27,-0.02151,-16754.33
C005,2025-09-24,22136.33,19485.58,1107307.18,1109957.93,2650.75,2,0,28,-0.031263,-1851.47
C005,2025-09-25,23564.58,13557.46,1109957.93,1119965.05,10007.12,3,0,29,-0.044669,1978.8
C005,2025-09-26,22437.77,6651.77,1119965.05,1135751.05,15786.0,4,1,30,-0.063205,-11770.18
C005,2025-09-27,30480.23,107231.77,1135751.05,1058999.51,-76751.54,5,1,0,0.299996,-31186.71
C005,2025-09-28,26843.89,17549.99,1058999.51,1068293.41,9293.9,6,0,1,0.25012,-27486.56
C005,2025-09-29,24924.64,18867.39,1068293.41,1074350.66,6057.25,0,0,2,0.208535,-28225.38
C005,2025-09-30,21750.61,14449.03,1074350.66,1081652.24,7301.58,1,0,3,0.173862,-21935.18
C005,2025-10-01,22270.08,58659.36,1081652.24,1045262.96,-36389.28,2,0,4,0.144952,36175.42
C005,2025-10-02,22965.57,14352.08,1045262.96,1053876.45,8613.49,3,0,5,0.120845,774.44
C005,2025-10-03,26487.43,6361.03,1053876.45,1074002.85,20126.4,4,1,6,0.100743,-17094.84
C005,2025-10-04,25084.29,8670.49,1074002.85,1090416.65,16413.8,5,1,7,0.083978,-33349.44
C005,2025-10-05,20574.34,50535.0,1090416.65,1060455.99,-29960.66,6,0,8,0.069993,-714.36
C005,2025-10-06,22565.59,19290.36,1060455.99,1063731.22,3275.23,0,0,9,0.058324,-31516.78
C005,2025-10-07,21532.69,12186.14,1063731.22,1073077.77,9346.55,1,0,10,0.048582,-28437.27
C005,2025-10-08,22424.09,19566.1,1073077.77,1075935.76,2857.99,2,0,11,0.040441,-11171.11
C005,2025-10-09,22555.79,13765.69,1075935.76,1084725.86,8790.1,3,0,12,0.033628,-713.84
C005,2025-10-10,27313.49,23944.04,1084725.86,1088095.31,3369.45,4,1,13,0.027912,-2249.56
C005,2025-10-11,21142.48,9045.72,1088095.31,1100192.07,12096.76,5,1,14,0.023097,-32443.92
C005,2025-10-12,19885.73,18683.56,1100192.07,1101394.24,1202.17,6,0,15,0.019013,-26843.83
C005,2025-10-13,19058.76,20321.66,1101394.24,1100131.34,-1262.9,0,0,16,0.015511,-21846.41
C005,2025-10-14,18969.85,12844.04,1100131.34,1106257.15,6125.81,1,0,17,0.012457,-13840.59
C005,2025-10-15,18515.92,47967.82,1106257.15,1076805.25,-29451.9,2,0,18,0.009722,39547.03
C005,2025-10-16,21315.12,13611.92,1076805.25,1084508.45,7703.2,3,0,19,0.00718,46219.04
C005,2025-10-17,23160.13,5418.18,1084508.45,1102250.4,17741.95,4,1,20,0.004694,33743.93
C005,2025-10-18,21320.67,7890.78,1102250.4,1115680.29,13429.89,5,1,21,0.002109,23701.21
C005,2025-10-19,18594.17,16313.2,1115680.29,1117961.26,2280.97,6,0,22,-0.000759,29502.35
C005,2025-10-20,20552.33,68759.49,1117961.26,1069754.1,-48207.16,0,0,23,-0.004146,77069.15
C005,2025-10-21,17835.13,12526.03,1069754.1,1075063.2,5309.1,1,0,24,-0.008361,84617.39
C005,2025-10-22,19876.55,17447.35,1075063.2,1077492.4,2429.2,2,0,25,-0.013814,109161.47
C005,2025-10-23,24861.32,11800.87,1077492.4,1090552.85,13060.45,3,0,26,-0.021069,115078.54
C005,2025-10-24,23399.57,5845.96,1090552.85,1108106.46,17553.61,4,1,27,-0.030895,100534.3
C005,2025-10-25,22177.32,8339.93,1108106.46,1121943.85,13837.39,5,1,28,-0.044362,86307.94
C005,2025-10-26,18147.09,16110.07,1121943.85,1123980.87,2037.02,6,0,29,-0.062949,87670.84
C005,2025-10-27,23781.85,119949.92,1123980.87,1027812.8,-96168.07,0,0,0,0.299997,184705.37
C005,2025-10-28,25420.16,12426.11,1027812.8,1040806.85,12994.05,1,0,1,0.250122,92941.28
C005,2025-10-29,26227.26,20908.83,1040806.85,1046125.28,5318.43,2,0,2,0.208537,118849.71
C005,2025-10-30,26351.39,12759.61,1046125.28,1059717.06,13591.78,3,0,3,0.173866,128332.12
C005,2025-10-31,28096.24,6374.92,1059717.06,1081438.38,21721.32,4,1,4,0.144956,112371.33
C005,2025-11-01,24124.21,50911.7,1081438.38,1054650.89,-26787.49,5,1,5,0.120852,101293.55
C005,2025-11-02,20809.3,18552.18,1054650.89,1056908.01,2257.12,6,0,6,0.100752,106887.94
C005,2025-11-03,21943.08,21783.88,1056908.01,1057067.21,159.2,0,0,7,0.08399,104031.26
C005,2025-11-04,18652.79,15978.37,1057067.21,1059741.63,2674.42,1,0,8,0.07001,111326.43
C005,2025-11-05,23355.5,50882.69,1059741.63,1032214.44,-27527.19,2,0,9,0.058347,127557.37
C005,2025-11-06,24147.75,11721.69,1032214.44,1044640.5,12426.06,3,0,10,0.048614,134283.7
C005,2025-11-07,26381.44,6257.29,1044640.5,1064764.65,20124.15,4,1,11,0.040486,118584.3
C005,2025-11-08,27849.75,8602.38,1064764.65,1084012.02,19247.37,5,1,12,0.033691,103875.65
C005,2025-11-09,19657.92,17824.19,1084012.02,1085845.75,1833.73,6,0,13,0.028,108103.14
C005,2025-11-10,19623.39,37720.99,1085845.75,1067748.15,-18097.6,0,0,14,0.02322,109677.45
C005,2025-11-11,20733.07,13930.81,1067748.15,1074550.41,6802.26,1,0,15,0.019185,117249.3
C005,2025-11-12,23312.87,19578.35,1074550.41,1078284.93,3734.52,2,0,16,0.015751,138097.94
C005,2025-11-13,27135.37,13003.74,1078284.93,1092416.56,14131.63,3,0,17,0.012792,141985.1
C005,2025-11-14,29647.62,5711.9,1092416.56,1116352.28,23935.72,4,1,18,0.01019,120094.14
C005,2025-11-15,24366.35,9991.14,1116352.28,1130727.49,14375.21,5,1,19,0.007832,106961.16
C005,2025-11-16,21403.69,16136.85,1130727.49,1135994.33,5266.84,6,0,20,0.005604,113291.2
C005,2025-11-17,24416.14,21028.97,1135994.33,1139381.5,3387.17,0,0,21,0.00338,115736.89
C005,2025-11-18,22439.31,14357.2,1139381.5,1147463.61,8082.11,1,0,22,0.001014,120219.62
C005,2025-11-19,21275.39,21915.75,1147463.61,1146823.25,-640.36,2,0,23,-0.001672,146278.4
C005,2025-11-20,26744.64,13887.3,1146823.25,1159680.59,12857.34,3,0,24,-0.004908,153987.13
C005,2025-11-21,32659.41,5686.13,1159680.59,1186653.87,26973.28,4,1,25,-0.008996,129413.88
C005,2025-11-22,28810.16,9832.64,1186653.87,1205631.39,18977.52,5,1,26,-0.014344,108245.5
C005,2025-11-23,22659.43,19650.06,1205631.39,1208640.76,3009.37,6,0,27,-0.02151,111661.05
C005,2025-11-24,20926.93,21315.9,1208640.76,1208251.79,-388.97,0,0,28,-0.031263,115693.46
C005,2025-11-25,18752.67,15352.75,1208251.79,1211651.71,3399.92,1,0,29,-0.044669,121094.78
C005,2025-11-26,19337.79,18471.33,1211651.71,1212518.17,866.46,2,0,30,-0.063205,140985.72
C005,2025-11-27,35546.16,114316.2,1212518.17,1133748.13,-78770.04,3,0,0,0.299996,141683.93
C005,2025-11-28,38367.03,7140.17,1133748.13,1164974.99,31226.86,4,1,1,0.25012,119328.55
C005,2025-11-29,32905.88,9831.69,1164974.99,1188049.18,23074.19,5,1,2,0.208535,103402.67
C005,2025-11-30,25522.61,19762.08,1188049.18,1193809.71,5760.53,6,0,3,0.173862,109151.54
C005,2025-12-01,24923.08,62788.35,1193809.71,1155944.44,-37865.27,0,0,4,0.144952,150523.98
C005,2025-12-02,24736.29,16884.78,1155944.44,1163795.95,7851.51,1,0,5,0.120845,
C005,2025-12-03,21945.47,24642.95,1163795.95,1161098.47,-2697.48,2,0,6,0.100743,
C005,2025-12-04,24626.23,14656.64,1161098.47,1171068.06,9969.59,3,0,7,0.083978,
C005,2025-12-05,27919.93,39216.18,1171068.06,1159771.81,-11296.25,4,1,8,0.069993,
C005,2025-12-06,28447.95,9295.56,1159771.81,1178924.2,19152.39,5,1,9,0.058324,
C005,2025-12-07,24677.53,20252.78,1178924.2,1183348.95,4424.75,6,0,10,0.048582,
C005,2025-12-08,23957.18,19418.46,1183348.95,1187887.67,4538.72,0,0,11,0.040441,
C005,2025-12-09,21680.84,15619.62,1187887.67,1193948.89,6061.22,1,0,12,0.033628,
C005,2025-12-10,18914.23,35437.52,1193948.89,1177425.6,-16523.29,2,0,13,0.027912,
C005,2025-12-11,28362.45,13988.34,1177425.6,1191799.71,14374.11,3,0,14,0.023097,
C005,2025-12-12,31671.3,7088.14,1191799.71,1216382.87,24583.16,4,1,15,0.019013,
C005,2025-12-13,27597.0,9578.21,1216382.87,1234401.66,18018.79,5,1,16,0.015511,
C005,2025-12-14,20722.67,18677.91,1234401.66,1236446.42,2044.76,6,0,17,0.012457,
C005,2025-12-15,23042.22,21799.99,1236446.42,1237688.65,1242.23,0,0,18,0.009722,
C005,2025-12-16,27476.12,15879.24,1237688.65,1249285.53,11596.88,1,0,19,0.00718,
C005,2025-12-17,26528.11,20695.25,1249285.53,1255118.39,5832.86,2,0,20,0.004694,
C005,2025-12-18,27913.82,15348.98,1255118.39,1267683.23,12564.84,3,0,21,0.002109,
C005,2025-12-19,32515.35,7096.93,1267683.23,1293101.65,25418.42,4,1,22,-0.000759,
C005,2025-12-20,30499.88,9933.81,1293101.65,1313667.72,20566.07,5,1,23,-0.004146,
C005,2025-12-21,21597.17,19197.14,1313667.72,1316067.75,2400.03,6,0,24,-0.008361,
C005,2025-12-22,21531.79,23722.65,1316067.75,1313876.89,-2190.86,0,0,25,-0.013814,
C005,2025-12-23,21702.66,15277.74,1313876.89,1320301.81,6424.92,1,0,26,-0.021069,
C005,2025-12-24,25179.1,21535.66,1320301.81,1323945.25,3643.44,2,0,27,-0.030895,
C005,2025-12-25,25412.43,16611.19,1323945.25,1332746.49,8801.24,3,0,28,-0.044362,
C005,2025-12-26,27831.57,7074.17,1332746.49,1353503.89,20757.4,4,1,29,-0.062949,
C005,2025-12-27,31925.9,109997.73,1353503.89,1275432.06,-78071.83,5,1,0,0.299997,
C005,2025-12-28,27052.32,18180.84,1275432.06,1284303.54,8871.48,6,0,1,0.250122,
C005,2025-12-29,28090.02,20941.71,1284303.54,1291451.85,7148.31,0,0,2,0.208537,
C005,2025-12-30,24756.01,13246.61,1291451.85,1302961.25,11509.4,1,0,3,0.173866,
C005,2025-12-31,26353.84,22846.67,1302961.25,1306468.42,3507.17,2,0,4,0.144956,
C006,2021-01-01,8553.52,23707.42,820000.0,804846.1,-15153.9,4,1,5,0.088625,-229663.48
C006,2021-01-02,10887.86,3086.1,804846.1,812647.86,7801.76,5,1,6,0.073885,-252244.69
C006,2021-01-03,13572.15,7289.34,812647.86,818930.67,6282.81,6,0,7,0.061593,-252462.67
C006,2021-01-04,12462.09,8895.81,818930.67,822496.95,3566.28,0,0,8,0.051341,-251095.35
C006,2021-01-05,14115.88,43353.94,822496.95,793258.89,-29238.06,1,0,9,0.042788,-213670.75
C006,2021-01-06,10693.66,8534.61,793258.89,795417.94,2159.05,2,0,10,0.03565,-275929.81
C006,2021-01-07,11986.53,6218.55,795417.94,801185.92,5767.98,3,0,11,0.02969,-276044.8
C006,2021-01-08,8373.47,19055.64,801185.92,790503.75,-10682.17,4,1,12,0.024707,-259201.3
C006,2021-01-09,10878.18,3573.78,790503.75,797808.15,7304.4,5,1,13,0.020533,-264232.55
C006,2021-01-10,13437.09,17020.33,797808.15,794224.91,-3583.24,6,0,14,0.017028,-256016.58
C006,2021-01-11,15354.79,8557.6,794224.91,801022.1,6797.19,0,0,15,0.014069,-269059.39
C006,2021-01-12,12123.59,6862.41,801022.1,806283.28,5261.18,1,0,16,0.011551,-267837.2
C006,2021-01-13,12845.5,7867.56,806283.28,811261.22,4977.94,2,0,17,0.009381,-267626.56
C006,2021-01-14,14905.01,6672.94,811261.22,819493.29,8232.07,3,0,18,0.007472,-270151.19
C006,2021-01-15,8441.96,20174.81,819493.29,807760.44,-11732.85,4,1,19,0.005744,-254696.16
C006,2021-01-16,11187.06,4556.89,807760.44,814390.61,6630.17,5,1,20,0.004109,-258272.76
C006,2021-01-17,12901.77,8579.17,814390.61,818713.21,4322.6,6,0,21,0.002478,-257163.87
C006,2021-01-18,14067.67,9977.2,818713.21,822803.68,4090.47,0,0,22,0.000743,-258964.13
C006,2021-01-19,12179.27,6682.25,822803.68,828300.7,5497.02,1,0,23,-0.001226,-257395.35
C006,2021-01-20,12471.85,228609.11,828300.7,612163.44,-216137.26,2,0,24,-0.003599,-37183.03
C006,2021-01-21,16001.21,7033.34,612163.44,621131.31,8967.87,3,0,25,-0.006597,-40681.65
C006,2021-01-22,8517.74,3112.51,621131.31,626536.54,5405.23,4,1,26,-0.010519,-40694.38
C006,2021-01-23,11943.79,4325.96,626536.54,634154.37,7617.83,5,1,27,-0.015774,-45204.42
C006,2021-01-24,14302.96,8431.06,634154.37,640026.27,5871.9,6,0,28,-0.022927,-47470.4
C006,2021-01-25,10870.76,9515.2,640026.27,641381.83,1355.56,0,0,29,-0.032757,-46681.57
C006,2021-01-26,10176.29,7043.85,641381.83,644514.27,3132.44,1,0,30,-0.04635,-42625.77
C006,2021-01-27,14755.47,112921.98,644514.27,546347.76,-98166.51,2,0,0,0.219998,59945.96
C006,2021-01-28,13751.01,6455.99,546347.76,553642.78,7295.02,3,0,1,0.183423,-45233.85
C006,2021-01-29,10872.67,3104.35,553642.78,561411.1,7768.32,4,1,2,0.152927,-47993.49
C006,2021-01-30,11563.14,4035.83,561411.1,568938.41,7527.31,5,1,3,0.127501,-70257.52
C006,2021-01-31,14941.77,8697.56,568938.41,575182.62,6244.21,6,0,4,0.106301,-68425.64
C006,2021-02-01,15376.93,30156.38,575182.62,560403.17,-14779.45,0,0,5,0.088625,-51095.15
C006,2021-02-02,13571.99,7507.16,560403.17,566468.0,6064.83,1,0,6,0.073885,-53058.55
C006,2021-02-03,13796.25,8862.65,566468.0,571401.6,4933.6,2,0,7,0.061593,-89639.5
C006,2021-02-04,15371.12,7184.58,571401.6,579588.14,8186.54,3,0,8,0.051341,-90973.17
C006,2021-02-05,9278.58,69378.59,579588.14,519488.13,-60100.01,4,1,9,0.042788,-25169.36
C006,2021-02-06,10173.5,4520.51,519488.13,525141.12,5652.99,5,1,10,0.03565,-25405.24
C006,2021-02-07,14981.36,8820.03,525141.12,531302.45,6161.33,6,0,11,0.02969,-25526.55
C006,2021-02-08,12146.85,9873.7,531302.45,533575.6,2273.15,0,0,12,0.024707,-32771.13
C006,2021-02-09,11397.88,6765.15,533575.6,538208.33,4632.73,1,0,13,0.020533,-31309.13
C006,2021-02-10,10631.84,16877.46,538208.33,531962.71,-6245.62,2,0,14,0.017028,-20270.2
C006,2021-02-11,12267.59,5784.22,531962.71,538446.08,6483.37,3,0,15,0.014069,-21716.59
C006,2021-02-12,8468.12,3279.54,538446.08,543634.66,5188.58,4,1,16,0.011551,-23685.72
C006,2021-02-13,9644.62,3937.18,543634.66,549342.1,5707.44,5,1,17,0.009381,-28144.82
C006,2021-02-14,11772.72,8050.54,549342.1,553064.28,3722.18,6,0,18,0.007472,-25570.54
C006,2021-02-15,11729.56,8675.99,553064.28,556117.85,3053.57,0,0,19,0.005744,-25069.88
C006,2021-02-16,11375.59,5944.1,556117.85,561549.34,5431.49,1,0,20,0.004109,-24005.78
C006,2021-02-17,10247.02,7956.81,561549.34,563839.55,2290.21,2,0,21,0.002478,-20317.95
C006,2021-02-18,13285.04,6219.24,563839.55,570905.35,7065.8,3,0,22,0.000743,-23139.92
C006,2021-02-19,6766.7,2691.64,570905.35,574980.41,4075.06,4,1,23,-0.001226,-25614.77
C006,2021-02-20,9477.92,4008.67,574980.41,580449.66,5469.25,5,1,24,-0.003599,-31611.6
C006,2021-02-21,13651.92,8259.42,580449.66,585842.16,5392.5,6,0,25,-0.006597,-34886.27
C006,2021-02-22,11539.25,8431.46,585842.16,588949.95,3107.79,0,0,26,-0.010519,-36496.25
C006,2021-02-23,9456.04,5850.12,588949.95,592555.87,3605.92,1,0,27,-0.015774,-35458.75
C006,2021-02-24,10838.45,8694.06,592555.87,594700.26,2144.39,2,0,28,-0.022927,-34422.36
C006,2021-02-25,13955.88,6767.64,594700.26,601888.5,7188.24,3,0,29,-0.032757,-139772.04
C006,2021-02-26,7536.16,3130.94,601888.5,606293.72,4405.22,4,1,30,-0.04635,-140334.51
C006,2021-02-27,9940.34,107825.13,606293.72,508408.93,-97884.79,5,1,0,0.219994,-41401.21
C006,2021-02-28,12987.59,7978.91,508408.93,513417.61,5008.68,6,0,1,0.183417,-43724.4
C006,2021-03-01,14768.31,29505.03,513417.61,498680.89,-14736.72,0,0,2,0.15292,-29099.52
C006,2021-03-02,14403.38,6327.29,498680.89,506756.98,8076.09,1,0,3,0.127491,-52635.4
C006,2021-03-03,10877.04,8326.0,506756.98,509308.02,2551.04,2,0,4,0.106287,-50574.8
C006,2021-03-04,10506.73,6405.3,509308.02,513409.45,4101.43,3,0,5,0.088605,-47665.21
C006,2021-03-05,8177.16,39824.51,513409.45,481762.1,-31647.35,4,1,6,0.073857,-38186.24
C006,2021-03-06,10770.74,3917.87,481762.1,488614.97,6852.87,5,1,7,0.061555,-80515.91
C006,2021-03-07,13463.47,7759.67,488614.97,494318.77,5703.8,6,0,8,0.051287,-84396.0
C006,2021-03-08,14198.31,8781.2,494318.77,499735.88,5417.11,0,0,9,0.042714,-90867.54
C006,2021-03-09,12285.67,6245.65,499735.88,505775.9,6040.02,1,0,10,0.035547,-93853.08
C006,2021-03-10,12436.27,17407.7,505775.9,500804.47,-4971.43,2,0,11,0.029545,-84942.09
C006,2021-03-11,12547.67,6452.94,500804.47,506899.2,6094.73,3,0,12,0.024505,-94538.44
C006,2021-03-12,7923.43,3130.12,506899.2,511692.51,4793.31,4,1,13,0.020252,-93705.89
C006,2021-03-13,9027.21,3990.23,511692.51,516729.49,5036.98,5,1,14,0.016636,-92928.65
C006,2021-03-14,10827.32,7607.87,516729.49,519948.94,3219.45,6,0,15,0.013521,-89077.06
C006,2021-03-15,10254.15,9005.81,519948.94,521197.28,1248.34,0,0,16,0.010787,-87441.88
C006,2021-03-16,13073.42,6776.96,521197.28,527493.74,6296.46,1,0,17,0.008314,-104917.76
C006,2021-03-17,11855.7,8301.47,527493.74,531047.97,3554.23,2,0,18,0.005984,-103258.13
C006,2021-03-18,12737.81,6242.22,531047.97,537543.56,6495.59,3,0,19,0.003666,-104215.74
C006,2021-03-19,8813.54,2835.5,537543.56,543521.6,5978.04,4,1,20,0.001211,-105605.97
C006,2021-03-20,8663.66,4419.83,543521.6,547765.43,4243.83,5,1,21,-0.001567,-104765.04
C006,2021-03-21,9401.04,7800.83,547765.43,549365.64,1600.21,6,0,22,-0.004903,-100398.52
C006,2021-03-22,8959.67,9487.25,549365.64,548838.06,-527.58,0,0,23,-0.009106,-97801.43
C006,2021-03-23,9062.48,6944.65,548838.06,550955.89,2117.83,1,0,24,-0.014596,-93573.81
C006,2021-03-24,9788.0,8290.19,550955.89,552453.7,1497.81,2,0,25,-0.021945,-90936.96
C006,2021-03-25,10793.6,6150.18,552453.7,557097.12,4643.42,3,0,26,-0.031938,-90247.0
C006,2021-03-26,6201.69,3020.91,557097.12,560277.9,3180.78,4,1,27,-0.045668,-88251.75
C006,2021-03-27,10113.6,108275.04,560277.9,462116.46,-98161.44,5,1,0,0.219998,16261.15
C006,2021-03-28,11998.39,8155.64,462116.46,465959.21,3842.75,6,0,1,0.183423,-81454.01
C006,2021-03-29,9867.64,8819.13,465959.21,467007.72,1048.51,0,0,2,0.152927,-76053.17
C006,2021-03-30,9925.48,7239.99,467007.72,469693.21,2685.49,1,0,3,0.127501,-70644.32
C006,2021-03-31,8989.22,9101.06,469693.21,469581.37,-111.84,2,0,4,0.106301,-64181.06
C006,2021-04-01,12813.53,28273.32,469581.37,454121.58,-15459.79,3,0,5,0.088625,-61529.56
C006,2021-04-02,7927.47,3315.83,454121.58,458733.22,4611.64,4,1,6,0.073885,-62034.74
C006,2021-04-03,11730.25,4719.23,458733.22,465744.24,7011.02,5,1,7,0.061593,-66734.99
C006,2021-04-04,13390.2,35558.58,465744.24,443575.86,-22168.38,6,0,8,0.051341,-40542.07
C006,2021-04-05,10545.17,46021.97,443575.86,408099.06,-35476.8,0,0,9,0.042788,-39428.99
C006,2021-04-06,9216.59,7392.88,408099.06,409922.77,1823.71,1,0,10,0.03565,-33688.11
C006,2021-04-07,8368.28,9422.71,409922.77,408868.34,-1054.43,2,0,11,0.02969,-25738.41
C006,2021-04-08,9536.12,6481.64,408868.34,411922.82,3054.48,3,0,12,0.024707,-22455.56
C006,2021-04-09,6901.14,2961.58,411922.82,415862.38,3939.56,4,1,13,0.020533,-20702.1
C006,2021-04-10,9861.14,13362.76,415862.38,412360.76,-3501.62,5,1,14,0.017028,-22411.37
C006,2021-04-11,13281.95,7656.09,412360.76,417986.62,5625.86,6,0,15,0.014069,-20280.54
C006,2021-04-12,13821.46,8007.24,417986.62,423800.84,5814.22,0,0,16,0.011551,-20339.09
C006,2021-04-13,13374.78,6303.74,423800.84,430871.88,7071.04,1,0,17,0.009381,-22971.42
C006,2021-04-14,11422.35,8538.83,430871.88,433755.4,2883.52,2,0,18,0.007472,-23002.76
C006,2021-04-15,12297.21,23476.63,433755.4,422575.98,-11179.42,3,0,19,0.005744,-9899.41
C006,2021-04-16,8240.32,3026.46,422575.98,427789.84,5213.86,4,1,20,0.004109,-14166.58
C006,2021-04-17,9230.95,3692.97,427789.84,433327.82,5537.98,5,1,21,0.002478,-20087.49
C006,2021-04-18,12423.08,7835.27,433327.82,437915.63,4587.81,6,0,22,0.000743,-21765.31
C006,2021-04-19,13681.43,8596.67,437915.63,443000.39,5084.76,0,0,23,-0.001226,-25071.02
C006,2021-04-20,12604.56,6637.83,443000.39,448967.12,5966.73,1,0,24,-0.003599,-26371.71
C006,2021-04-21,10384.77,8315.26,448967.12,451036.63,2069.51,2,0,25,-0.006597,-25464.98
C006,2021-04-22,11901.71,5556.26,451036.63,457382.08,6345.45,3,0,26,-0.010519,-27662.01
C006,2021-04-23,7355.29,3220.63,457382.08,461516.74,4134.66,4,1,27,-0.015774,-29215.74
C006,2021-04-24,9209.72,3876.34,461516.74,466850.12,5333.38,5,1,28,-0.022927,-32955.94
C006,2021-04-25,12582.48,7406.45,466850.12,472026.15,5176.03,6,0,29,-0.032757,-34347.96
C006,2021-04-26,14472.14,8120.68,472026.15,478377.61,6351.46,0,0,30,-0.04635,-39596.79
C006,2021-04-27,17737.01,111609.42,478377.61,384505.2,-93872.41,1,0,0,0.219997,-45068.95
C006,2021-04-28,15566.27,9116.92,384505.2,390954.55,6449.35,2,0,1,0.183421,-46091.67
C006,2021-04-29,15132.08,7037.74,390954.55,399048.89,8094.34,3,0,2,0.152926,-47991.19
C006,2021-04-30,9871.91,3520.49,399048.89,405400.31,6351.42,4,1,3,0.127499,-49559.01
C006,2021-05-01,12544.84,25353.13,405400.31,392592.02,-12808.29,5,1,4,0.106298,-36116.84
C006,2021-05-02,13699.03,9592.57,392592.02,396698.48,4106.46,6,0,5,0.08862,-56811.99
C006,2021-05-03,12069.44,9758.67,396698.48,399009.25,2310.77,0,0,6,0.073878,-57636.99
C006,2021-05-04,11687.46,7662.92,399009.25,403033.79,4024.54,1,0,7,0.061584,-58174.84
C006,2021-05-05,11994.37,46358.09,403033.79,368670.07,-34363.72,2,0,8,0.051328,-18955.09
C006,2021-05-06,13755.56,6190.97,368670.07,376234.66,7564.59,3,0,9,0.042771,-56596.41
C006,2021-05-07,9982.77,3087.5,376234.66,383129.93,6895.27,4,1,10,0.035627,-60523.22
C006,2021-05-08,10872.93,4535.6,383129.93,389467.26,6337.33,5,1,11,0.029657,-65918.72
C006,2021-05-09,13513.55,7820.53,389467.26,395160.28,5693.02,6,0,12,0.02466,-68442.62
C006,2021-05-10,12866.92,18077.81,395160.28,389949.39,-5210.89,0,0,13,0.020469,-61832.81
C006,2021-05-11,14336.84,6580.15,389949.39,397706.08,7756.69,1,0,14,0.016938,-76813.32
C006,2021-05-12,14534.27,8778.6,397706.08,403461.75,5755.67,2,0,15,0.013943,-79958.85
C006,2021-05-13,11673.99,7235.28,403461.75,407900.46,4438.71,3,0,16,0.011375,-80671.82
C006,2021-05-14,6029.95,3177.77,407900.46,410752.64,2852.18,4,1,17,0.009135,-80934.05
C006,2021-05-15,6269.81,4345.88,410752.64,412676.57,1923.93,5,1,18,0.00713,-80861.67
C006,2021-05-16,9064.61,8117.92,412676.57,413623.26,946.69,6,0,19,0.005265,-79247.94
C006,2021-05-17,7778.63,8161.56,413623.26,413240.33,-382.93,0,0,20,0.003442,-77940.67
C006,2021-05-18,8943.11,6033.12,413240.33,416150.32,2909.99,1,0,21,0.001547,-78993.84
C006,2021-05-19,9118.71,7339.66,416150.32,417929.37,1779.05,2,0,22,-0.000556,-77588.77
C006,2021-05-20,10438.44,5772.4,417929.37,422595.41,4666.04,3,0,23,-0.003041,-76914.51
C006,2021-05-21,5686.72,2710.48,422595.41,425571.65,2976.24,4,1,24,-0.006131,-77222.1
C006,2021-05-22,7737.38,3588.96,425571.65,429720.07,4148.42,5,1,25,-0.01013,-78570.31
C006,2021-05-23,9278.03,6697.1,429720.07,432301.0,2580.93,6,0,26,-0.01545,-77269.49
C006,2021-05-24,9187.53,7594.35,432301.0,433894.18,1593.18,0,0,27,-0.022657,-76623.16
C006,2021-05-25,8939.81,5155.8,433894.18,437678.19,3784.01,1,0,28,-0.032532,-77087.95
C006,2021-05-26,8210.59,7107.96,437678.19,438780.82,1102.63,2,0,29,-0.046163,-75506.39
C006,2021-05-27,10197.2,109541.77,438780.82,339436.25,-99344.57,3,0,0,0.219998,26953.0
C006,2021-05-28,8294.8,2868.17,339436.25,344862.88,5426.63,4,1,1,0.183423,-75878.57
C006,2021-05-29,9290.95,3096.13,344862.88,351057.7,6194.82,5,1,2,0.152927,-79571.87
C006,2021-05-30,11157.28,6373.68,351057.7,355841.3,4783.6,6,0,3,0.127501,-81081.13
C006,2021-05-31,7934.68,7300.8,355841.3,356475.18,633.88,0,0,4,0.106301,-77020.92
C006,2021-06-01,10321.51,26910.2,356475.18,339886.49,-16588.69,1,0,5,0.088625,-78474.37
C006,2021-06-02,8762.63,7276.86,339886.49,341372.26,1485.77,2,0,6,0.073885,-76441.82
C006,2021-06-03,9740.96,6254.27,341372.26,344858.95,3486.69,3,0,7,0.061593,-76228.37
C006,2021-06-04,7684.39,2828.36,344858.95,349714.98,4856.03,4,1,8,0.051341,-79244.33
C006,2021-06-05,10476.4,40553.13,349714.98,319638.25,-30076.73,5,1,9,0.042788,-85450.73
C006,2021-06-06,10394.09,7425.63,319638.25,322606.71,2968.46,6,0,10,0.03565,-86189.18
C006,2021-06-07,8338.31,7396.48,322606.71,323548.54,941.83,0,0,11,0.02969,-85963.89
C006,2021-06-08,9377.81,6208.69,323548.54,326717.66,3169.12,1,0,12,0.024707,-85522.67
C006,2021-06-09,8747.43,7348.51,326717.66,328116.58,1398.92,2,0,13,0.020533,-83711.53
C006,2021-06-10,7891.53,15115.35,328116.58,320892.76,-7223.82,3,0,14,0.017028,-82889.75
C006,2021-06-11,5218.43,2608.29,320892.76,323502.9,2610.14,4,1,15,0.014069,-83108.77
C006,2021-06-12,6679.28,2953.54,323502.9,327228.64,3725.74,5,1,16,0.011551,-84061.08
C006,2021-06-13,9016.74,6426.79,327228.64,329818.59,2589.95,6,0,17,0.009381,-82746.71
C006,2021-06-14,8983.78,6987.47,329818.59,331814.9,1996.31,0,0,18,0.007472,-83868.96
C006,2021-06-15,8130.85,5570.43,331814.9,334375.32,2560.42,1,0,19,0.005744,-99771.81
C006,2021-06-16,8507.49,7583.15,334375.32,335299.66,924.34,2,0,20,0.004109,-97126.34
C006,2021-06-17,7833.9,5977.08,335299.66,337156.48,1856.82,3,0,21,0.002478,-93729.59
C006,2021-06-18,5754.85,2570.73,337156.48,340340.6,3184.12,4,1,22,0.000743,-93469.95
C006,2021-06-19,8493.79,3153.49,340340.6,345680.9,5340.3,5,1,23,-0.001226,-95899.76
C006,2021-06-20,9792.99,7124.34,345680.9,348349.55,2668.65,6,0,24,-0.003599,-96668.17
C006,2021-06-21,9756.28,6956.07,348349.55,351149.76,2800.21,0,0,25,-0.006597,-98190.3
C006,2021-06-22,9702.15,5820.4,351149.76,355031.51,3881.75,1,0,26,-0.010519,-99114.83
C006,2021-06-23,9082.79,6843.28,355031.51,357271.02,2239.51,2,0,27,-0.015774,-99491.86
C006,2021-06-24,8699.77,5380.55,357271.02,360590.24,3319.22,3,0,28,-0.022927,-98931.87
C006,2021-06-25,5520.61,2836.42,360590.24,363274.43,2684.19,4,1,29,-0.032757,-97936.14
C006,2021-06-26,6609.27,3494.45,363274.43,366389.25,3114.82,5,1,30,-0.04635,-99309.16
C006,2021-06-27,10951.3,108356.24,366389.25,268984.31,-97404.94,6,0,0,0.219997,-99046.89
C006,2021-06-28,9375.65,6874.13,268984.31,271485.83,2501.52,0,0,1,0.183421,-97855.02
C006,2021-06-29,9170.51,5896.17,271485.83,274760.17,3274.34,1,0,2,0.152926,-93648.49
C006,2021-06-30,11642.29,6948.2,274760.17,279454.26,4694.09,2,0,3,0.127499,-93021.31
C006,2021-07-01,8696.72,26738.86,279454.26,261412.12,-18042.14,3,0,4,0.106298,-70229.87
C006,2021-07-02,6118.09,2599.77,261412.12,264930.44,3518.32,4,1,5,0.08862,-89273.64
C006,2021-07-03,6938.16,3238.02,264930.44,268630.58,3700.14,5,1,6,0.073878,-91683.19
C006,2021-07-04,8264.42,6424.35,268630.58,270470.65,1840.07,6,0,7,0.061584,-90535.3
C006,2021-07-05,7627.04,43910.17,270470.65,234187.52,-36283.13,0,0,8,0.051328,-53841.59
C006,2021-07-06,7740.28,5510.27,234187.52,236417.53,2230.01,1,0,9,0.042771,-89169.8
C006,2021-07-07,7816.86,6649.74,236417.53,237584.65,1167.12,2,0,10,0.035627,-85805.54
C006,2021-07-08,8751.69,5141.35,237584.65,241194.99,3610.34,3,0,11,0.029657,-85088.31
C006,2021-07-09,5722.92,2512.86,241194.99,244405.05,3210.06,4,1,12,0.02466,-85512.27
C006,2021-07-10,8163.01,14565.05,244405.05,238003.01,-6402.04,5,1,13,0.020469,-76760.73
C006,2021-07-11,8717.08,6325.96,238003.01,240394.13,2391.12,6,0,14,0.016938,-86617.44
C006,2021-07-12,9277.99,6504.56,240394.13,243167.56,2773.43,0,0,15,0.013943,-86807.76
C006,2021-07-13,9691.89,5787.57,243167.56,247071.88,3904.32,1,0,16,0.011375,-86065.77
C006,2021-07-14,7817.63,6943.57,247071.88,247945.94,874.06,2,0,17,0.009135,-81947.08
C006,2021-07-15,9945.37,23287.8,247945.94,234603.51,-13342.43,3,0,18,0.00713,-62909.91
C006,2021-07-16,6353.68,2783.87,234603.51,238173.32,3569.81,4,1,19,0.005265,-63060.85
C006,2021-07-17,8742.62,3489.05,238173.32,243426.89,5253.57,5,1,20,0.003442,-66482.38
C006,2021-07-18,10529.3,7085.54,243426.89,246870.65,3443.76,6,0,21,0.001547,-66908.33
C006,2021-07-19,10729.19,7818.7,246870.65,249781.14,2910.49,0,0,22,-0.000556,-67683.01
C006,2021-07-20,7802.5,5902.26,249781.14,251681.38,1900.24,1,0,23,-0.003041,-63396.85
C006,2021-07-21,8024.33,6746.25,251681.38,252959.46,1278.08,2,0,24,-0.006131,-58590.74
C006,2021-07-22,8674.63,5717.41,252959.46,255916.68,2957.22,3,0,25,-0.01013,-55967.31
C006,2021-07-23,4656.32,2793.84,255916.68,257779.16,1862.48,4,1,26,-0.01545,-53392.53
C006,2021-07-24,7590.74,3711.53,257779.16,261658.37,3879.21,5,1,27,-0.022657,-53743.49
C006,2021-07-25,10090.15,6410.23,261658.37,265338.29,3679.92,6,0,28,-0.032532,-50000.91
C006,2021-07-26,8521.74,6779.94,265338.29,267080.09,1741.8,0,0,29,-0.046163,-50043.3
C006,2021-07-27,12284.53,109427.2,267080.09,169937.42,-97142.67,1,0,0,0.219998,51345.53
C006,2021-07-28,10818.16,7124.77,169937.42,173630.81,3693.39,2,0,1,0.183423,-48303.85
C006,2021-07-29,13041.14,5560.27,173630.81,181111.68,7480.87,3,0,2,0.152927,-49788.67
C006,2021-07-30,8074.53,2753.26,181111.68,186432.95,5321.27,4,1,3,0.127501,-48287.34
C006,2021-07-31,8907.66,4158.36,186432.95,191182.25,4749.3,5,1,4,0.106301,-49269.93
C006,2021-08-01,13324.73,28850.18,191182.25,175656.8,-15525.45,6,0,5,0.088625,-26569.49
C006,2021-08-02,10603.75,9313.16,175656.8,176947.39,1290.59,0,0,6,0.073885,-45309.34
C006,2021-08-03,9656.9,6668.94,176947.39,179935.35,2987.96,1,0,7,0.061593,-43131.52
C006,2021-08-04,9348.64,8938.06,179935.35,180345.93,410.58,2,0,8,0.051341,-39635.55
C006,2021-08-05,10168.82,43267.02,180345.93,147247.73,-33098.2,3,0,9,0.042788,-265.9
C006,2021-08-06,7617.25,3085.87,147247.73,151779.11,4531.38,4,1,10,0.03565,-38039.67
C006,2021-08-07,8274.44,3946.87,151779.11,156106.68,4327.57,5,1,11,0.02969,-38263.39
C006,2021-08-08,10461.17,7675.07,156106.68,158892.78,2786.1,6,0,12,0.024707,-39090.87
C006,2021-08-09,11088.41,8738.91,158892.78,161242.28,2349.5,0,0,13,0.020533,-40299.84
C006,2021-08-10,9544.48,17010.07,161242.28,153776.69,-7465.59,1,0,14,0.017028,-26991.94
C006,2021-08-11,10659.1,8075.99,153776.69,156359.8,2583.11,2,0,15,0.014069,-33620.29
C006,2021-08-12,10954.01,6307.7,156359.8,161006.11,4646.31,3,0,16,0.011551,-30865.53
C006,2021-08-13,8053.83,3061.08,161006.11,165998.86,4992.75,4,1,17,0.009381,-32005.35
C006,2021-08-14,9558.27,3863.53,165998.86,171693.6,5694.74,5,1,18,0.007472,-34046.01
C006,2021-08-15,11902.14,8483.27,171693.6,175112.47,3418.87,6,0,19,0.005744,-33256.02
C006,2021-08-16,12122.18,10290.14,175112.47,176944.51,1832.04,0,0,20,0.004109,-34417.19
C006,2021-08-17,10711.29,7693.48,176944.51,179962.32,3017.81,1,0,21,0.002478,-35815.35
C006,2021-08-18,11644.13,9508.32,179962.32,182098.13,2135.81,2,0,22,0.000743,-33091.2
C006,2021-08-19,13229.57,7043.17,182098.13,188284.53,6186.4,3,0,23,-0.001226,-33335.64
C006,2021-08-20,9390.3,3306.11,188284.53,194368.72,6084.19,4,1,24,-0.003599,-35618.34
C006,2021-08-21,9407.57,3826.92,194368.72,199949.37,5580.65,5,1,25,-0.006597,-37317.78
C006,2021-08-22,13157.97,8720.71,199949.37,204386.63,4437.26,6,0,26,-0.010519,-38104.05
C006,2021-08-23,13507.19,9978.94,204386.63,207914.88,3528.25,0,0,27,-0.015774,-38670.74
C006,2021-08-24,14293.99,6871.49,207914.88,215337.38,7422.5,1,0,28,-0.022927,-40230.62
C006,2021-08-25,10607.94,8908.53,215337.38,217036.79,1699.41,2,0,29,-0.032757,-35720.43
C006,2021-08-26,11509.69,7263.53,217036.79,221282.95,4246.16,3,0,30,-0.04635,-33265.83
C006,2021-08-27,10311.06,106267.05,221282.95,125326.96,-95955.99,4,1,0,0.219998,68224.64
C006,2021-08-28,10306.46,4310.41,125326.96,131323.01,5996.05,5,1,1,0.183423,-36138.63
C006,2021-08-29,15429.98,8607.38,131323.01,138145.61,6822.6,6,0,2,0.152927,-36505.86
C006,2021-08-30,12909.37,9142.66,138145.61,141912.32,3766.71,0,0,3,0.127501,-35338.91
C006,2021-08-31,14201.75,7026.76,141912.32,149087.31,7174.99,1,0,4,0.106301,-34826.32
C006,2021-09-01,12256.42,29705.68,149087.31,131638.05,-17449.26,2,0,5,0.088625,-32317.24
C006,2021-09-02,12223.71,7057.93,131638.05,136803.83,5165.78,3,0,6,0.073885,-30922.13
C006,2021-09-03,7017.18,3110.63,136803.83,140710.38,3906.55,4,1,7,0.061593,-29369.27
C006,2021-09-04,10421.49,4150.04,140710.38,146981.83,6271.45,5,1,8,0.051341,-35161.21
C006,2021-09-05,11690.13,44932.52,146981.83,113739.44,-33242.39,6,0,9,0.042788,-34476.91
C006,2021-09-06,12848.6,8744.75,113739.44,117843.29,4103.85,0,0,10,0.03565,-35969.02
C006,2021-09-07,8786.56,6827.94,117843.29,119801.91,1958.62,1,0,11,0.02969,-32942.37
C006,2021-09-08,10288.4,9147.87,119801.91,120942.44,1140.53,2,0,12,0.024707,-29135.07
C006,2021-09-09,12741.37,6899.06,120942.44,126784.75,5842.31,3,0,13,0.020533,-28541.8
C006,2021-09-10,8006.89,12052.13,126784.75,122739.51,-4045.24,4,1,14,0.017028,-29778.62
C006,2021-09-11,11363.18,3962.11,122739.51,130140.58,7401.07,5,1,15,0.014069,-31151.94
C006,2021-09-12,12819.0,8966.07,130140.58,133993.51,3852.93,6,0,16,0.011551,-31236.4
C006,2021-09-13,12862.63,9208.55,133993.51,137647.59,3654.08,0,0,17,0.009381,-33964.94
C006,2021-09-14,12029.42,7820.56,137647.59,141856.45,4208.86,1,0,18,0.007472,-32071.19
C006,2021-09-15,9915.98,9245.11,141856.45,142527.32,670.87,2,0,19,0.005744,-43403.44
C006,2021-09-16,9426.32,7806.67,142527.32,144146.97,1619.65,3,0,20,0.004109,-37996.84
C006,2021-09-17,7944.53,3084.57,144146.97,149006.93,4859.96,4,1,21,0.002478,-37695.6
C006,2021-09-18,10373.32,4431.36,149006.93,154948.89,5941.96,5,1,22,0.000743,-40914.71
C006,2021-09-19,12731.62,8930.13,154948.89,158750.38,3801.49,6,0,23,-0.001226,-40179.54
C006,2021-09-20,12811.25,8930.04,158750.38,162631.59,3881.21,0,0,24,-0.003599,-39861.2
C006,2021-09-21,10135.07,6484.08,162631.59,166282.58,3650.99,1,0,25,-0.006597,-36952.22
C006,2021-09-22,10466.12,7504.56,166282.58,169244.14,2961.56,2,0,26,-0.010519,-34992.62
C006,2021-09-23,12040.17,6177.55,169244.14,175106.76,5862.62,3,0,27,-0.015774,-33319.68
C006,2021-09-24,9286.65,3077.05,175106.76,181316.36,6209.6,4,1,28,-0.022927,-34614.64
C006,2021-09-25,10684.32,3983.56,181316.36,188017.12,6700.76,5,1,29,-0.032757,-56304.48
C006,2021-09-26,13322.19,7787.71,188017.12,193551.6,5534.48,6,0,30,-0.04635,-56997.43
C006,2021-09-27,14629.15,112996.37,193551.6,95184.38,-98367.22,0,0,0,0.219997,-56920.88
C006,2021-09-28,12583.75,6128.38,95184.38,101639.75,6455.37,1,0,1,0.183421,-56512.04
C006,2021-09-29,13706.56,8772.9,101639.75,106573.41,4933.66,2,0,2,0.152926,-55332.58
C006,2021-09-30,14468.13,6780.55,106573.41,114260.99,7687.58,3,0,3,0.127499,-56270.26
C006,2021-10-01,9247.47,24187.65,114260.99,99320.81,-14940.18,4,1,4,0.106298,-56914.55
C006,2021-10-02,10938.09,4377.2,99320.81,105881.7,6560.89,5,1,5,0.08862,-80757.53
C006,2021-10-03,13744.77,8285.36,105881.7,111341.11,5459.41,6,0,6,0.073878,-82316.24
C006,2021-10-04,11008.75,10529.24,111341.11,111820.62,479.51,0,0,7,0.061584,-80881.85
C006,2021-10-05,11637.98,44196.07,111820.62,79262.53,-32558.09,1,0,8,0.051328,-40427.32
C006,2021-10-06,11795.18,9183.44,79262.53,81874.27,2611.74,2,0,9,0.042771,-48787.18
C006,2021-10-07,11609.75,6624.48,81874.27,86859.54,4985.27,3,0,10,0.035627,-48446.43
C006,2021-10-08,8068.73,3120.9,86859.54,91807.37,4947.83,4,1,11,0.029657,-49079.92
C006,2021-10-09,10322.19,3886.61,91807.37,98242.95,6435.58,5,1,12,0.02466,-54667.73
C006,2021-10-10,12475.54,17757.6,98242.95,92960.89,-5282.06,6,0,13,0.020469,-41606.27
C006,2021-10-11,14756.48,8728.73,92960.89,98988.64,6027.75,0,0,14,0.016938,-49427.44
C006,2021-10-12,11061.12,7292.65,98988.64,102757.11,3768.47,1,0,15,0.013943,-44318.22
C006,2021-10-13,10925.7,10000.16,102757.11,103682.65,925.54,2,0,16,0.011375,-38376.81
C006,2021-10-14,12940.61,6838.0,103682.65,109785.26,6102.61,3,0,17,0.009135,-36095.35
C006,2021-10-15,10462.3,21123.68,109785.26,99123.88,-10661.38,4,1,18,0.00713,-15713.35
C006,2021-10-16,11437.26,4411.01,99123.88,106150.13,7026.25,5,1,19,0.005265,-17547.44
C006,2021-10-17,13332.4,8171.2,106150.13,111311.33,5161.2,6,0,20,0.003442,-18360.23
C006,2021-10-18,12174.23,9451.38,111311.33,114034.18,2722.85,0,0,21,0.001547,-19758.29
C006,2021-10-19,11953.87,7417.21,114034.18,118570.84,4536.66,1,0,22,-0.000556,-20443.93
C006,2021-10-20,12927.0,8727.45,118570.84,122770.39,4199.55,2,0,23,-0.003041,-18362.22
C006,2021-10-21,13775.41,7215.44,122770.39,129330.36,6559.97,3,0,24,-0.006131,-17304.7
C006,2021-10-22,8430.26,3509.1,129330.36,134251.52,4921.16,4,1,25,-0.01013,-17448.9
C006,2021-10-23,11677.73,4142.17,134251.52,141787.08,7535.56,5,1,26,-0.01545,-19245.86
C006,2021-10-24,14206.73,9292.09,141787.08,146701.72,4914.64,6,0,27,-0.022657,-20078.05
C006,2021-10-25,13109.08,28098.16,146701.72,131712.64,-14989.08,0,0,28,-0.032532,366.82
C006,2021-10-26,12110.99,7269.46,131712.64,136554.17,4841.53,1,0,29,-0.046163,2693.29
C006,2021-10-27,19219.91,117510.58,136554.17,38263.5,-98290.67,2,0,0,0.219998,108235.81
C006,2021-10-28,13986.7,7122.49,38263.5,45127.71,6864.21,3,0,1,0.183423,9617.05
C006,2021-10-29,9400.39,3287.27,45127.71,51240.83,6113.12,4,1,2,0.152927,14739.8
C006,2021-10-30,11172.07,4422.17,51240.83,57990.73,6749.9,5,1,3,0.127501,15632.09
C006,2021-10-31,13075.35,28659.82,57990.73,42406.26,-15584.47,6,0,4,0.106301,40974.57
C006,2021-11-01,13450.59,30732.68,42406.26,25124.17,-17282.09,0,0,5,0.088625,39876.79
C006,2021-11-02,11672.61,7771.91,25124.17,29024.87,3900.7,1,0,6,0.073885,40119.4
C006,2021-11-03,12528.6,10614.7,29024.87,30938.77,1913.9,2,0,7,0.061593,44029.9
C006,2021-11-04,15467.67,7571.23,30938.77,38835.21,7896.44,3,0,8,0.051341,33187.64
C006,2021-11-05,8448.53,14196.65,38835.21,33087.09,-5748.12,4,1,9,0.042788,16098.75
C006,2021-11-06,9839.48,4513.46,33087.09,38413.11,5326.02,5,1,10,0.03565,15901.56
C006,2021-11-07,12653.85,8339.51,38413.11,42727.45,4314.34,6,0,11,0.02969,19755.17
C006,2021-11-08,10323.77,9476.0,42727.45,43575.22,847.77,0,0,12,0.024707,24018.37
C006,2021-11-09,13990.33,6210.93,43575.22,51354.62,7779.4,1,0,13,0.020533,25598.37
C006,2021-11-10,15560.14,17353.56,51354.62,49561.2,-1793.42,2,0,14,0.017028,25617.33
C006,2021-11-11,15674.97,6797.28,49561.2,58438.89,8877.69,3,0,15,0.014069,24508.34
C006,2021-11-12,9801.75,2934.8,58438.89,65305.84,6866.95,4,1,16,0.011551,23220.76
C006,2021-11-13,12456.6,4072.53,65305.84,73689.91,8384.07,5,1,17,0.009381,18269.46
C006,2021-11-14,17873.22,8152.6,73689.91,83410.53,9720.62,6,0,18,0.007472,16792.35
C006,2021-11-15,15114.64,9922.48,83410.53,88602.69,5192.16,0,0,19,0.005744,15821.16
C006,2021-11-16,12253.62,7905.21,88602.69,92951.1,4348.41,1,0,20,0.004109,21781.84
C006,2021-11-17,11881.06,10556.27,92951.1,94275.89,1324.79,2,0,21,0.002478,26059.77
C006,2021-11-18,11973.49,8122.47,94275.89,98126.91,3851.02,3,0,22,0.000743,27648.88
C006,2021-11-19,9732.82,3451.56,98126.91,104408.17,6281.26,4,1,23,-0.001226,26403.26
C006,2021-11-20,12060.45,4442.96,104408.17,112025.66,7617.49,5,1,24,-0.003599,22826.52
C006,2021-11-21,13866.41,9089.45,112025.66,116802.62,4776.96,6,0,25,-0.006597,25153.68
C006,2021-11-22,15909.83,10171.23,116802.62,122541.22,5738.6,0,0,26,-0.010519,22682.39
C006,2021-11-23,11189.95,7107.5,122541.22,126623.67,4082.45,1,0,27,-0.015774,24840.61
C006,2021-11-24,13871.84,8416.05,126623.67,132079.46,5455.79,2,0,28,-0.022927,26622.03
C006,2021-11-25,14321.43,7153.43,132079.46,139247.46,7168.0,3,0,29,-0.032757,27464.92
C006,2021-11-26,10439.42,3187.57,139247.46,146499.31,7251.85,4,1,30,-0.04635,26202.22
C006,2021-11-27,15572.25,107326.8,146499.31,54744.76,-91754.55,5,1,0,0.219997,21930.8
C006,2021-11-28,20330.92,9095.05,54744.76,65980.63,11235.87,6,0,1,0.183421,16975.53
C006,2021-11-29,18374.55,10732.36,65980.63,73622.82,7642.19,0,0,2,0.152926,16124.86
C006,2021-11-30,17821.98,8063.97,73622.82,83380.83,9758.01,1,0,3,0.127499,14640.42
C006,2021-12-01,13372.34,31752.21,83380.83,65000.96,-18379.87,2,0,4,0.106298,37862.14
C006,2021-12-02,12117.54,7974.23,65000.96,69144.27,4143.31,3,0,5,0.08862,19704.3
C006,2021-12-03,9772.14,3947.74,69144.27,74968.67,5824.4,4,1,6,0.073878,16697.5
C006,2021-12-04,13776.17,16721.99,74968.67,72022.85,-2945.82,5,1,7,0.061584,24154.72
C006,2021-12-05,13618.89,36455.9,72022.85,49185.84,-22837.01,6,0,8,0.051328,51594.84
C006,2021-12-06,15594.94,10466.11,49185.84,54314.67,5128.83,0,0,9,0.042771,47561.1
C006,2021-12-07,15586.49,7418.54,54314.67,62482.62,8167.95,1,0,10,0.035627,46060.34
C006,2021-12-08,14250.65,9139.68,62482.62,67593.59,5110.97,2,0,11,0.029657,47533.78
C006,2021-12-09,16296.77,6937.37,67593.59,76952.99,9359.4,3,0,12,0.02466,46102.4
C006,2021-12-10,9575.04,11349.5,76952.99,75178.53,-1774.46,4,1,13,0.020469,55988.76
C006,2021-12-11,12819.75,5051.05,75178.53,82947.23,7768.7,5,1,14,0.016938,40830.1
C006,2021-12-12,14586.73,9007.36,82947.23,88526.6,5579.37,6,0,15,0.013943,40329.09
C006,2021-12-13,14593.19,11160.42,88526.6,91959.37,3432.77,0,0,16,0.011375,43496.53
C006,2021-12-14,15897.34,7653.83,91959.37,100202.88,8243.51,1,0,17,0.009135,41159.02
C006,2021-12-15,14020.33,9799.36,100202.88,104423.85,4220.97,2,0,18,0.00713,43363.48
C006,2021-12-16,18016.19,7707.1,104423.85,114732.94,10309.09,3,0,19,0.005265,23718.36
C006,2021-12-17,9038.81,3436.09,114732.94,120335.66,5602.72,4,1,20,0.003442,22469.73
C006,2021-12-18,10601.79,5161.66,120335.66,125775.79,5440.13,5,1,21,0.001547,22680.59
C006,2021-12-19,13901.17,8865.53,125775.79,130811.43,5035.64,6,0,22,-0.000556,26600.65
C006,2021-12-20,14549.44,10508.69,130811.43,134852.18,4040.75,0,0,23,-0.003041,24771.64
C006,2021-12-21,14078.04,6973.92,134852.18,141956.3,7104.12,1,0,24,-0.006131,24071.06
C006,2021-12-22,13420.33,10153.02,141956.3,145223.61,3267.31,2,0,25,-0.01013,27178.13
C006,2021-12-23,13930.6,7689.93,145223.61,151464.28,6240.67,3,0,26,-0.01545,27688.11
C006,2021-12-24,10819.2,3581.99,151464.28,158701.49,7237.21,4,1,27,-0.022657,26066.1
C006,2021-12-25,12329.05,4318.16,158701.49,166712.38,8010.89,5,1,28,-0.032532,21567.28
C006,2021-12-26,14661.97,8672.82,166712.38,172701.53,5989.15,6,0,29,-0.046163,23349.49
C006,2021-12-27,16777.89,112803.86,172701.53,76675.56,-96025.97,0,0,0,0.219998,123394.22
C006,2021-12-28,13286.81,7006.21,76675.56,82956.16,6280.6,1,0,1,0.183423,13703.11
C006,2021-12-29,17371.27,10579.75,82956.16,89747.68,6791.52,2,0,2,0.152927,13871.21
C006,2021-12-30,15532.61,7259.04,89747.68,98021.25,8273.57,3,0,3,0.127501,15316.88
C006,2021-12-31,8370.81,3528.96,98021.25,102863.1,4841.85,4,1,4,0.106301,16978.47
C006,2022-01-01,11439.98,25454.51,102863.1,88848.57,-14014.53,5,1,5,0.088625,35671.68
C006,2022-01-02,12215.27,9397.67,88848.57,91666.17,2817.6,6,0,6,0.073885,14393.17
C006,2022-01-03,15297.46,10786.06,91666.17,96177.57,4511.4,0,0,7,0.061593,10789.64
C006,2022-01-04,12188.63,7585.52,96177.57,100780.68,4603.11,1,0,8,0.051341,14012.35
C006,2022-01-05,11556.33,10461.24,100780.68,101875.77,1095.09,2,0,9,0.042788,19068.13
C006,2022-01-06,13001.56,6334.37,101875.77,108542.96,6667.19,3,0,10,0.03565,-10371.09
C006,2022-01-07,10143.42,3559.01,108542.96,115127.37,6584.41,4,1,11,0.02969,-10473.52
C006,2022-01-08,12112.6,4184.58,115127.37,123055.39,7928.02,5,1,12,0.024707,-14908.56
C006,2022-01-09,17718.55,9606.65,123055.39,131167.29,8111.9,6,0,13,0.020533,-17934.01
C006,2022-01-10,12930.64,20320.6,131167.29,123777.33,-7389.96,0,0,14,0.017028,-5445.08
C006,2022-01-11,12522.41,7444.05,123777.33,128855.69,5078.36,1,0,15,0.014069,-13097.29
C006,2022-01-12,15991.16,9390.95,128855.69,135455.9,6600.21,2,0,16,0.011551,-13744.81
C006,2022-01-13,13482.33,7576.33,135455.9,141361.9,5906.0,3,0,17,0.009381,-12523.09
C006,2022-01-14,9884.27,3458.84,141361.9,147787.33,6425.43,4,1,18,0.007472,-15199.83
C006,2022-01-15,13615.26,22951.29,147787.33,138451.3,-9336.03,5,1,19,0.005744,-1871.15
C006,2022-01-16,14152.75,9798.66,138451.3,142805.39,4354.09,6,0,20,0.004109,3622.27
C006,2022-01-17,15308.36,9657.37,142805.39,148456.38,5650.99,0,0,21,0.002478,1293.07
C006,2022-01-18,16731.15,7775.45,148456.38,157412.08,8955.7,1,0,22,0.000743,-1128.19
C006,2022-01-19,13009.95,10798.21,157412.08,159623.82,2211.74,2,0,23,-0.001226,3333.27
C006,2022-01-20,14071.91,7668.37,159623.82,166027.36,6403.54,3,0,24,-0.003599,3253.73
C006,2022-01-21,9615.2,3240.82,166027.36,172401.74,6374.38,4,1,25,-0.006597,2213.41
C006,2022-01-22,11248.39,4497.74,172401.74,179152.39,6750.65,5,1,26,-0.010519,-2447.79
C006,2022-01-23,14614.15,8998.95,179152.39,184767.59,5615.2,6,0,27,-0.015774,-2346.41
C006,2022-01-24,13369.57,9857.5,184767.59,188279.66,3512.07,0,0,28,-0.022927,-2305.75
C006,2022-01-25,14102.24,6330.88,188279.66,196051.02,7771.36,1,0,29,-0.032757,-2892.59
C006,2022-01-26,12627.31,8608.55,196051.02,200069.78,4018.76,2,0,30,-0.04635,-618.62
C006,2022-01-27,14242.02,117652.53,200069.78,96659.27,-103410.51,3,0,0,0.219998,109898.37
C006,2022-01-28,10374.49,3414.87,96659.27,103618.89,6959.62,4,1,1,0.183423,2006.58
C006,2022-01-29,14184.73,4465.49,103618.89,113338.13,9719.24,5,1,2,0.152927,-3469.95
C006,2022-01-30,16087.54,9584.1,113338.13,119841.57,6503.44,6,0,3,0.127501,-21391.78
C006,2022-01-31,14174.68,9496.0,119841.57,124520.25,4678.68,0,0,4,0.106301,-23405.89
C006,2022-02-01,11466.64,29927.55,124520.25,106059.34,-18460.91,1,0,5,0.088625,797.99
C006,2022-02-02,11509.66,10601.79,106059.34,106967.21,907.87,2,0,6,0.073885,4522.26
C006,2022-02-03,14471.77,6645.95,106967.21,114793.03,7825.82,3,0,7,0.061593,1620.08
C006,2022-02-04,9663.01,3512.14,114793.03,120943.9,6150.87,4,1,8,0.051341,1279.2
C006,2022-02-05,10546.65,33318.68,120943.9,98171.87,-22772.03,5,1,9,0.042788,26673.22
C006,2022-02-06,15654.81,9172.83,98171.87,104653.85,6481.98,6,0,10,0.03565,27097.11
C006,2022-02-07,13198.8,9705.82,104653.85,108146.83,3492.98,0,0,11,0.02969,28526.52
C006,2022-02-08,12747.23,7660.78,108146.83,113233.28,5086.45,1,0,12,0.024707,21788.0
C006,2022-02-09,14565.16,9466.19,113233.28,118332.25,5098.97,2,0,13,0.020533,21442.64
C006,2022-02-10,13797.41,16371.26,118332.25,115758.4,-2573.85,3,0,14,0.017028,29681.95
C006,2022-02-11,9074.22,3121.53,115758.4,121711.09,5952.69,4,1,15,0.014069,28705.34
C006,2022-02-12,11637.6,4509.88,121711.09,128838.81,7127.72,5,1,16,0.011551,24050.93
C006,2022-02-13,13361.29,9612.6,128838.81,132587.5,3748.69,6,0,17,0.009381,25858.94
C006,2022-02-14,13502.68,9510.03,132587.5,136580.15,3992.65,0,0,18,0.007472,22941.94
C006,2022-02-15,16272.41,6424.9,136580.15,146427.66,9847.51,1,0,19,0.005744,17712.66
C006,2022-02-16,13166.75,9844.96,146427.66,149749.45,3321.79,2,0,20,0.004109,18726.72
C006,2022-02-17,14178.94,7644.5,149749.45,156283.89,6534.44,3,0,21,0.002478,16370.43
C006,2022-02-18,10061.93,3388.73,156283.89,162957.09,6673.2,4,1,22,0.000743,11249.28
C006,2022-02-19,11228.05,4904.05,162957.09,169281.09,6324.0,5,1,23,-0.001226,8714.71
C006,2022-02-20,14480.66,9146.6,169281.09,174615.15,5334.06,6,0,24,-0.003599,8074.44
C006,2022-02-21,11716.19,9626.74,174615.15,176704.6,2089.45,0,0,25,-0.006597,8474.52
C006,2022-02-22,13573.69,7857.11,176704.6,182421.18,5716.58,1,0,26,-0.010519,6194.22
C006,2022-02-23,13006.47,9453.74,182421.18,185973.91,3552.73,2,0,27,-0.015774,6061.59
C006,2022-02-24,14419.12,7234.6,185973.91,193158.43,7184.52,3,0,28,-0.022927,3873.82
C006,2022-02-25,9818.81,3526.08,193158.43,199451.16,6292.73,4,1,29,-0.032757,-108842.84
C006,2022-02-26,11372.2,4265.72,199451.16,206557.64,7106.48,5,1,30,-0.04635,-112495.92
C006,2022-02-27,18041.64,118973.81,206557.64,105625.47,-100932.17,6,0,0,0.219994,-5487.87
C006,2022-02-28,13604.63,9361.92,105625.47,109868.18,4242.71,0,0,1,0.183417,-6479.64
C006,2022-03-01,18001.66,29420.05,109868.18,98449.79,-11418.39,1,0,2,0.15292,12779.29
C006,2022-03-02,12139.65,9475.08,98449.79,101114.36,2664.57,2,0,3,0.127491,-5735.71
C006,2022-03-03,12634.21,6891.24,101114.36,106857.33,5742.97,3,0,4,0.106287,-1982.4
C006,2022-03-04,8471.9,3839.76,106857.33,111489.47,4632.14,4,1,5,0.088605,4375.71
C006,2022-03-05,9549.73,4626.09,111489.47,116413.11,4923.64,5,1,6,0.073857,4571.49
C006,2022-03-06,15659.1,9849.11,116413.11,122223.1,5809.99,6,0,7,0.061555,2192.12
C006,2022-03-07,12675.52,10053.53,122223.1,124845.09,2621.99,0,0,8,0.051287,1175.89
C006,2022-03-08,14489.8,7583.93,124845.09,131750.96,6905.87,1,0,9,0.042714,536.07
C006,2022-03-09,14884.81,9962.42,131750.96,136673.35,4922.39,2,0,10,0.035547,2839.81
C006,2022-03-10,15166.23,16818.3,136673.35,135021.28,-1652.07,3,0,11,0.029545,10716.19
C006,2022-03-11,8492.06,3738.45,135021.28,139774.89,4753.61,4,1,12,0.024505,1637.41
C006,2022-03-12,10391.05,4725.59,139774.89,145440.35,5665.46,5,1,13,0.020252,-2753.73
C006,2022-03-13,15056.15,10080.07,145440.35,150416.43,4976.08,6,0,14,0.016636,-1246.83
C006,2022-03-14,13786.51,11313.2,150416.43,152889.74,2473.31,0,0,15,0.013521,2981.94
C006,2022-03-15,13469.19,7912.49,152889.74,158446.44,5556.7,1,0,16,0.010787,7551.69
C006,2022-03-16,11937.96,10862.31,158446.44,159522.09,1075.65,2,0,17,0.008314,-4396.75
C006,2022-03-17,13502.31,8884.08,159522.09,164140.32,4618.23,3,0,18,0.005984,1574.45
C006,2022-03-18,8166.94,3831.09,164140.32,168476.17,4335.85,4,1,19,0.003666,3910.1
C006,2022-03-19,8996.47,4818.32,168476.17,172654.32,4178.15,5,1,20,0.001211,1857.05
C006,2022-03-20,12509.4,10957.35,172654.32,174206.37,1552.05,6,0,21,-0.001567,7823.79
C006,2022-03-21,14506.67,10717.24,174206.37,177995.8,3789.43,0,0,22,-0.004903,6697.01
C006,2022-03-22,13190.77,8496.98,177995.8,182689.59,4693.79,1,0,23,-0.009106,7788.11
C006,2022-03-23,13319.71,10830.18,182689.59,185179.12,2489.53,2,0,24,-0.014596,9801.03
C006,2022-03-24,11639.16,8202.88,185179.12,188615.4,3436.28,3,0,25,-0.021945,13939.38
C006,2022-03-25,7342.86,3922.76,188615.4,192035.5,3420.1,4,1,26,-0.031938,21603.89
C006,2022-03-26,9941.17,4944.42,192035.5,197032.25,4996.75,5,1,27,-0.045668,26710.22
C006,2022-03-27,12180.58,118604.51,197032.25,90608.32,-106423.93,6,0,0,0.219998,141818.61
C006,2022-03-28,13215.41,9762.01,90608.32,94061.72,3453.4,0,0,1,0.183423,38437.77
C006,2022-03-29,13375.89,7300.01,94061.72,100137.6,6075.88,1,0,2,0.152927,47014.96
C006,2022-03-30,12534.35,9283.41,100137.6,103388.54,3250.94,2,0,3,0.127501,54018.02
C006,2022-03-31,15447.53,7606.99,103388.54,111229.08,7840.54,3,0,4,0.106301,58527.9
C006,2022-04-01,9926.51,25776.94,111229.08,95378.65,-15850.43,4,1,5,0.088625,68185.31
C006,2022-04-02,14125.87,4629.59,95378.65,104874.93,9496.28,5,1,6,0.073885,58722.96
C006,2022-04-03,19183.47,8193.22,104874.93,115865.18,10990.25,6,0,7,0.061593,48557.67
C006,2022-04-04,15578.58,10459.16,115865.18,120984.6,5119.42,0,0,8,0.051341,39882.55
C006,2022-04-05,11578.79,8148.17,120984.6,124415.22,3430.62,1,0,9,0.042788,39897.7
C006,2022-04-06,11998.69,10392.93,124415.22,126020.98,1605.76,2,0,10,0.03565,41894.35
C006,2022-04-07,13776.82,7510.77,126020.98,132287.03,6266.05,3,0,11,0.02969,39272.08
C006,2022-04-08,10610.33,3384.2,132287.03,139513.16,7226.13,4,1,12,0.024707,35522.72
C006,2022-04-09,10897.45,4673.14,139513.16,145737.47,6224.31,5,1,13,0.020533,20595.88
C006,2022-04-10,14677.24,19002.41,145737.47,141412.3,-4325.17,6,0,14,0.017028,19481.21
C006,2022-04-11,11750.34,10476.02,141412.3,142686.62,1274.32,0,0,15,0.014069,20749.41
C006,2022-04-12,14611.59,8128.61,142686.62,149169.6,6482.98,1,0,16,0.011551,19829.85
C006,2022-04-13,17621.34,10919.26,149169.6,155871.68,6702.08,2,0,17,0.009381,19163.44
C006,2022-04-14,17450.79,7324.34,155871.68,165998.13,10126.45,3,0,18,0.007472,17154.16
C006,2022-04-15,11540.16,22412.95,165998.13,155125.34,-10872.79,4,1,19,0.005744,32347.95
C006,2022-04-16,15482.83,4893.4,155125.34,165714.77,10589.43,5,1,20,0.004109,21975.81
C006,2022-04-17,16991.73,10320.23,165714.77,172386.27,6671.5,6,0,21,0.002478,17910.37
C006,2022-04-18,13027.67,10902.57,172386.27,174511.37,2125.1,0,0,22,0.000743,19231.54
C006,2022-04-19,14811.74,7292.95,174511.37,182030.16,7518.79,1,0,23,-0.001226,19359.06
C006,2022-04-20,13389.52,10726.87,182030.16,184692.81,2662.65,2,0,24,-0.003599,21060.37
C006,2022-04-21,13788.92,8004.03,184692.81,190477.7,5784.89,3,0,25,-0.006597,20174.33
C006,2022-04-22,8268.41,3765.96,190477.7,194980.15,4502.45,4,1,26,-0.010519,18642.66
C006,2022-04-23,12419.39,4844.76,194980.15,202554.78,7574.63,5,1,27,-0.015774,13440.91
C006,2022-04-24,19649.62,8565.01,202554.78,213639.39,11084.61,6,0,28,-0.022927,7084.7
C006,2022-04-25,19406.05,9302.97,213639.39,223742.47,10103.08,0,0,29,-0.032757,490.05
C006,2022-04-26,16583.46,7899.0,223742.47,232426.93,8684.46,1,0,30,-0.04635,-5228.42
C006,2022-04-27,19191.08,119118.52,232426.93,132499.49,-99927.44,2,0,0,0.219997,-9050.19
C006,2022-04-28,22281.3,7628.23,132499.49,147152.56,14653.07,3,0,1,0.183421,-17826.98
C006,2022-04-29,14080.62,3826.62,147152.56,157406.56,10254.0,4,1,2,0.152926,-24034.77
C006,2022-04-30,17980.59,5630.17,157406.56,169756.98,12350.42,5,1,3,0.127499,-33588.25
C006,2022-05-01,27374.56,33567.58,169756.98,163563.96,-6193.02,6,0,4,0.106298,-21216.79
C006,2022-05-02,14179.23,14145.3,163563.96,163597.89,33.93,0,0,5,0.08862,-41249.83
C006,2022-05-03,9615.97,8791.01,163597.89,164422.85,824.96,1,0,6,0.073878,-35101.48
C006,2022-05-04,9014.02,12569.72,164422.85,160867.15,-3555.7,2,0,7,0.061584,-26770.8
C006,2022-05-05,11445.4,7999.63,160867.15,164312.92,3445.77,3,0,8,0.051328,-23699.37
C006,2022-05-06,7134.4,3531.99,164312.92,167915.33,3602.41,4,1,9,0.042771,-23006.35
C006,2022-05-07,8735.4,5091.62,167915.33,171559.11,3643.78,5,1,10,0.035627,-24271.92
C006,2022-05-08,12245.85,8769.08,171559.11,175035.88,3476.77,6,0,11,0.029657,-23440.46
C006,2022-05-09,10202.22,18904.75,175035.88,166333.35,-8702.53,0,0,12,0.02466,-11929.4
C006,2022-05-10,10073.38,15513.22,166333.35,160893.51,-5439.84,1,0,13,0.020469,-3115.18
C006,2022-05-11,10818.32,8275.8,160893.51,163436.03,2542.52,2,0,14,0.016938,-13268.74
C006,2022-05-12,11807.62,6244.2,163436.03,168999.45,5563.42,3,0,15,0.013943,-11451.84
C006,2022-05-13,9301.09,3265.42,168999.45,175035.12,6035.67,4,1,16,0.011375,-12718.1
C006,2022-05-14,12319.85,4202.68,175035.12,183152.29,8117.17,5,1,17,0.009135,-18862.49
C006,2022-05-15,13162.94,8841.94,183152.29,187473.29,4321.0,6,0,18,0.00713,-20965.27
C006,2022-05-16,9855.96,9638.67,187473.29,187690.58,217.29,0,0,19,0.005265,-19965.98
C006,2022-05-17,9719.09,7113.03,187690.58,190296.64,2606.06,1,0,20,0.003442,-19515.57
C006,2022-05-18,12655.32,9209.05,190296.64,193742.91,3446.27,2,0,21,0.001547,-19806.9
C006,2022-05-19,13942.04,6295.73,193742.91,201389.22,7646.31,3,0,22,-0.000556,-24124.65
C006,2022-05-20,7590.4,3226.44,201389.22,205753.18,4363.96,4,1,23,-0.003041,-26942.75
C006,2022-05-21,9141.21,4242.36,205753.18,210652.03,4898.85,5,1,24,-0.006131,-28349.87
C006,2022-05-22,12024.26,9053.48,210652.03,213622.81,2970.78,6,0,25,-0.01013,-28527.94
C006,2022-05-23,11234.53,8861.65,213622.81,215995.69,2372.88,0,0,26,-0.01545,-30539.0
C006,2022-05-24,11979.48,7251.08,215995.69,220724.09,4728.4,1,0,27,-0.022657,-31820.98
C006,2022-05-25,11390.61,7882.18,220724.09,224232.52,3508.43,2,0,28,-0.032532,-30787.07
C006,2022-05-26,9579.27,6613.28,224232.52,227198.51,2965.99,3,0,29,-0.046163,-28264.18
C006,2022-05-27,6859.45,110608.66,227198.51,123449.3,-103749.21,4,1,0,0.219998,78678.38
C006,2022-05-28,10070.99,4194.71,123449.3,129325.58,5876.28,5,1,1,0.183423,-31880.26
C006,2022-05-29,12637.95,8591.74,129325.58,133371.79,4046.21,6,0,2,0.152927,-30766.36
C006,2022-05-30,11565.47,8768.53,133371.79,136168.73,2796.94,0,0,3,0.127501,-33315.56
C006,2022-05-31,12577.45,6399.01,136168.73,142347.17,6178.44,1,0,4,0.106301,-35729.4
C006,2022-06-01,10438.1,30437.21,142347.17,122348.06,-19999.11,2,0,5,0.088625,-33172.88
C006,2022-06-02,12931.69,5958.38,122348.06,129321.37,6973.31,3,0,6,0.073885,-34716.66
C006,2022-06-03,7808.35,3033.37,129321.37,134096.35,4774.98,4,1,7,0.061593,-36230.05
C006,2022-06-04,10547.18,4029.98,134096.35,140613.55,6517.2,5,1,8,0.051341,-38490.53
C006,2022-06-05,12457.19,8161.76,140613.55,144908.98,4295.43,6,0,9,0.042788,-37845.12
C006,2022-06-06,11685.62,9307.41,144908.98,147287.19,2378.21,0,0,10,0.03565,-37200.52
C006,2022-06-07,11188.16,6879.93,147287.19,151595.42,4308.23,1,0,11,0.02969,-36307.05
C006,2022-06-08,11428.69,8620.16,151595.42,154403.95,2808.53,2,0,12,0.024707,-35103.4
C006,2022-06-09,10895.98,7521.6,154403.95,157778.33,3374.38,3,0,13,0.020533,-33546.25
C006,2022-06-10,6673.52,14284.56,157778.33,150167.29,-7611.04,4,1,14,0.017028,-36384.67
C006,2022-06-11,11258.04,3877.72,150167.29,157547.61,7380.32,5,1,15,0.014069,-41964.45
C006,2022-06-12,12938.09,8168.68,157547.61,162317.02,4769.41,6,0,16,0.011551,-45954.64
C006,2022-06-13,11128.2,9155.42,162317.02,164289.8,1972.78,0,0,17,0.009381,-48429.09
C006,2022-06-14,9814.94,7596.72,164289.8,166508.02,2218.22,1,0,18,0.007472,-47182.94
C006,2022-06-15,9895.46,8678.88,166508.02,167724.6,1216.58,2,0,19,0.005744,-62488.39
C006,2022-06-16,10183.77,7127.3,167724.6,170781.07,3056.47,3,0,20,0.004109,-60606.94
C006,2022-06-17,6215.68,3060.74,170781.07,173936.01,3154.94,4,1,21,0.002478,-58473.12
C006,2022-06-18,7523.45,4194.89,173936.01,177264.57,3328.56,5,1,22,0.000743,-61066.73
C006,2022-06-19,9446.94,7901.08,177264.57,178810.43,1545.86,6,0,23,-0.001226,-59844.76
C006,2022-06-20,11424.58,7932.85,178810.43,182302.16,3491.73,0,0,24,-0.003599,-61660.08
C006,2022-06-21,9388.23,6595.52,182302.16,185094.87,2792.71,1,0,25,-0.006597,-59665.86
C006,2022-06-22,9073.37,8711.55,185094.87,185456.69,361.82,2,0,26,-0.010519,-56744.95
C006,2022-06-23,9681.01,6234.59,185456.69,188903.11,3446.42,3,0,27,-0.015774,-55582.88
C006,2022-06-24,7526.5,2984.16,188903.11,193445.45,4542.34,4,1,28,-0.022927,-57419.34
C006,2022-06-25,8970.96,3482.08,193445.45,198934.33,5488.88,5,1,29,-0.032757,-62170.4
C006,2022-06-26,10491.27,7297.92,198934.33,202127.68,3193.35,6,0,30,-0.04635,-64098.93
C006,2022-06-27,12279.58,116961.94,202127.68,97445.32,-104682.36,0,0,0,0.219997,-65779.83
C006,2022-06-28,11212.95,6052.84,97445.32,102605.43,5160.11,1,0,1,0.183421,-64205.78
C006,2022-06-29,8463.26,8215.52,102605.43,102853.17,247.74,2,0,2,0.152926,-58495.37
C006,2022-06-30,10442.47,6677.87,102853.17,106617.77,3764.6,3,0,3,0.127499,-57136.42
C006,2022-07-01,8055.84,25498.43,106617.77,89175.18,-17442.59,4,1,4,0.106298,-35090.32
C006,2022-07-02,9380.93,3951.4,89175.18,94604.71,5429.53,5,1,5,0.08862,-58447.64
C006,2022-07-03,10979.11,7717.52,94604.71,97866.3,3261.59,6,0,6,0.073878,-57806.48
C006,2022-07-04,12336.58,8079.86,97866.3,102123.02,4256.72,0,0,7,0.061584,-56470.19
C006,2022-07-05,11623.18,6682.34,102123.02,107063.86,4940.84,1,0,8,0.051328,-57430.25
C006,2022-07-06,11789.71,8766.9,107063.86,110086.67,3022.81,2,0,9,0.042771,-56257.89
C006,2022-07-07,11520.3,6318.6,110086.67,115288.37,5201.7,3,0,10,0.035627,-55156.39
C006,2022-07-08,7550.53,3538.35,115288.37,119300.55,4012.18,4,1,11,0.029657,-57292.64
C006,2022-07-09,9318.56,4387.03,119300.55,124232.08,4931.53,5,1,12,0.02466,-58444.5
C006,2022-07-10,10444.17,20893.63,124232.08,113782.62,-10449.46,6,0,13,0.020469,-42445.23
C006,2022-07-11,10031.34,8230.8,113782.62,115583.16,1800.54,0,0,14,0.016938,-51889.97
C006,2022-07-12,7203.1,6423.88,115583.16,116362.38,779.22,1,0,15,0.013943,-46335.54
C006,2022-07-13,7658.41,8160.08,116362.38,115860.71,-501.67,2,0,16,0.011375,-41517.62
C006,2022-07-14,9435.8,5971.43,115860.71,119325.08,3464.37,3,0,17,0.009135,-37696.04
C006,2022-07-15,7756.5,21845.37,119325.08,105236.21,-14088.87,4,1,18,0.00713,-22228.8
C006,2022-07-16,8741.92,3804.0,105236.21,110174.13,4937.92,5,1,19,0.005265,-25489.23
C006,2022-07-17,12835.22,7546.46,110174.13,115462.89,5288.76,6,0,20,0.003442,-28776.87
C006,2022-07-18,9777.68,9042.73,115462.89,116197.84,734.95,0,0,21,0.001547,-29058.25
C006,2022-07-19,8879.11,6111.28,116197.84,118965.67,2767.83,1,0,22,-0.000556,-24002.38
C006,2022-07-20,9699.16,8022.75,118965.67,120642.08,1676.41,2,0,23,-0.003041,-17106.61
C006,2022-07-21,11005.34,6218.41,120642.08,125429.01,4786.93,3,0,24,-0.006131,-13410.34
C006,2022-07-22,6379.77,3097.04,125429.01,128711.74,3282.73,4,1,25,-0.01013,-10641.22
C006,2022-07-23,8483.58,3875.09,128711.74,133320.23,4608.49,5,1,26,-0.01545,-15904.33
C006,2022-07-24,10546.36,7840.48,133320.23,136026.11,2705.88,6,0,27,-0.022657,-13602.24
C006,2022-07-25,9653.79,8915.97,136026.11,136763.93,737.82,0,0,28,-0.032532,-13114.15
C006,2022-07-26,7782.16,6517.34,136763.93,138028.75,1264.82,1,0,29,-0.046163,-8115.2
C006,2022-07-27,10333.76,116697.02,138028.75,31665.49,-106363.26,2,0,0,0.219998,101949.12
C006,2022-07-28,12653.24,5919.08,31665.49,38399.65,6734.16,3,0,1,0.183423,-7477.58
C006,2022-07-29,8790.03,2831.88,38399.65,44357.8,5958.15,4,1,2,0.152927,-4491.19
C006,2022-07-30,9581.38,4457.83,44357.8,49481.35,5123.55,5,1,3,0.127501,-1308.36
C006,2022-07-31,12445.45,7841.94,49481.35,54084.86,4603.51,6,0,4,0.106301,7734.66
C006,2022-08-01,12851.6,30779.39,54084.86,36157.07,-17927.79,0,0,5,0.088625,30033.76
C006,2022-08-02,10584.62,6681.87,36157.07,40059.82,3902.75,1,0,6,0.073885,14277.39
C006,2022-08-03,13575.13,7982.12,40059.82,45652.83,5593.01,2,0,7,0.061593,15959.2
C006,2022-08-04,11183.18,7202.4,45652.83,49633.61,3980.78,3,0,8,0.051341,19496.06
C006,2022-08-05,7482.53,3287.36,49633.61,53828.78,4195.17,4,1,9,0.042788,20948.45
C006,2022-08-06,10536.25,4233.05,53828.78,60131.98,6303.2,5,1,10,0.03565,19671.45
C006,2022-08-07,11602.84,9726.91,60131.98,62007.91,1875.93,6,0,11,0.02969,22104.4
C006,2022-08-08,14054.45,10274.78,62007.91,65787.58,3779.67,0,0,12,0.024707,19186.83
C006,2022-08-09,12743.18,7193.37,65787.58,71337.39,5549.81,1,0,13,0.020533,20598.29
C006,2022-08-10,14484.75,22128.95,71337.39,63693.19,-7644.2,2,0,14,0.017028,33158.09
C006,2022-08-11,13284.66,6951.01,63693.19,70026.84,6333.65,3,0,15,0.014069,25451.58
C006,2022-08-12,7947.5,3631.25,70026.84,74343.09,4316.25,4,1,16,0.011551,23844.87
C006,2022-08-13,12102.91,4816.96,74343.09,81629.04,7285.95,5,1,17,0.009381,14656.53
C006,2022-08-14,11950.47,10572.1,81629.04,83007.41,1378.37,6,0,18,0.007472,15463.81
C006,2022-08-15,12879.64,11202.15,83007.41,84684.9,1677.49,0,0,19,0.005744,17165.82
C006,2022-08-16,10372.19,8371.07,84684.9,86686.02,2001.12,1,0,20,0.004109,20698.47
C006,2022-08-17,10557.83,10104.26,86686.02,87139.59,453.57,2,0,21,0.002478,25868.79
C006,2022-08-18,14883.32,7059.62,87139.59,94963.29,7823.7,3,0,22,0.000743,28370.97
C006,2022-08-19,12047.88,3475.7,94963.29,103535.47,8572.18,4,1,23,-0.001226,27573.29
C006,2022-08-20,13558.48,5075.28,103535.47,112018.67,8483.2,5,1,24,-0.003599,23706.65
C006,2022-08-21,15525.33,9473.48,112018.67,118070.52,6051.85,6,0,25,-0.006597,24325.94
C006,2022-08-22,10740.93,11395.55,118070.52,117415.9,-654.62,0,0,26,-0.010519,29916.89
C006,2022-08-23,13054.47,8046.5,117415.9,122423.87,5007.97,1,0,27,-0.015774,35790.84
C006,2022-08-24,11234.19,10008.28,122423.87,123649.78,1225.91,2,0,28,-0.022927,43788.1
C006,2022-08-25,13704.97,7441.2,123649.78,129913.55,6263.77,3,0,29,-0.032757,48857.74
C006,2022-08-26,7768.58,4067.52,129913.55,133614.61,3701.06,4,1,30,-0.04635,55452.82
C006,2022-08-27,12711.24,115403.78,133614.61,30922.07,-102692.54,5,1,0,0.219998,159641.36
C006,2022-08-28,17608.58,8664.04,30922.07,39866.61,8944.54,6,0,1,0.183423,50634.73
C006,2022-08-29,18628.84,10322.46,39866.61,48172.99,8306.38,0,0,2,0.152927,51076.53
C006,2022-08-30,21371.23,7724.7,48172.99,61819.52,13646.53,1,0,3,0.127501,48962.55
C006,2022-08-31,15452.44,11081.13,61819.52,66190.83,4371.31,2,0,4,0.106301,52115.72
C006,2022-09-01,18290.68,30144.3,66190.83,54337.21,-11853.62,3,0,5,0.088625,52058.19
C006,2022-09-02,11191.18,3916.36,54337.21,61612.03,7274.82,4,1,6,0.073885,51167.71
C006,2022-09-03,13598.44,6080.8,61612.03,69129.67,7517.64,5,1,7,0.061593,48048.04
C006,2022-09-04,16771.66,11124.1,69129.67,74777.23,5647.56,6,0,8,0.051341,48508.51
C006,2022-09-05,16476.92,11450.72,74777.23,79803.43,5026.2,0,0,9,0.042788,45880.14
C006,2022-09-06,13388.43,9079.55,79803.43,84112.31,4308.88,1,0,10,0.03565,50880.66
C006,2022-09-07,12696.92,11834.82,84112.31,84974.41,862.1,2,0,11,0.02969,56631.66
C006,2022-09-08,15743.13,8781.86,84974.41,91935.68,6961.27,3,0,12,0.024707,58441.48
C006,2022-09-09,8712.6,3797.0,91935.68,96851.28,4915.6,4,1,13,0.020533,59295.95
C006,2022-09-10,14068.55,15441.41,96851.28,95478.42,-1372.86,5,1,14,0.017028,52616.82
C006,2022-09-11,13671.37,10961.83,95478.42,98187.96,2709.54,6,0,15,0.014069,56253.02
C006,2022-09-12,11110.88,13013.27,98187.96,96285.57,-1902.39,0,0,16,0.011551,60680.75
C006,2022-09-13,11288.13,9102.48,96285.57,98471.22,2185.65,1,0,17,0.009381,67453.26
C006,2022-09-14,14742.38,11362.88,98471.22,101850.72,3379.5,2,0,18,0.007472,70137.03
C006,2022-09-15,14626.8,9093.03,101850.72,107384.49,5533.77,3,0,19,0.005744,54376.18
C006,2022-09-16,9409.44,3785.55,107384.49,113008.38,5623.89,4,1,20,0.004109,57970.33
C006,2022-09-17,15203.35,4877.47,113008.38,123334.26,10325.88,5,1,21,0.002478,53339.07
C006,2022-09-18,17338.29,9563.79,123334.26,131108.76,7774.5,6,0,22,0.000743,49643.58
C006,2022-09-19,15277.17,10660.61,131108.76,135725.32,4616.56,0,0,23,-0.001226,43114.26
C006,2022-09-20,14701.17,8030.03,135725.32,142396.46,6671.14,1,0,24,-0.003599,42343.08
C006,2022-09-21,17045.74,12109.41,142396.46,147332.79,4936.33,2,0,25,-0.006597,43425.35
C006,2022-09-22,19395.5,8513.58,147332.79,158214.71,10881.92,3,0,26,-0.010519,41613.98
C006,2022-09-23,12635.87,3412.7,158214.71,167437.88,9223.17,4,1,27,-0.015774,40004.01
C006,2022-09-24,16590.3,5256.89,167437.88,178771.29,11333.41,5,1,28,-0.022927,33402.91
C006,2022-09-25,21649.79,11353.65,178771.29,189067.43,10296.14,6,0,29,-0.032757,33308.54
C006,2022-09-26,13830.9,12334.9,189067.43,190563.43,1496.0,0,0,30,-0.04635,36398.48
C006,2022-09-27,18371.47,118433.56,190563.43,90501.34,-100062.09,1,0,0,0.219997,38072.87
C006,2022-09-28,21539.25,12791.07,90501.34,99249.52,8748.18,2,0,1,0.183421,41570.95
C006,2022-09-29,21071.63,9539.08,99249.52,110782.07,11532.55,3,0,2,0.152926,40218.78
C006,2022-09-30,11771.22,4246.74,110782.07,118306.55,7524.48,4,1,3,0.127499,40503.31
C006,2022-10-01,15764.64,27675.79,118306.55,106395.4,-11911.15,5,1,4,0.106298,58145.13
C006,2022-10-02,16984.51,10600.17,106395.4,112779.74,6384.34,6,0,5,0.08862,35616.73
C006,2022-10-03,16856.24,12458.27,112779.74,117177.71,4397.97,0,0,6,0.073878,35388.61
C006,2022-10-04,14974.17,8866.14,117177.71,123285.74,6108.03,1,0,7,0.061584,37842.3
C006,2022-10-05,15671.37,13273.54,123285.74,125683.57,2397.83,2,0,8,0.051328,42491.78
C006,2022-10-06,18357.08,9047.68,125683.57,134992.97,9309.4,3,0,9,0.042771,41770.48
C006,2022-10-07,10467.55,3854.45,134992.97,141606.07,6613.1,4,1,10,0.035627,41641.96
C006,2022-10-08,14258.95,5487.86,141606.07,150377.16,8771.09,5,1,11,0.029657,37583.55
C006,2022-10-09,15887.77,10117.7,150377.16,156147.23,5770.07,6,0,12,0.02466,40088.92
C006,2022-10-10,13045.95,21097.94,156147.23,148095.24,-8051.99,0,0,13,0.020469,51289.91
C006,2022-10-11,14947.83,8602.09,148095.24,154440.98,6345.74,1,0,14,0.016938,46409.76
C006,2022-10-12,14708.67,12183.33,154440.98,156966.32,2525.34,2,0,15,0.013943,50280.72
C006,2022-10-13,16432.79,7474.63,156966.32,165924.48,8958.16,3,0,16,0.011375,48808.51
C006,2022-10-14,10068.92,4005.65,165924.48,171987.75,6063.27,4,1,17,0.009135,47776.98
C006,2022-10-15,13898.97,24126.05,171987.75,161760.67,-10227.08,5,1,18,0.00713,62166.65
C006,2022-10-16,19325.18,10107.14,161760.67,170978.71,9218.04,6,0,19,0.005265,59236.67
C006,2022-10-17,16242.93,10548.31,170978.71,176673.33,5694.62,0,0,20,0.003442,57946.35
C006,2022-10-18,13001.59,8922.58,176673.33,180752.34,4079.01,1,0,21,0.001547,60660.51
C006,2022-10-19,10169.42,12082.18,180752.34,178839.58,-1912.76,2,0,22,-0.000556,68647.77
C006,2022-10-20,13416.21,7516.25,178839.58,184739.54,5899.96,3,0,23,-0.003041,74401.66
C006,2022-10-21,9817.57,3798.97,184739.54,190758.14,6018.6,4,1,24,-0.006131,73797.68
C006,2022-10-22,14145.05,5074.5,190758.14,199828.69,9070.55,5,1,25,-0.01013,69775.7
C006,2022-10-23,17070.54,9457.34,199828.69,207441.89,7613.2,6,0,26,-0.01545,65963.4
C006,2022-10-24,14750.9,10018.59,207441.89,212174.2,4732.31,0,0,27,-0.022657,64294.59
C006,2022-10-25,18271.65,8069.88,212174.2,222375.97,10201.77,1,0,28,-0.032532,62520.93
C006,2022-10-26,15055.98,10470.04,222375.97,226961.91,4585.94,2,0,29,-0.046163,62529.14
C006,2022-10-27,21371.98,119759.68,226961.91,128574.21,-98387.7,3,0,0,0.219998,170917.8
C006,2022-10-28,16194.33,3948.07,128574.21,140820.47,12246.26,4,1,1,0.183423,63841.22
C006,2022-10-29,15837.39,5657.01,140820.47,151000.85,10180.38,5,1,2,0.152927,59301.99
C006,2022-10-30,18869.55,11060.54,151000.85,158809.86,7809.01,6,0,3,0.127501,61847.65
C006,2022-10-31,16726.81,10996.14,158809.86,164540.53,5730.67,0,0,4,0.106301,63311.66
C006,2022-11-01,14953.29,31097.35,164540.53,148396.47,-16144.06,1,0,5,0.088625,67698.37
C006,2022-11-02,16543.84,12373.99,148396.47,152566.32,4169.85,2,0,6,0.073885,74147.38
C006,2022-11-03,17606.5,9044.78,152566.32,161128.04,8561.72,3,0,7,0.061593,76487.11
C006,2022-11-04,11003.2,3955.89,161128.04,168175.35,7047.31,4,1,8,0.051341,74181.1
C006,2022-11-05,13762.78,5174.68,168175.35,176763.45,8588.1,5,1,9,0.042788,68350.91
C006,2022-11-06,17154.75,10670.17,176763.45,183248.03,6484.58,6,0,10,0.03565,69890.89
C006,2022-11-07,16257.94,11545.26,183248.03,187960.71,4712.68,0,0,11,0.02969,67307.03
C006,2022-11-08,17465.73,9190.29,187960.71,196236.15,8275.44,1,0,12,0.024707,68674.88
C006,2022-11-09,14685.57,11536.57,196236.15,199385.15,3149.0,2,0,13,0.020533,72479.71
C006,2022-11-10,18819.57,17353.98,199385.15,200850.74,1465.59,3,0,14,0.017028,70638.85
C006,2022-11-11,10611.79,4215.49,200850.74,207247.04,6396.3,4,1,15,0.014069,68910.27
C006,2022-11-12,12724.31,5238.36,207247.04,214732.99,7485.95,5,1,16,0.011551,65530.02
C006,2022-11-13,15403.45,10371.71,214732.99,219764.73,5031.74,6,0,17,0.009381,68150.18
C006,2022-11-14,15064.12,10901.53,219764.73,223927.32,4162.59,0,0,18,0.007472,65947.09
C006,2022-11-15,15022.86,8734.8,223927.32,230215.38,6288.06,1,0,19,0.005744,68737.08
C006,2022-11-16,14796.75,10392.45,230215.38,234619.68,4404.3,2,0,20,0.004109,71153.39
C006,2022-11-17,14813.16,8019.99,234619.68,241412.85,6793.17,3,0,21,0.002478,71403.99
C006,2022-11-18,9921.8,3847.3,241412.85,247487.35,6074.5,4,1,22,0.000743,69593.78
C006,2022-11-19,16798.1,5144.25,247487.35,259141.2,11653.85,5,1,23,-0.001226,58287.68
C006,2022-11-20,15322.41,9907.79,259141.2,264555.82,5414.62,6,0,24,-0.003599,59670.82
C006,2022-11-21,15048.39,9999.82,264555.82,269604.39,5048.57,0,0,25,-0.006597,59387.83
C006,2022-11-22,12343.11,8542.21,269604.39,273405.29,3800.9,1,0,26,-0.010519,64209.83
C006,2022-11-23,14232.27,11168.77,273405.29,276468.79,3063.5,2,0,27,-0.015774,65791.38
C006,2022-11-24,16326.54,7898.43,276468.79,284896.9,8428.11,3,0,28,-0.022927,65145.46
C006,2022-11-25,8761.86,4167.71,284896.9,289491.05,4594.15,4,1,29,-0.032757,65488.11
C006,2022-11-26,15146.93,5145.97,289491.05,299492.01,10000.96,5,1,30,-0.04635,58211.07
C006,2022-11-27,24441.25,119271.57,299492.01,204661.69,-94830.32,6,0,0,0.219997,55548.63
C006,2022-11-28,18166.97,12525.82,204661.69,210302.84,5641.15,0,0,1,0.183421,60415.53
C006,2022-11-29,18906.18,8551.51,210302.84,220657.51,10354.67,1,0,2,0.152926,59183.6
C006,2022-11-30,19480.56,12285.88,220657.51,227852.19,7194.68,2,0,3,0.127499,61043.31
C006,2022-12-01,19212.16,30969.51,227852.19,216094.84,-11757.35,3,0,4,0.106298,81340.53
C006,2022-12-02,14826.0,4207.14,216094.84,226713.7,10618.86,4,1,5,0.08862,55676.51
C006,2022-12-03,16759.28,5857.83,226713.7,237615.15,10901.45,5,1,6,0.073878,50109.56
C006,2022-12-04,17064.89,12323.59,237615.15,242356.45,4741.3,6,0,7,0.061584,52966.98
C006,2022-12-05,15761.88,13003.97,242356.45,245114.36,2757.91,0,0,8,0.051328,54536.76
C006,2022-12-06,16333.43,8308.87,245114.36,253138.92,8024.56,1,0,9,0.042771,42913.06
C006,2022-12-07,14726.25,12597.43,253138.92,255267.74,2128.82,2,0,10,0.035627,46074.91
C006,2022-12-08,17453.4,7810.11,255267.74,264911.03,9643.29,3,0,11,0.029657,43907.98
C006,2022-12-09,11079.7,4125.87,264911.03,271864.86,6953.83,4,1,12,0.02466,48410.93
C006,2022-12-10,14523.93,14899.2,271864.86,271489.59,-375.27,5,1,13,0.020469,53456.63
C006,2022-12-11,14979.61,10311.89,271489.59,276157.31,4667.72,6,0,14,0.016938,46569.13
C006,2022-12-12,15609.53,11503.83,276157.31,280263.01,4105.7,0,0,15,0.013943,45742.42
C006,2022-12-13,15833.49,8181.59,280263.01,287914.91,7651.9,1,0,16,0.011375,45477.25
C006,2022-12-14,12593.46,10633.96,287914.91,289874.41,1959.5,2,0,17,0.009135,50682.91
C006,2022-12-15,17128.04,8049.99,289874.41,298952.46,9078.05,3,0,18,0.00713,48086.79
C006,2022-12-16,10698.82,3878.21,298952.46,305773.07,6820.61,4,1,19,0.005265,26754.55
C006,2022-12-17,12264.62,5220.85,305773.07,312816.84,7043.77,5,1,20,0.003442,25103.24
C006,2022-12-18,14209.63,9945.34,312816.84,317081.13,4264.29,6,0,21,0.001547,28613.47
C006,2022-12-19,11724.53,11376.78,317081.13,317428.88,347.75,0,0,22,-0.000556,31380.11
C006,2022-12-20,14613.82,7816.06,317428.88,324226.64,6797.76,1,0,23,-0.003041,35762.52
C006,2022-12-21,14677.77,9912.19,324226.64,328992.22,4765.58,2,0,24,-0.006131,39546.36
C006,2022-12-22,16722.75,8099.85,328992.22,337615.12,8622.9,3,0,25,-0.01013,39498.96
C006,2022-12-23,8264.11,3619.06,337615.12,342260.17,4645.05,4,1,26,-0.01545,40509.42
C006,2022-12-24,12744.73,4962.54,342260.17,350042.36,7782.19,5,1,27,-0.022657,34632.27
C006,2022-12-25,14341.9,9405.1,350042.36,354979.16,4936.8,6,0,28,-0.032532,35533.61
C006,2022-12-26,13321.71,10597.79,354979.16,357703.08,2723.92,0,0,29,-0.046163,39441.96
C006,2022-12-27,21720.04,119212.8,357703.08,260210.32,-97492.76,1,0,0,0.219998,146982.87
C006,2022-12-28,21313.74,10805.69,260210.32,270718.37,10508.05,2,0,1,0.183423,28728.08
C006,2022-12-29,17744.49,8621.75,270718.37,279841.11,9122.74,3,0,2,0.152927,28205.18
C006,2022-12-30,13040.04,3985.65,279841.11,288895.5,9054.39,4,1,3,0.127501,24361.94
C006,2022-12-31,14031.12,5491.25,288895.5,297435.37,8539.87,5,1,4,0.106301,19865.12
C006,2023-01-01,18997.14,34042.3,297435.37,282390.21,-15045.16,6,0,5,0.088625,44158.34
C006,2023-01-02,18847.04,13512.54,282390.21,287724.71,5334.5,0,0,6,0.073885,21231.97
C006,2023-01-03,17786.08,10187.36,287724.71,295323.43,7598.72,1,0,7,0.061593,25624.74
C006,2023-01-04,17382.23,13054.54,295323.43,299651.12,4327.69,2,0,8,0.051341,27379.81
C006,2023-01-05,15138.85,18737.99,299651.12,296051.98,-3599.14,3,0,9,0.042788,38846.6
C006,2023-01-06,9640.0,4349.33,296051.98,301342.65,5290.67,4,1,10,0.03565,426.5
C006,2023-01-07,13064.71,5588.35,301342.65,308819.01,7476.36,5,1,11,0.02969,-543.97
C006,2023-01-08,21627.93,10171.15,308819.01,320275.79,11456.78,6,0,12,0.024707,-34325.07
C006,2023-01-09,17052.91,12382.48,320275.79,324946.22,4670.43,0,0,13,0.020533,-35827.61
C006,2023-01-10,15796.55,18016.33,324946.22,322726.44,-2219.78,1,0,14,0.017028,-23875.14
C006,2023-01-11,15241.73,11962.74,322726.44,326005.43,3278.99,2,0,15,0.014069,-29356.93
C006,2023-01-12,15758.27,8371.54,326005.43,333392.16,7386.73,3,0,16,0.011551,-28160.35
C006,2023-01-13,11286.64,4121.48,333392.16,340557.32,7165.16,4,1,17,0.009381,-27554.83
C006,2023-01-14,12205.4,5723.47,340557.32,347039.25,6481.93,5,1,18,0.007472,-29670.71
C006,2023-01-15,16403.09,30914.72,347039.25,332527.62,-14511.63,6,0,19,0.005744,-4403.46
C006,2023-01-16,17139.38,11746.92,332527.62,337920.08,5392.46,0,0,20,0.004109,-5054.97
C006,2023-01-17,16797.41,9022.89,337920.08,345694.6,7774.52,1,0,21,0.002478,-8423.1
C006,2023-01-18,14265.01,11150.62,345694.6,348808.99,3114.39,2,0,22,0.000743,-6212.02
C006,2023-01-19,19714.15,8533.98,348808.99,359989.16,11180.17,3,0,23,-0.001226,-10425.31
C006,2023-01-20,12583.16,4033.74,359989.16,368538.58,8549.42,4,1,24,-0.003599,-14028.48
C006,2023-01-21,13846.13,5270.63,368538.58,377114.08,8575.5,5,1,25,-0.006597,-20931.84
C006,2023-01-22,15693.53,10038.02,377114.08,382769.59,5655.51,6,0,26,-0.010519,-17532.07
C006,2023-01-23,14570.38,12665.34,382769.59,384674.63,1905.04,0,0,27,-0.015774,-13277.78
C006,2023-01-24,14429.86,8591.72,384674.63,390512.77,5838.14,1,0,28,-0.022927,-12409.97
C006,2023-01-25,16981.41,10349.14,390512.77,397145.04,6632.27,2,0,29,-0.032757,-13565.89
C006,2023-01-26,18956.6,8908.45,397145.04,407193.19,10048.15,3,0,30,-0.04635,-16425.34
C006,2023-01-27,12912.78,120659.52,407193.19,299446.45,-107746.74,4,1,0,0.219998,92569.44
C006,2023-01-28,13570.26,4970.42,299446.45,308046.29,8599.84,5,1,1,0.183423,-30147.38
C006,2023-01-29,15676.67,10465.52,308046.29,313257.44,5211.15,6,0,2,0.152927,-29460.63
C006,2023-01-30,15154.12,11111.07,313257.44,317300.49,4043.05,0,0,3,0.127501,-50994.86
C006,2023-01-31,17334.74,8086.68,317300.49,326548.55,9248.06,1,0,4,0.106301,-51450.96
C006,2023-02-01,18435.66,36027.53,326548.55,308956.68,-17591.87,2,0,5,0.088625,-24346.98
C006,2023-02-02,20185.52,8194.03,308956.68,320948.17,11991.49,3,0,6,0.073885,-25921.89
C006,2023-02-03,10403.34,4320.58,320948.17,327030.93,6082.76,4,1,7,0.061593,-37996.15
C006,2023-02-04,12913.2,5045.55,327030.93,334898.58,7867.65,5,1,8,0.051341,-41427.61
C006,2023-02-05,17719.1,50848.53,334898.58,301769.15,-33129.43,6,0,9,0.042788,-3668.49
C006,2023-02-06,17573.74,11067.85,301769.15,308275.04,6505.89,0,0,10,0.03565,-11199.79
C006,2023-02-07,14421.35,36745.67,308275.04,285950.72,-22324.32,1,0,11,0.02969,15504.63
C006,2023-02-08,14720.22,11552.33,285950.72,289118.61,3167.89,2,0,12,0.024707,4022.53
C006,2023-02-09,17753.8,8021.11,289118.61,298851.3,9732.69,3,0,13,0.020533,154.41
C006,2023-02-10,11125.84,13328.64,298851.3,296648.5,-2202.8,4,1,14,0.017028,7111.72
C006,2023-02-11,14003.9,5420.59,296648.5,305231.81,8583.31,5,1,15,0.014069,2508.57
C006,2023-02-12,18402.8,10632.12,305231.81,313002.49,7770.68,6,0,16,0.011551,977.77
C006,2023-02-13,15415.83,11049.78,313002.49,317368.54,4366.05,0,0,17,0.009381,-1784.72
C006,2023-02-14,19577.0,8821.38,317368.54,328124.16,10755.62,1,0,18,0.007472,-6873.42
C006,2023-02-15,17800.75,13059.8,328124.16,332865.11,4740.95,2,0,19,0.005744,-7845.95
C006,2023-02-16,13295.43,8889.04,332865.11,337271.5,4406.39,3,0,20,0.004109,-6507.47
C006,2023-02-17,9332.96,4007.49,337271.5,342596.97,5325.47,4,1,21,0.002478,-8420.4
C006,2023-02-18,12275.69,5308.81,342596.97,349563.85,6966.88,5,1,22,0.000743,-10689.11
C006,2023-02-19,15236.28,10290.03,349563.85,354510.1,4946.25,6,0,23,-0.001226,-8139.9
C006,2023-02-20,13244.08,11571.94,354510.1,356182.24,1672.14,0,0,24,-0.003599,-3694.03
C006,2023-02-21,17061.92,8006.64,356182.24,365237.52,9055.28,1,0,25,-0.006597,-2587.93
C006,2023-02-22,16232.56,10073.23,365237.52,371396.85,6159.33,2,0,26,-0.010519,-1830.78
C006,2023-02-23,14555.28,7849.33,371396.85,378102.8,6705.95,3,0,27,-0.015774,341.51
C006,2023-02-24,9485.72,4009.37,378102.8,383579.15,5476.35,4,1,28,-0.022927,3949.99
C006,2023-02-25,12288.91,5100.21,383579.15,390767.85,7188.7,5,1,29,-0.032757,-112132.11
C006,2023-02-26,12017.66,10769.62,390767.85,392015.89,1248.04,6,0,30,-0.04635,-101575.63
C006,2023-02-27,14753.09,128870.07,392015.89,277898.91,-114116.98,0,0,0,0.219994,14985.07
C006,2023-02-28,13819.68,7921.78,277898.91,283796.81,5897.9,1,0,1,0.183417,15760.03
C006,2023-03-01,15880.52,33371.7,283796.81,266305.63,-17491.18,2,0,2,0.15292,38855.45
C006,2023-03-02,16220.28,7428.32,266305.63,275097.59,8791.96,3,0,3,0.127491,14085.28
C006,2023-03-03,13391.05,3878.94,275097.59,284609.7,9512.11,4,1,4,0.106287,10982.16
C006,2023-03-04,15948.19,5531.61,284609.7,295026.28,10416.58,5,1,5,0.088605,4073.6
C006,2023-03-05,16031.63,22023.13,295026.28,289034.78,-5991.5,6,0,6,0.073857,18617.0
C006,2023-03-06,16319.26,11883.07,289034.78,293470.97,4436.19,0,0,7,0.061555,10604.96
C006,2023-03-07,14664.8,10035.11,293470.97,298100.66,4629.69,1,0,8,0.051287,16413.0
C006,2023-03-08,13562.72,14588.13,298100.66,297075.25,-1025.41,2,0,9,0.042714,26205.53
C006,2023-03-09,13986.91,9606.81,297075.25,301455.35,4380.1,3,0,10,0.035547,28698.73
C006,2023-03-10,6819.97,15134.18,301455.35,293141.14,-8314.21,4,1,11,0.029545,41344.08
C006,2023-03-11,11649.53,5784.96,293141.14,299005.71,5864.57,5,1,12,0.024505,32112.84
C006,2023-03-12,16429.97,11675.46,299005.71,303760.22,4754.51,6,0,13,0.020252,35358.88
C006,2023-03-13,16670.07,12689.91,303760.22,307740.38,3980.16,0,0,14,0.016636,40080.46
C006,2023-03-14,16287.29,10047.41,307740.38,313980.26,6239.88,1,0,15,0.013521,45853.44
C006,2023-03-15,14816.0,13212.44,313980.26,315583.82,1603.56,2,0,16,0.010787,52583.15
C006,2023-03-16,13836.9,8169.98,315583.82,321250.74,5666.92,3,0,17,0.008314,39764.77
C006,2023-03-17,8325.7,4557.28,321250.74,325019.16,3768.42,4,1,18,0.005984,44954.02
C006,2023-03-18,11433.49,5688.62,325019.16,330764.03,5744.87,5,1,19,0.003666,42653.66
C006,2023-03-19,14098.37,10685.83,330764.03,334176.57,3412.54,6,0,20,0.001211,27711.58
C006,2023-03-20,16238.94,11540.77,334176.57,338874.74,4698.17,0,0,21,-0.001567,30110.57
C006,2023-03-21,15649.53,8154.07,338874.74,346370.2,7495.46,1,0,22,-0.004903,35101.73
C006,2023-03-22,16366.68,10248.67,346370.2,352488.21,6118.01,2,0,23,-0.009106,36351.88
C006,2023-03-23,17857.15,7695.77,352488.21,362649.59,10161.38,3,0,24,-0.014596,29614.0
C006,2023-03-24,10989.33,4072.85,362649.59,369566.07,6916.48,4,1,25,-0.021945,22200.25
C006,2023-03-25,14281.7,5403.46,369566.07,378444.31,8878.24,5,1,26,-0.031938,12663.68
C006,2023-03-26,19970.27,10885.44,378444.31,387529.14,9084.83,6,0,27,-0.045668,5706.77
C006,2023-03-27,21333.76,130227.16,387529.14,278635.74,-108893.4,0,0,0,0.219998,116172.87
C006,2023-03-28,20750.83,8946.31,278635.74,290440.26,11804.52,1,0,1,0.183423,2822.11
C006,2023-03-29,16663.6,14219.88,290440.26,292883.98,2443.72,2,0,2,0.152927,8276.09
C006,2023-03-30,15445.14,8772.28,292883.98,299556.84,6672.86,3,0,3,0.127501,10341.04
C006,2023-03-31,9935.36,4331.12,299556.84,305161.08,5604.24,4,1,4,0.106301,8959.03
C006,2023-04-01,12921.62,28899.83,305161.08,289182.87,-15978.21,5,1,5,0.088625,6656.02
C006,2023-04-02,18755.18,12346.19,289182.87,295591.86,6408.99,6,0,6,0.073885,8161.11
C006,2023-04-03,17074.96,13566.94,295591.86,299099.88,3508.02,0,0,7,0.061593,4854.97
C006,2023-04-04,17141.84,8589.94,299099.88,307651.78,8551.9,1,0,8,0.051341,2633.68
C006,2023-04-05,18298.09,21873.94,307651.78,304075.93,-3575.85,2,0,9,0.042788,1768.74
C006,2023-04-06,17943.46,7505.73,304075.93,314513.66,10437.73,3,0,10,0.03565,-2471.65
C006,2023-04-07,12977.34,4210.22,314513.66,323280.78,8767.12,4,1,11,0.02969,-5689.53
C006,2023-04-08,12852.21,5978.91,323280.78,330154.08,6873.3,5,1,12,0.024707,-11012.03
C006,2023-04-09,15772.68,11441.54,330154.08,334485.22,4331.14,6,0,13,0.020533,-10646.4
C006,2023-04-10,17892.94,21259.61,334485.22,331118.55,-3366.67,0,0,14,0.017028,-15342.62
C006,2023-04-11,17312.75,9312.2,331118.55,339119.1,8000.55,1,0,15,0.014069,-16910.37
C006,2023-04-12,21169.46,12467.72,339119.1,347820.84,8701.74,2,0,16,0.011551,-20273.03
C006,2023-04-13,20464.85,8451.99,347820.84,359833.7,12012.86,3,0,17,0.009381,-26369.34
C006,2023-04-14,12821.19,4487.92,359833.7,368166.97,8333.27,4,1,18,0.007472,-29001.59
C006,2023-04-15,18532.41,25683.87,368166.97,361015.51,-7151.46,5,1,19,0.005744,-20544.09
C006,2023-04-16,21214.25,12256.58,361015.51,369973.18,8957.67,6,0,20,0.004109,-25009.53
C006,2023-04-17,16333.89,12889.38,369973.18,373417.69,3444.51,0,0,21,0.002478,-25486.29
C006,2023-04-18,19424.24,30953.78,373417.69,361888.15,-11529.54,1,0,22,0.000743,-6741.79
C006,2023-04-19,20756.64,13659.48,361888.15,368985.31,7097.16,2,0,23,-0.001226,-7688.49
C006,2023-04-20,22150.5,9663.88,368985.31,381471.93,12486.62,3,0,24,-0.003599,-11719.3
C006,2023-04-21,12320.75,4952.59,381471.93,388840.09,7368.16,4,1,25,-0.006597,-13702.46
C006,2023-04-22,9269.32,5845.82,388840.09,392263.59,3423.5,5,1,26,-0.010519,-13423.55
C006,2023-04-23,11101.08,11598.35,392263.59,391766.32,-497.27,6,0,27,-0.015774,-8060.1
C006,2023-04-24,11329.43,11987.76,391766.32,391107.99,-658.33,0,0,28,-0.022927,-6409.46
C006,2023-04-25,11157.32,9029.4,391107.99,393235.91,2127.92,1,0,29,-0.032757,-2919.52
C006,2023-04-26,13070.99,11498.29,393235.91,394808.61,1572.7,2,0,30,-0.04635,1836.08
C006,2023-04-27,20061.66,121607.9,394808.61,293262.37,-101546.24,3,0,0,0.219997,-1595.62
C006,2023-04-28,11059.71,3162.01,293262.37,301160.07,7897.7,4,1,1,0.183421,-4628.15
C006,2023-04-29,13085.86,4348.05,301160.07,309897.88,8737.81,5,1,2,0.152926,-11268.59
C006,2023-04-30,13698.18,9475.95,309897.88,314120.11,4222.23,6,0,3,0.127499,-7146.06
C006,2023-05-01,16289.17,34570.39,314120.11,295838.89,-18281.22,0,0,4,0.106298,14226.37
C006,2023-05-02,16535.58,8621.5,295838.89,303752.97,7914.08,1,0,5,0.08862,-13531.47
C006,2023-05-03,11225.46,11023.58,303752.97,303954.85,201.88,2,0,6,0.073878,-9958.72
C006,2023-05-04,14889.58,8558.97,303954.85,310285.46,6330.61,3,0,7,0.061584,-8964.76
C006,2023-05-05,9484.2,13924.99,310285.46,305844.67,-4440.79,4,1,8,0.051328,260.87
C006,2023-05-06,11091.99,4894.65,305844.67,312042.01,6197.34,5,1,9,0.042771,-13857.71
C006,2023-05-07,15680.55,10131.31,312042.01,317591.25,5549.24,6,0,10,0.035627,-14560.92
C006,2023-05-08,12486.36,10935.56,317591.25,319142.05,1550.8,0,0,11,0.029657,-12715.54
C006,2023-05-09,12765.62,8068.85,319142.05,323838.82,4696.77,1,0,12,0.02466,-10258.85
C006,2023-05-10,11770.47,19833.36,323838.82,315775.93,-8062.89,2,0,13,0.020469,4330.47
C006,2023-05-11,13832.82,7400.02,315775.93,322208.73,6432.8,3,0,14,0.016938,-6901.14
C006,2023-05-12,9226.69,3887.61,322208.73,327547.81,5339.08,4,1,15,0.013943,-6156.96
C006,2023-05-13,10784.71,4868.16,327547.81,333464.36,5916.55,5,1,16,0.011375,-11564.9
C006,2023-05-14,15192.58,9491.56,333464.36,339165.38,5701.02,6,0,17,0.009135,-13811.86
C006,2023-05-15,12517.4,11211.36,339165.38,340471.42,1306.04,0,0,18,0.00713,-13069.94
C006,2023-05-16,12317.74,7825.51,340471.42,344963.65,4492.23,1,0,19,0.005265,-13730.22
C006,2023-05-17,13715.77,10748.02,344963.65,347931.4,2967.75,2,0,20,0.003442,-13080.19
C006,2023-05-18,14059.29,6844.33,347931.4,355146.36,7214.96,3,0,21,0.001547,-14083.66
C006,2023-05-19,9806.42,3655.96,355146.36,361296.82,6150.46,4,1,22,-0.000556,-16922.79
C006,2023-05-20,13259.11,4803.3,361296.82,369752.63,8455.81,5,1,23,-0.003041,-25257.02
C006,2023-05-21,16085.19,10700.19,369752.63,375137.63,5385.0,6,0,24,-0.006131,-27074.23
C006,2023-05-22,14261.04,10558.63,375137.63,378840.04,3702.41,0,0,25,-0.01013,-28570.01
C006,2023-05-23,13020.13,8153.95,378840.04,383706.22,4866.18,1,0,26,-0.01545,-29575.29
C006,2023-05-24,10795.77,9803.46,383706.22,384698.53,992.31,2,0,27,-0.022657,-27185.78
C006,2023-05-25,11846.68,6228.82,384698.53,390316.39,5617.86,3,0,28,-0.032532,-27436.25
C006,2023-05-26,9832.65,3504.35,390316.39,396644.69,6328.3,4,1,29,-0.046163,-28811.15
C006,2023-05-27,13577.92,118555.86,396644.69,291666.75,-104977.94,5,1,0,0.219998,79810.48
C006,2023-05-28,14020.92,9155.75,291666.75,296531.92,4865.17,6,0,1,0.183423,-33580.37
C006,2023-05-29,12980.38,10883.01,296531.92,298629.29,2097.37,0,0,2,0.152927,-32438.89
C006,2023-05-30,15827.19,7482.43,298629.29,306974.05,8344.76,1,0,3,0.127501,-34553.36
C006,2023-05-31,12777.29,9686.08,306974.05,310065.26,3091.21,2,0,4,0.106301,-32412.67
C006,2023-06-01,10934.92,30778.68,310065.26,290221.5,-19843.76,3,0,5,0.088625,-30654.61
C006,2023-06-02,7692.79,3918.16,290221.5,293996.13,3774.63,4,1,6,0.073885,-31903.67
C006,2023-06-03,11837.51,4512.94,293996.13,301320.7,7324.57,5,1,7,0.061593,-37918.21
C006,2023-06-04,14329.12,9544.28,301320.7,306105.54,4784.84,6,0,8,0.051341,-39329.44
C006,2023-06-05,12485.85,20407.09,306105.54,298184.3,-7921.24,0,0,9,0.042788,-40784.15
C006,2023-06-06,13152.48,8306.45,298184.3,303030.33,4846.03,1,0,10,0.03565,-41531.84
C006,2023-06-07,13660.68,10264.5,303030.33,306426.51,3396.18,2,0,11,0.02969,-40682.62
C006,2023-06-08,14511.08,7357.62,306426.51,313579.97,7153.46,3,0,12,0.024707,-40558.22
C006,2023-06-09,10180.71,3654.28,313579.97,320106.4,6526.43,4,1,13,0.020533,-39244.68
C006,2023-06-10,11159.77,15958.58,320106.4,315307.59,-4798.81,5,1,14,0.017028,-46120.36
C006,2023-06-11,15789.65,9706.39,315307.59,321390.85,6083.26,6,0,15,0.014069,-48798.72
C006,2023-06-12,11571.8,11063.19,321390.85,321899.46,508.61,0,0,16,0.011551,-46756.71
C006,2023-06-13,11812.48,8358.42,321899.46,325353.52,3454.06,1,0,17,0.009381,-47223.89
C006,2023-06-14,14019.73,11971.77,325353.52,327401.48,2047.96,2,0,18,0.007472,-44314.49
C006,2023-06-15,11285.27,7453.32,327401.48,331233.43,3831.95,3,0,19,0.005744,-63054.04
C006,2023-06-16,7316.18,3698.4,331233.43,334851.21,3617.78,4,1,20,0.004109,-65166.67
C006,2023-06-17,10781.99,4570.5,334851.21,341062.7,6211.49,5,1,21,0.002478,-70006.92
C006,2023-06-18,12023.18,8711.85,341062.7,344374.03,3311.33,6,0,22,0.000743,-70423.49
C006,2023-06-19,9119.85,8998.27,344374.03,344495.61,121.58,0,0,23,-0.001226,-67082.49
C006,2023-06-20,10285.69,6717.9,344495.61,348063.4,3567.79,1,0,24,-0.003599,-63632.44
C006,2023-06-21,12123.79,9917.16,348063.4,350270.03,2206.63,2,0,25,-0.006597,-60790.13
C006,2023-06-22,11086.42,7225.52,350270.03,354130.93,3860.9,3,0,26,-0.010519,-59904.81
C006,2023-06-23,6604.5,3222.68,354130.93,357512.75,3381.82,4,1,27,-0.015774,-61070.26
C006,2023-06-24,9530.46,4163.07,357512.75,362880.14,5367.39,5,1,28,-0.022927,-65934.47
C006,2023-06-25,13298.56,8345.16,362880.14,367833.54,4953.4,6,0,29,-0.032757,-65769.72
C006,2023-06-26,12898.75,9255.06,367833.54,371477.23,3643.69,0,0,30,-0.04635,-66705.99
C006,2023-06-27,13158.94,121684.62,371477.23,262951.55,-108525.68,1,0,0,0.219997,-62905.46
C006,2023-06-28,12582.44,9343.59,262951.55,266190.4,3238.85,2,0,1,0.183421,-60241.39
C006,2023-06-29,13995.81,7765.52,266190.4,272420.69,6230.29,3,0,2,0.152926,-59134.19
C006,2023-06-30,8868.51,3636.61,272420.69,277652.59,5231.9,4,1,3,0.127499,-60584.31
C006,2023-07-01,10166.29,28251.99,277652.59,259566.89,-18085.7,5,1,4,0.106298,-38554.9
C006,2023-07-02,11006.89,8481.32,259566.89,262092.46,2525.57,6,0,5,0.08862,-59608.88
C006,2023-07-03,10956.25,9646.22,262092.46,263402.49,1310.03,0,0,6,0.073878,-60027.4
C006,2023-07-04,10778.33,7404.72,263402.49,266776.1,3373.61,1,0,7,0.061584,-60444.19
C006,2023-07-05,11256.3,20632.25,266776.1,257400.15,-9375.95,2,0,8,0.051328,-45685.68
C006,2023-07-06,11382.26,7283.92,257400.15,261498.49,4098.34,3,0,9,0.042771,-52235.95
C006,2023-07-07,7736.45,3491.05,261498.49,265743.89,4245.4,4,1,10,0.035627,-54040.29
C006,2023-07-08,11659.56,4381.7,265743.89,273021.75,7277.86,5,1,11,0.029657,-58339.38
C006,2023-07-09,15826.34,7986.37,273021.75,280861.72,7839.97,6,0,12,0.02466,-60073.74
C006,2023-07-10,10780.34,22454.83,280861.72,269187.23,-11674.49,0,0,13,0.020469,-46066.5
C006,2023-07-11,10599.91,7195.01,269187.23,272592.13,3404.9,1,0,14,0.016938,-68020.68
C006,2023-07-12,11545.47,8994.85,272592.13,275142.75,2550.62,2,0,15,0.013943,-65492.53
C006,2023-07-13,10263.1,7276.22,275142.75,278129.63,2986.88,3,0,16,0.011375,-60995.55
C006,2023-07-14,8231.15,3273.79,278129.63,283086.99,4957.36,4,1,17,0.009135,-62044.95
C006,2023-07-15,10431.76,25339.36,283086.99,268179.39,-14907.6,5,1,18,0.00713,-45316.37
C006,2023-07-16,10809.81,9304.66,268179.39,269684.54,1505.15,6,0,19,0.005265,-44766.93
C006,2023-07-17,10590.06,9218.82,269684.54,271055.78,1371.24,0,0,20,0.003442,-46286.4
C006,2023-07-18,9526.83,6632.07,271055.78,273950.54,2894.76,1,0,21,0.001547,-45587.94
C006,2023-07-19,12221.04,8758.46,273950.54,277413.12,3462.58,2,0,22,-0.000556,-42787.62
C006,2023-07-20,13801.28,6783.44,277413.12,284430.96,7017.84,3,0,23,-0.003041,-44026.35
C006,2023-07-21,8099.79,3050.85,284430.96,289479.9,5048.94,4,1,24,-0.006131,-42713.54
C006,2023-07-22,8558.79,3812.57,289479.9,294226.12,4746.22,5,1,25,-0.01013,-41656.89
C006,2023-07-23,10882.14,8665.77,294226.12,296442.49,2216.37,6,0,26,-0.01545,-36327.14
C006,2023-07-24,10580.72,10077.54,296442.49,296945.67,503.18,0,0,27,-0.022657,-34175.25
C006,2023-07-25,11785.16,6667.01,296945.67,302063.82,5118.15,1,0,28,-0.032532,-35138.15
C006,2023-07-26,11746.24,9038.82,302063.82,304771.24,2707.42,2,0,29,-0.046163,-33771.07
C006,2023-07-27,16536.95,121262.1,304771.24,200046.09,-104725.15,3,0,0,0.219998,76682.0
C006,2023-07-28,9728.94,3826.02,200046.09,205949.01,5902.92,4,1,1,0.183423,-35223.94
C006,2023-07-29,12120.94,4783.45,205949.01,213286.5,7337.49,5,1,2,0.152927,-38601.66
C006,2023-07-30,13925.85,10144.07,213286.5,217068.28,3781.78,6,0,3,0.127501,-35570.12
C006,2023-07-31,13877.62,9933.91,217068.28,221011.99,3943.71,0,0,4,0.106301,-31930.81
C006,2023-08-01,13055.51,31583.92,221011.99,202483.58,-18528.41,1,0,5,0.088625,-2731.35
C006,2023-08-02,11488.06,10596.55,202483.58,203375.09,891.51,2,0,6,0.073885,-19739.94
C006,2023-08-03,11280.37,8323.55,203375.09,206331.91,2956.82,3,0,7,0.061593,-14238.3
C006,2023-08-04,8966.42,3583.86,206331.91,211714.47,5382.56,4,1,8,0.051341,-14348.85
C006,2023-08-05,12457.21,14909.14,211714.47,209262.54,-2451.93,5,1,9,0.042788,-9666.88
C006,2023-08-06,12081.96,9640.9,209262.54,211703.6,2441.06,6,0,10,0.03565,-15633.97
C006,2023-08-07,13044.12,10065.35,211703.6,214682.37,2978.77,0,0,11,0.02969,-15837.23
C006,2023-08-08,13905.76,7800.15,214682.37,220787.98,6105.61,1,0,12,0.024707,-14884.62
C006,2023-08-09,13454.0,11121.25,220787.98,223120.73,2332.75,2,0,13,0.020533,-11806.83
C006,2023-08-10,13844.48,32393.76,223120.73,204571.45,-18549.28,3,0,14,0.017028,12648.27
C006,2023-08-11,8962.52,3883.75,204571.45,209650.22,5078.77,4,1,15,0.014069,-11294.5
C006,2023-08-12,13418.11,5934.25,209650.22,217134.08,7483.86,5,1,16,0.011551,-18574.57
C006,2023-08-13,13981.74,10073.78,217134.08,221042.04,3907.96,6,0,17,0.009381,-19016.41
C006,2023-08-14,12248.76,10427.78,221042.04,222863.02,1820.98,0,0,18,0.007472,-18769.34
C006,2023-08-15,12327.37,10272.78,222863.02,224917.61,2054.59,1,0,19,0.005744,-14434.91
C006,2023-08-16,11228.51,11376.74,224917.61,224769.38,-148.23,2,0,20,0.004109,-9063.07
C006,2023-08-17,12135.71,8542.49,224769.38,228362.6,3593.22,3,0,21,0.002478,-5145.34
C006,2023-08-18,10022.59,3759.69,228362.6,234625.5,6262.9,4,1,22,0.000743,-8395.01
C006,2023-08-19,11358.43,5579.32,234625.5,240404.61,5779.11,5,1,23,-0.001226,-10226.25
C006,2023-08-20,16122.49,9760.74,240404.61,246766.36,6361.75,6,0,24,-0.003599,-8287.62
C006,2023-08-21,18137.7,12334.83,246766.36,252569.23,5802.87,0,0,25,-0.006597,-8831.8
C006,2023-08-22,16570.86,9024.74,252569.23,260115.35,7546.12,1,0,26,-0.010519,-8032.54
C006,2023-08-23,15446.63,12791.56,260115.35,262770.42,2655.07,2,0,27,-0.015774,-2597.26
C006,2023-08-24,12695.33,8540.08,262770.42,266925.67,4155.25,3,0,28,-0.022927,3059.88
C006,2023-08-25,8365.83,4291.33,266925.67,271000.17,4074.5,4,1,29,-0.032757,7588.18
C006,2023-08-26,11534.76,5806.84,271000.17,276728.09,5727.92,5,1,30,-0.04635,9270.51
C006,2023-08-27,17635.45,123638.47,276728.09,170725.07,-106003.02,6,0,0,0.219998,123079.65
C006,2023-08-28,16135.02,12175.25,170725.07,174684.84,3959.77,0,0,1,0.183423,11757.95
C006,2023-08-29,15777.88,8964.56,174684.84,181498.16,6813.32,1,0,2,0.152927,17112.81
C006,2023-08-30,18999.16,11416.14,181498.16,189081.18,7583.02,2,0,3,0.127501,16122.84
C006,2023-08-31,18819.46,8148.41,189081.18,199752.23,10671.05,3,0,4,0.106301,15901.78
C006,2023-09-01,11035.04,27152.12,199752.23,183635.15,-16117.08,4,1,5,0.088625,18131.48
C006,2023-09-02,13542.81,5084.35,183635.15,192093.61,8458.46,5,1,6,0.073885,16165.82
C006,2023-09-03,15831.95,10559.94,192093.61,197365.62,5272.01,6,0,7,0.061593,22270.78
C006,2023-09-04,15289.53,13059.49,197365.62,199595.66,2230.04,0,0,8,0.051341,26193.2
C006,2023-09-05,15726.8,19252.83,199595.66,196069.63,-3526.03,1,0,9,0.042788,28745.21
C006,2023-09-06,14043.83,11268.32,196069.63,198845.14,2775.51,2,0,10,0.03565,13535.42
C006,2023-09-07,14949.85,7891.63,198845.14,205903.36,7058.22,3,0,11,0.02969,15922.52
C006,2023-09-08,9682.02,4271.48,205903.36,211313.9,5410.54,4,1,12,0.024707,14303.56
C006,2023-09-09,11047.39,5141.57,211313.9,217219.72,5905.82,5,1,13,0.020533,9439.7
C006,2023-09-10,13242.81,32106.81,217219.72,198355.72,-18864.0,6,0,14,0.017028,27716.64
C006,2023-09-11,12757.41,12553.62,198355.72,198559.51,203.79,0,0,15,0.014069,33086.28
C006,2023-09-12,13115.13,9649.01,198559.51,202025.63,3466.12,1,0,16,0.011551,39031.02
C006,2023-09-13,14772.04,12703.99,202025.63,204093.68,2068.05,2,0,17,0.009381,45520.19
C006,2023-09-14,14730.22,8341.2,204093.68,210482.7,6389.02,3,0,18,0.007472,46984.61
C006,2023-09-15,9229.87,4006.26,210482.7,215706.31,5223.61,4,1,19,0.005744,24655.44
C006,2023-09-16,13132.88,5621.93,215706.31,223217.26,7510.95,5,1,20,0.004109,22079.41
C006,2023-09-17,15189.23,12176.0,223217.26,226230.49,3013.23,6,0,21,0.002478,23003.76
C006,2023-09-18,15146.6,11198.73,226230.49,230178.36,3947.87,0,0,22,0.000743,22387.03
C006,2023-09-19,16914.41,8614.03,230178.36,238478.74,8300.38,1,0,23,-0.001226,20633.33
C006,2023-09-20,16506.12,11247.43,238478.74,243737.43,5258.69,2,0,24,-0.003599,21242.07
C006,2023-09-21,17288.92,8943.54,243737.43,252082.81,8345.38,3,0,25,-0.006597,23708.1
C006,2023-09-22,12050.31,3959.96,252082.81,260173.16,8090.35,4,1,26,-0.010519,22719.49
C006,2023-09-23,15151.57,5339.18,260173.16,269985.55,9812.39,5,1,27,-0.015774,17978.61
C006,2023-09-24,20141.11,11538.31,269985.55,278588.35,8602.8,6,0,28,-0.022927,15321.15
C006,2023-09-25,20559.63,13149.38,278588.35,285998.6,7410.25,0,0,29,-0.032757,10106.19
C006,2023-09-26,17506.06,9699.94,285998.6,293804.72,7806.12,1,0,30,-0.04635,8958.2
C006,2023-09-27,22215.18,129577.11,293804.72,186442.79,-107361.93,2,0,0,0.219997,11604.96
C006,2023-09-28,22355.98,10187.8,186442.79,198610.97,12168.18,3,0,1,0.183421,10568.38
C006,2023-09-29,11453.87,4860.82,198610.97,205204.02,6593.05,4,1,2,0.152926,13483.07
C006,2023-09-30,16234.51,5784.52,205204.02,215654.01,10449.99,5,1,3,0.127499,-9743.62
C006,2023-10-01,23216.07,37103.45,215654.01,201766.63,-13887.38,6,0,4,0.106298,15120.07
C006,2023-10-02,20836.03,14343.23,201766.63,208259.43,6492.8,0,0,5,0.08862,-4789.42
C006,2023-10-03,21344.28,9967.31,208259.43,219636.4,11376.97,1,0,6,0.073878,-3889.02
C006,2023-10-04,21774.36,15621.9,219636.4,225788.86,6152.46,2,0,7,0.061584,-3064.24
C006,2023-10-05,19687.78,20661.8,225788.86,224814.84,-974.02,3,0,8,0.051328,6919.2
C006,2023-10-06,12523.33,24957.61,224814.84,212380.56,-12434.28,4,1,9,0.042771,15163.24
C006,2023-10-07,15402.93,5957.61,212380.56,221825.88,9445.32,5,1,10,0.035627,10008.47
C006,2023-10-08,17023.57,13231.99,221825.88,225617.46,3791.58,6,0,11,0.029657,11969.18
C006,2023-10-09,13497.22,12455.26,225617.46,226659.42,1041.96,0,0,12,0.02466,14869.36
C006,2023-10-10,17856.7,18443.76,226659.42,226072.36,-587.06,1,0,13,0.020469,25689.32
C006,2023-10-11,17473.54,11900.11,226072.36,231645.79,5573.43,2,0,14,0.016938,17913.04
C006,2023-10-12,18298.37,8887.51,231645.79,241056.65,9410.86,3,0,15,0.013943,17511.7
C006,2023-10-13,12623.61,4066.39,241056.65,249613.87,8557.22,4,1,16,0.011375,13626.72
C006,2023-10-14,13473.8,5620.36,249613.87,257467.31,7853.44,5,1,17,0.009135,8148.12
C006,2023-10-15,15564.62,32670.18,257467.31,240361.75,-17105.56,6,0,18,0.00713,30371.79
C006,2023-10-16,17118.51,12183.59,240361.75,245296.67,4934.92,0,0,19,0.005265,30724.96
C006,2023-10-17,13592.77,9655.19,245296.67,249234.25,3937.58,1,0,20,0.003442,38905.24
C006,2023-10-18,14014.9,10683.76,249234.25,252565.39,3331.14,2,0,21,0.001547,43210.62
C006,2023-10-19,15555.79,9009.11,252565.39,259112.07,6546.68,3,0,22,-0.000556,44230.48
C006,2023-10-20,10101.66,4234.23,259112.07,264979.5,5867.43,4,1,23,-0.003041,43240.01
C006,2023-10-21,16028.55,5217.14,264979.5,275790.91,10811.41,5,1,24,-0.006131,36005.08
C006,2023-10-22,17653.23,10551.49,275790.91,282892.65,7101.74,6,0,25,-0.01013,34623.37
C006,2023-10-23,17222.55,12151.04,282892.65,287964.16,5071.51,0,0,26,-0.01545,32367.18
C006,2023-10-24,15012.07,9066.73,287964.16,293909.5,5945.34,1,0,27,-0.022657,33533.08
C006,2023-10-25,13737.1,11541.81,293909.5,296104.79,2195.29,2,0,28,-0.032532,36941.61
C006,2023-10-26,14940.5,8282.37,296104.79,302762.92,6658.13,3,0,29,-0.046163,36176.46
C006,2023-10-27,12574.9,117290.07,302762.92,198047.75,-104715.17,4,1,0,0.219998,146335.87
C006,2023-10-28,16169.31,5037.71,198047.75,209179.35,11131.6,5,1,1,0.183423,29341.29
C006,2023-10-29,20725.07,11217.33,209179.35,218687.09,9507.74,6,0,2,0.152927,30011.56
C006,2023-10-30,20079.23,32855.93,218687.09,205910.39,-12776.7,0,0,3,0.127501,49375.28
C006,2023-10-31,19919.68,8943.37,205910.39,216886.7,10976.31,1,0,4,0.106301,47219.36
C006,2023-11-01,20720.77,34137.46,216886.7,203470.01,-13416.69,2,0,5,0.088625,45213.24
C006,2023-11-02,22171.18,9893.81,203470.01,215747.38,12277.37,3,0,6,0.073885,42009.76
C006,2023-11-03,11957.2,4979.96,215747.38,222724.62,6977.24,4,1,7,0.061593,43528.08
C006,2023-11-04,15630.05,6620.63,222724.62,231734.04,9009.42,5,1,8,0.051341,38257.85
C006,2023-11-05,18246.41,22436.65,231734.04,227543.8,-4190.24,6,0,9,0.042788,29486.11
C006,2023-11-06,17846.55,13556.0,227543.8,231834.35,4290.55,0,0,10,0.03565,30148.59
C006,2023-11-07,15890.96,10138.67,231834.35,237586.64,5752.29,1,0,11,0.02969,34735.71
C006,2023-11-08,17226.24,13284.1,237586.64,241528.78,3942.14,2,0,12,0.024707,39324.87
C006,2023-11-09,19575.54,9342.64,241528.78,251761.68,10232.9,3,0,13,0.020533,39520.32
C006,2023-11-10,12224.72,14427.57,251761.68,249558.83,-2202.85,4,1,14,0.017028,38666.12
C006,2023-11-11,14853.96,5844.44,249558.83,258568.35,9009.52,5,1,15,0.014069,38750.08
C006,2023-11-12,17180.59,12508.35,258568.35,263240.59,4672.24,6,0,16,0.011551,41803.96
C006,2023-11-13,15837.96,13463.12,263240.59,265615.43,2374.84,0,0,17,0.009381,42998.58
C006,2023-11-14,14736.01,9617.9,265615.43,270733.54,5118.11,1,0,18,0.007472,50304.11
C006,2023-11-15,17155.24,11867.15,270733.54,276021.63,5288.09,2,0,19,0.005744,52478.88
C006,2023-11-16,20987.63,8869.77,276021.63,288139.49,12117.86,3,0,20,0.004109,50420.26
C006,2023-11-17,12020.74,4384.22,288139.49,295776.01,7636.52,4,1,21,0.002478,49103.81
C006,2023-11-18,13379.06,5812.52,295776.01,303342.55,7566.54,5,1,22,0.000743,47390.65
C006,2023-11-19,15670.59,10793.63,303342.55,308219.51,4876.96,6,0,23,-0.001226,51121.79
C006,2023-11-20,17201.35,13624.87,308219.51,311795.99,3576.48,0,0,24,-0.003599,49602.1
C006,2023-11-21,14980.29,9260.26,311795.99,317516.02,5720.03,1,0,25,-0.006597,50569.91
C006,2023-11-22,16429.15,13613.83,317516.02,320331.34,2815.32,2,0,26,-0.010519,53451.75
C006,2023-11-23,15525.33,8414.09,320331.34,327442.58,7111.24,3,0,27,-0.015774,54459.96
C006,2023-11-24,9979.98,4376.16,327442.58,333046.4,5603.82,4,1,28,-0.022927,53856.8
C006,2023-11-25,11713.7,5820.72,333046.4,338939.38,5892.98,5,1,29,-0.032757,50206.29
C006,2023-11-26,16172.15,10727.91,338939.38,344383.62,5444.24,6,0,30,-0.04635,50421.74
C006,2023-11-27,19665.26,125528.24,344383.62,238520.64,-105862.98,0,0,0,0.219997,47900.41
C006,2023-11-28,18948.56,8770.55,238520.64,248698.65,10178.01,1,0,1,0.183421,52090.68
C006,2023-11-29,18328.3,11741.28,248698.65,255285.67,6587.02,2,0,2,0.152926,55965.37
C006,2023-11-30,18646.32,9825.93,255285.67,264106.06,8820.39,3,0,3,0.127499,57455.24
C006,2023-12-01,11946.56,27369.37,264106.06,248683.25,-15422.81,4,1,4,0.106298,82397.68
C006,2023-12-02,14754.62,5680.73,248683.25,257757.14,9073.89,5,1,5,0.08862,53322.18
C006,2023-12-03,20664.92,12169.36,257757.14,266252.7,8495.56,6,0,6,0.073878,52396.83
C006,2023-12-04,18336.88,14597.69,266252.7,269991.89,3739.19,0,0,7,0.061584,51531.95
C006,2023-12-05,19193.06,32155.04,269991.89,257029.91,-12961.98,1,0,8,0.051328,75221.5
C006,2023-12-06,18047.95,13094.92,257029.91,261982.94,4953.03,2,0,9,0.042771,67982.71
C006,2023-12-07,19707.78,9368.37,261982.94,272322.35,10339.41,3,0,10,0.035627,66876.16
C006,2023-12-08,12879.07,4347.77,272322.35,280853.65,8531.3,4,1,11,0.029657,66331.5
C006,2023-12-09,16463.1,6034.75,280853.65,291282.0,10428.35,5,1,12,0.02466,62638.75
C006,2023-12-10,20069.9,23126.95,291282.0,288224.95,-3057.05,6,0,13,0.020469,75123.42
C006,2023-12-11,22659.02,13565.54,288224.95,297318.43,9093.48,0,0,14,0.016938,61303.75
C006,2023-12-12,17628.35,9902.23,297318.43,305044.55,7726.12,1,0,15,0.013943,62300.69
C006,2023-12-13,17714.55,14145.09,305044.55,308614.01,3569.46,2,0,16,0.011375,66927.82
C006,2023-12-14,21734.21,9310.57,308614.01,321037.65,12423.64,3,0,17,0.009135,61843.42
C006,2023-12-15,12092.33,4629.47,321037.65,328500.51,7462.86,4,1,18,0.00713,59163.56
C006,2023-12-16,16574.83,6515.59,328500.51,338559.75,10059.24,5,1,19,0.005265,30599.33
C006,2023-12-17,19267.46,12947.39,338559.75,344879.82,6320.07,6,0,20,0.003442,32020.6
C006,2023-12-18,19154.84,13301.46,344879.82,350733.2,5853.38,0,0,21,0.001547,35102.05
C006,2023-12-19,17918.93,9310.83,350733.2,359341.3,8608.1,1,0,22,-0.000556,39598.62
C006,2023-12-20,16050.32,13993.53,359341.3,361398.09,2056.79,2,0,23,-0.003041,45116.57
C006,2023-12-21,15857.6,9169.76,361398.09,368085.93,6687.84,3,0,24,-0.006131,48939.75
C006,2023-12-22,9746.07,4048.91,368085.93,373783.09,5697.16,4,1,25,-0.01013,52615.96
C006,2023-12-23,14045.92,5926.47,373783.09,381902.54,8119.45,5,1,26,-0.01545,45666.96
C006,2023-12-24,16284.86,11284.2,381902.54,386903.2,5000.66,6,0,27,-0.022657,44657.61
C006,2023-12-25,14745.6,12503.13,386903.2,389145.67,2242.47,0,0,28,-0.032532,42524.99
C006,2023-12-26,14613.29,8953.6,389145.67,394805.36,5659.69,1,0,29,-0.046163,47402.57
C006,2023-12-27,20171.0,128555.31,394805.36,286421.05,-108384.31,2,0,0,0.219998,161786.14
C006,2023-12-28,23102.66,8734.38,286421.05,300789.33,14368.28,3,0,1,0.183423,39056.01
C006,2023-12-29,14585.39,4123.68,300789.33,311251.04,10461.71,4,1,2,0.152927,37044.19
C006,2023-12-30,15989.73,5679.47,311251.04,321561.3,10310.26,5,1,3,0.127501,32562.73
C006,2023-12-31,20281.2,10761.57,321561.3,331080.93,9519.63,6,0,4,0.106301,33590.51
C006,2024-01-01,17629.78,37631.39,331080.93,311079.32,-20001.61,0,0,5,0.088625,58596.1
C006,2024-01-02,18311.2,10740.99,311079.32,318649.53,7570.21,1,0,6,0.073885,32935.45
C006,2024-01-03,15639.68,12765.37,318649.53,321523.84,2874.31,2,0,7,0.061593,37448.76
C006,2024-01-04,20231.12,9503.55,321523.84,332251.41,10727.57,3,0,8,0.051341,38731.7
C006,2024-01-05,10421.54,12707.3,332251.41,329965.65,-2285.76,4,1,9,0.042788,49339.29
C006,2024-01-06,14729.69,5496.83,329965.65,339198.51,9232.86,5,1,10,0.03565,7775.76
C006,2024-01-07,19664.79,11678.15,339198.51,347185.15,7986.64,6,0,11,0.02969,9344.58
C006,2024-01-08,17816.56,11080.96,347185.15,353920.75,6735.6,0,0,12,0.024707,7636.59
C006,2024-01-09,19012.88,9585.26,353920.75,363348.37,9427.62,1,0,13,0.020533,7339.03
C006,2024-01-10,18815.38,23541.57,363348.37,358622.18,-4726.19,2,0,14,0.017028,17362.09
C006,2024-01-11,18895.87,10172.81,358622.18,367345.24,8723.06,3,0,15,0.014069,5291.81
C006,2024-01-12,12189.22,3992.63,367345.24,375541.83,8196.59,4,1,16,0.011551,4376.98
C006,2024-01-13,13149.73,5810.49,375541.83,382881.07,7339.24,5,1,17,0.009381,-742.1
C006,2024-01-14,17340.37,12557.37,382881.07,387664.07,4783.0,6,0,18,0.007472,-284.14
C006,2024-01-15,16257.22,34762.21,387664.07,369159.08,-18504.99,0,0,19,0.005744,20342.89
C006,2024-01-16,17390.12,9648.78,369159.08,376900.42,7741.34,1,0,20,0.004109,19448.94
C006,2024-01-17,20332.71,11397.88,376900.42,385835.25,8934.83,2,0,21,0.002478,16846.81
C006,2024-01-18,21700.06,8595.39,385835.25,398939.92,13104.67,3,0,22,0.000743,12733.4
C006,2024-01-19,11459.72,3884.98,398939.92,406514.66,7574.74,4,1,23,-0.001226,12904.33
C006,2024-01-20,16678.51,6167.49,406514.66,417025.68,10511.02,5,1,24,-0.003599,8137.84
C006,2024-01-21,21089.16,11715.79,417025.68,426399.05,9373.37,6,0,25,-0.006597,5368.05
C006,2024-01-22,16934.9,15764.45,426399.05,427569.5,1170.45,0,0,26,-0.010519,6234.45
C006,2024-01-23,14610.17,10618.86,427569.5,431560.81,3991.31,1,0,27,-0.015774,9288.17
C006,2024-01-24,14483.12,14373.27,431560.81,431670.66,109.85,2,0,28,-0.022927,14633.92
C006,2024-01-25,18894.94,8357.67,431670.66,442207.93,10537.27,3,0,29,-0.032757,10077.86
C006,2024-01-26,10356.24,4356.98,442207.93,448207.19,5999.26,4,1,30,-0.04635,6212.57
C006,2024-01-27,19496.37,127858.22,448207.19,339845.34,-108361.85,5,1,0,0.219998,114808.23
C006,2024-01-28,19817.53,11367.64,339845.34,348295.23,8449.89,6,0,1,0.183423,-6558.77
C006,2024-01-29,17608.02,11779.22,348295.23,354124.03,5828.8,0,0,2,0.152927,-12345.19
C006,2024-01-30,20087.68,9540.27,354124.03,364671.44,10547.41,1,0,3,0.127501,-14893.86
C006,2024-01-31,18782.2,13778.22,364671.44,369675.42,5003.98,2,0,4,0.106301,-34438.87
C006,2024-02-01,15311.67,33402.11,369675.42,351584.98,-18090.44,3,0,5,0.088625,-5887.69
C006,2024-02-02,12000.46,4612.84,351584.98,358972.6,7387.62,4,1,6,0.073885,-8478.63
C006,2024-02-03,18682.05,6671.54,358972.6,370983.11,12010.51,5,1,7,0.061593,-21115.01
C006,2024-02-04,20001.69,11679.86,370983.11,379304.94,8321.83,6,0,8,0.051341,-28766.53
C006,2024-02-05,18604.31,50934.98,379304.94,346974.27,-32330.67,0,0,9,0.042788,6620.8
C006,2024-02-06,19155.65,9600.19,346974.27,356529.73,9555.46,1,0,10,0.03565,4596.99
C006,2024-02-07,18367.85,13340.24,356529.73,361557.34,5027.61,2,0,11,0.02969,7347.78
C006,2024-02-08,18133.49,9003.43,361557.34,370687.4,9130.06,3,0,12,0.024707,8460.93
C006,2024-02-09,9720.14,4423.27,370687.4,375984.27,5296.87,4,1,13,0.020533,-4677.08
C006,2024-02-10,13153.63,16500.85,375984.27,372637.05,-3347.22,5,1,14,0.017028,-107.97
C006,2024-02-11,17866.8,10585.04,372637.05,379918.81,7281.76,6,0,15,0.014069,-2322.08
C006,2024-02-12,15960.87,13740.71,379918.81,382138.97,2220.16,0,0,16,0.011551,-1580.19
C006,2024-02-13,14106.15,8865.19,382138.97,387379.93,5240.96,1,0,17,0.009381,4953.2
C006,2024-02-14,15586.4,13464.36,387379.93,389501.97,2122.04,2,0,18,0.007472,10738.12
C006,2024-02-15,15523.57,8676.18,389501.97,396349.36,6847.39,3,0,19,0.005744,15364.64
C006,2024-02-16,10471.06,4138.36,396349.36,402682.06,6332.7,4,1,20,0.004109,18337.36
C006,2024-02-17,14787.77,5796.51,402682.06,411673.32,8991.26,5,1,21,0.002478,12594.62
C006,2024-02-18,20885.06,13139.39,411673.32,419418.99,7745.67,6,0,22,0.000743,9831.39
C006,2024-02-19,18429.36,12684.83,419418.99,425163.52,5744.53,0,0,23,-0.001226,3897.32
C006,2024-02-20,16783.99,10180.41,425163.52,431767.1,6603.58,1,0,24,-0.003599,4573.02
C006,2024-02-21,16731.1,14694.25,431767.1,433803.95,2036.85,2,0,25,-0.006597,10109.97
C006,2024-02-22,17264.86,10219.83,433803.95,440848.98,7045.03,3,0,26,-0.010519,10941.51
C006,2024-02-23,10332.01,4876.41,440848.98,446304.58,5455.6,4,1,27,-0.015774,11371.78
C006,2024-02-24,12320.13,6338.92,446304.58,452285.79,5981.21,5,1,28,-0.022927,9931.21
C006,2024-02-25,16654.87,14520.9,452285.79,454419.76,2133.97,6,0,29,-0.032757,17646.77
C006,2024-02-26,15936.37,15702.56,454419.76,454653.57,233.81,0,0,30,-0.04635,-95209.99
C006,2024-02-27,20838.16,133755.27,454653.57,341736.46,-112917.11,1,0,0,0.219996,34045.14
C006,2024-02-28,15068.21,15025.83,341736.46,341778.84,42.38,2,0,1,0.18342,45817.03
C006,2024-02-29,18319.72,10320.98,341778.84,349777.58,7998.74,3,0,2,0.152924,47611.7
C006,2024-03-01,14456.42,28997.45,349777.58,335236.55,-14541.03,4,1,3,0.127496,69146.02
C006,2024-03-02,17577.64,7116.9,335236.55,345697.29,10460.74,5,1,4,0.106294,39266.71
C006,2024-03-03,19380.88,14584.2,345697.29,350493.97,4796.68,6,0,5,0.088614,41492.75
C006,2024-03-04,16021.26,16647.13,350493.97,349868.1,-625.87,0,0,6,0.07387,49510.35
C006,2024-03-05,19425.83,18755.52,349868.1,350538.41,670.31,1,0,7,0.061572,64835.36
C006,2024-03-06,18062.82,15006.16,350538.41,353595.07,3056.66,2,0,8,0.051311,68528.46
C006,2024-03-07,18452.98,10921.33,353595.07,361126.72,7531.65,3,0,9,0.042747,73780.45
C006,2024-03-08,12189.92,4411.52,361126.72,368905.12,7778.4,4,1,10,0.035593,73956.73
C006,2024-03-09,16770.49,6527.28,368905.12,379148.33,10243.21,5,1,11,0.02961,71984.92
C006,2024-03-10,16047.67,23888.81,379148.33,371307.19,-7841.14,6,0,12,0.024596,88097.72
C006,2024-03-11,16000.44,14778.55,371307.19,372529.08,1221.89,0,0,13,0.020378,76026.51
C006,2024-03-12,14599.1,9531.45,372529.08,377596.73,5067.65,1,0,14,0.016812,76150.63
C006,2024-03-13,16357.32,13395.27,377596.73,380558.78,2962.05,2,0,15,0.013767,77512.38
C006,2024-03-14,20945.66,9171.31,380558.78,392333.13,11774.35,3,0,16,0.011129,70763.67
C006,2024-03-15,11849.77,3942.81,392333.13,400240.09,7906.96,4,1,17,0.008793,67435.39
C006,2024-03-16,17761.07,6287.16,400240.09,411714.0,11473.91,5,1,18,0.006652,39036.6
C006,2024-03-17,21074.25,11768.83,411714.0,421019.42,9305.42,6,0,19,0.004598,36866.96
C006,2024-03-18,16580.59,13332.07,421019.42,424267.94,3248.52,0,0,20,0.002511,36000.4
C006,2024-03-19,15391.48,10409.04,424267.94,429250.38,4982.44,1,0,21,0.000247,38863.32
C006,2024-03-20,12815.83,13005.37,429250.38,429060.84,-189.54,2,0,22,-0.002371,46739.13
C006,2024-03-21,16584.1,9304.82,429060.84,436340.12,7279.28,3,0,23,-0.005573,46112.5
C006,2024-03-22,11900.55,4326.75,436340.12,443913.92,7573.8,4,1,24,-0.009665,41576.5
C006,2024-03-23,13165.29,5288.72,443913.92,451790.49,7876.57,5,1,25,-0.015062,39285.16
C006,2024-03-24,17782.28,11896.41,451790.49,457676.36,5885.87,6,0,26,-0.022333,38087.51
C006,2024-03-25,16504.23,11963.59,457676.36,462217.0,4540.64,0,0,27,-0.032262,33900.03
C006,2024-03-26,18408.97,8559.44,462217.0,472066.53,9849.53,1,0,28,-0.045938,30913.36
C006,2024-03-27,23332.86,135955.81,472066.53,359443.58,-112622.95,2,0,0,0.219998,146139.97
C006,2024-03-28,26042.82,9704.8,359443.58,375781.6,16338.02,3,0,1,0.183423,13657.46
C006,2024-03-29,16141.6,4327.33,375781.6,387595.87,11814.27,4,1,2,0.152927,9627.43
C006,2024-03-30,16376.54,6583.13,387595.87,397389.28,9793.41,5,1,3,0.127501,3678.87
C006,2024-03-31,19826.44,12833.15,397389.28,404382.57,6993.29,6,0,4,0.106301,4436.99
C006,2024-04-01,19479.07,38897.64,404382.57,384964.0,-19418.57,0,0,5,0.088625,-8954.74
C006,2024-04-02,18106.56,11083.84,384964.0,391986.72,7022.72,1,0,6,0.073885,-7107.64
C006,2024-04-03,21866.0,14474.27,391986.72,399378.45,7391.73,2,0,7,0.061593,-9073.02
C006,2024-04-04,27443.52,11448.2,399378.45,415373.77,15995.32,3,0,8,0.051341,-18989.05
C006,2024-04-05,19753.13,13003.37,415373.77,422123.53,6749.76,4,1,9,0.042788,-32300.88
C006,2024-04-06,19898.16,7114.52,422123.53,434907.17,12783.64,5,1,10,0.03565,-43337.39
C006,2024-04-07,22800.79,14846.11,434907.17,442861.85,7954.68,6,0,11,0.02969,-43169.68
C006,2024-04-08,22944.4,14673.0,442861.85,451133.25,8271.4,0,0,12,0.024707,-50029.61
C006,2024-04-09,21205.07,12933.41,451133.25,459404.91,8271.66,1,0,13,0.020533,-49402.3
C006,2024-04-10,15323.51,26172.83,459404.91,448555.59,-10849.32,2,0,14,0.017028,-40649.09
C006,2024-04-11,15402.79,10211.02,448555.59,453747.36,5191.77,3,0,15,0.014069,-36489.4
C006,2024-04-12,8895.23,4571.43,453747.36,458071.16,4323.8,4,1,16,0.011551,-31115.56
C006,2024-04-13,11254.4,6228.76,458071.16,463096.8,5025.64,5,1,17,0.009381,-33026.42
C006,2024-04-14,16208.81,11630.13,463096.8,467675.48,4578.68,6,0,18,0.007472,-33177.29
C006,2024-04-15,16699.48,33624.36,467675.48,450750.6,-16924.88,0,0,19,0.005744,-16378.97
C006,2024-04-16,16437.12,9301.34,450750.6,457886.38,7135.78,1,0,20,0.004109,-18245.68
C006,2024-04-17,14115.95,11733.99,457886.38,460268.34,2381.96,2,0,21,0.002478,-15446.72
C006,2024-04-18,16651.73,8806.37,460268.34,468113.7,7845.36,3,0,22,0.000743,-14345.29
C006,2024-04-19,11610.82,3924.55,468113.7,475799.97,7686.27,4,1,23,-0.001226,-15842.53
C006,2024-04-20,12466.78,5814.13,475799.97,482452.62,6652.65,5,1,24,-0.003599,-16916.49
C006,2024-04-21,15224.44,12186.64,482452.62,485490.42,3037.8,6,0,25,-0.006597,-14860.37
C006,2024-04-22,17379.49,11794.26,485490.42,491075.65,5585.23,0,0,26,-0.010519,-17498.07
C006,2024-04-23,14065.26,9377.04,491075.65,495763.87,4688.22,1,0,27,-0.015774,-17150.02
C006,2024-04-24,12965.5,12612.34,495763.87,496117.03,353.16,2,0,28,-0.022927,-10262.46
C006,2024-04-25,14765.38,7902.52,496117.03,502979.89,6862.86,3,0,29,-0.032757,-8238.07
C006,2024-04-26,6989.69,4386.03,502979.89,505583.55,2603.66,4,1,30,-0.04635,-6216.05
C006,2024-04-27,12787.97,128932.46,505583.55,389439.06,-116144.49,5,1,0,0.219997,-16578.86
C006,2024-04-28,18540.38,10756.14,389439.06,397223.3,7784.24,6,0,1,0.183421,-17556.73
C006,2024-04-29,15989.93,12145.08,397223.3,401068.15,3844.85,0,0,2,0.152926,-16228.49
C006,2024-04-30,17512.88,9761.47,401068.15,408819.56,7751.41,1,0,3,0.127499,-14427.13
C006,2024-05-01,20671.89,53482.19,408819.56,376009.26,-32810.3,2,0,4,0.106298,23146.97
C006,2024-05-02,17794.98,8925.16,376009.26,384879.08,8869.82,3,0,5,0.08862,-859.33
C006,2024-05-03,10062.88,4636.53,384879.08,390305.43,5426.35,4,1,6,0.073878,1083.26
C006,2024-05-04,11741.81,5662.52,390305.43,396384.72,6079.29,5,1,7,0.061584,-480.51
C006,2024-05-05,12554.07,19116.14,396384.72,389822.65,-6562.07,6,0,8,0.051328,13637.5
C006,2024-05-06,14930.81,13183.68,389822.65,391569.78,1747.13,0,0,9,0.042771,4374.26
C006,2024-05-07,17603.1,9480.71,391569.78,399692.17,8122.39,1,0,10,0.035627,5059.84
C006,2024-05-08,14277.66,12866.19,399692.17,401103.64,1411.47,2,0,11,0.029657,8340.62
C006,2024-05-09,16958.58,8059.61,401103.64,410002.61,8898.97,3,0,12,0.02466,6216.46
C006,2024-05-10,12231.13,14327.24,410002.61,407906.5,-2096.11,4,1,13,0.020469,14141.0
C006,2024-05-11,14036.06,4684.6,407906.5,417257.96,9351.46,5,1,14,0.016938,-4877.83
C006,2024-05-12,20311.35,10613.71,417257.96,426955.6,9697.64,6,0,15,0.013943,-6666.21
C006,2024-05-13,16436.83,13322.05,426955.6,430070.38,3114.78,0,0,16,0.011375,-5177.46
C006,2024-05-14,14330.65,9902.84,430070.38,434498.19,4427.81,1,0,17,0.009135,-1106.51
C006,2024-05-15,12412.06,12538.62,434498.19,434371.63,-126.56,2,0,18,0.00713,6871.01
C006,2024-05-16,14060.96,8791.89,434371.63,439640.7,5269.07,3,0,19,0.005265,9730.19
C006,2024-05-17,9409.37,4228.45,439640.7,444821.62,5180.92,4,1,20,0.003442,5162.41
C006,2024-05-18,14029.93,5083.14,444821.62,453768.41,8946.79,5,1,21,0.001547,-5667.63
C006,2024-05-19,17284.99,11095.96,453768.41,459957.44,6189.03,6,0,22,-0.000556,-11698.8
C006,2024-05-20,16298.35,10719.66,459957.44,465536.13,5578.69,0,0,23,-0.003041,-17850.78
C006,2024-05-21,13456.57,8362.65,465536.13,470630.05,5093.92,1,0,24,-0.006131,-17498.52
C006,2024-05-22,14340.86,11393.33,470630.05,473577.58,2947.53,2,0,25,-0.01013,-15866.57
C006,2024-05-23,13668.59,8632.32,473577.58,478613.85,5036.27,3,0,26,-0.01545,-17033.21
C006,2024-05-24,11146.27,3905.55,478613.85,485854.57,7240.72,4,1,27,-0.022657,-21473.23
C006,2024-05-25,14851.3,5964.05,485854.57,494741.82,8887.25,5,1,28,-0.032532,-28234.44
C006,2024-05-26,15468.91,10843.23,494741.82,499367.5,4625.68,6,0,29,-0.046163,-26762.09
C006,2024-05-27,21319.97,147827.27,499367.5,372860.2,-126507.3,0,0,0,0.219998,101881.72
C006,2024-05-28,15882.5,9076.13,372860.2,379666.57,6806.37,1,0,1,0.183423,-16998.7
C006,2024-05-29,17884.11,12711.02,379666.57,384839.66,5173.09,2,0,2,0.152927,-13419.17
C006,2024-05-30,18285.26,8732.49,384839.66,394392.43,9552.77,3,0,3,0.127501,-14796.59
C006,2024-05-31,9326.89,4563.09,394392.43,399156.23,4763.8,4,1,4,0.106301,-30009.64
C006,2024-06-01,14354.84,29491.32,399156.23,384019.75,-15136.48,5,1,5,0.088625,-36248.17
C006,2024-06-02,18730.28,11361.34,384019.75,391388.69,7368.94,6,0,6,0.073885,-40403.4
C006,2024-06-03,17753.01,13237.49,391388.69,395904.21,4515.52,0,0,7,0.061593,-47550.56
C006,2024-06-04,17241.1,9685.16,395904.21,403460.15,7555.94,1,0,8,0.051341,-51192.88
C006,2024-06-05,15239.25,22755.36,403460.15,395944.04,-7516.11,2,0,9,0.042788,-46620.9
C006,2024-06-06,16907.71,8099.74,395944.04,404752.01,8807.97,3,0,10,0.03565,-48082.86
C006,2024-06-07,9146.54,4454.29,404752.01,409444.26,4692.25,4,1,11,0.02969,-46275.44
C006,2024-06-08,12617.27,5842.46,409444.26,416219.07,6774.81,5,1,12,0.024707,-50893.34
C006,2024-06-09,16121.51,10293.08,416219.07,422047.5,5828.43,6,0,13,0.020533,-51106.99
C006,2024-06-10,14771.16,24438.53,422047.5,412380.13,-9667.37,0,0,14,0.017028,-55604.19
C006,2024-06-11,15940.16,8030.9,412380.13,420289.39,7909.26,1,0,15,0.014069,-58744.14
C006,2024-06-12,16667.28,12063.75,420289.39,424892.92,4603.53,2,0,16,0.011551,-58090.66
C006,2024-06-13,16853.02,8354.26,424892.92,433391.68,8498.76,3,0,17,0.009381,-58769.07
C006,2024-06-14,11677.26,3826.3,433391.68,441242.64,7850.96,4,1,18,0.007472,-61482.98
C006,2024-06-15,13994.24,5865.99,441242.64,449370.89,8128.25,5,1,19,0.005744,-91828.61
C006,2024-06-16,12666.96,12053.82,449370.89,449984.03,613.14,6,0,20,0.004109,-90468.01
C006,2024-06-17,10313.76,12197.01,449984.03,448100.78,-1883.25,0,0,21,0.002478,-88973.31
C006,2024-06-18,9634.93,9477.07,448100.78,448258.64,157.86,1,0,22,0.000743,-83796.24
C006,2024-06-19,10997.88,11571.17,448258.64,447685.35,-573.29,2,0,23,-0.001226,-78007.25
C006,2024-06-20,13365.1,7918.92,447685.35,453131.53,5446.18,3,0,24,-0.003599,-76918.98
C006,2024-06-21,7953.21,3373.73,453131.53,457711.01,4579.48,4,1,25,-0.006597,-73899.72
C006,2024-06-22,8694.16,4824.53,457711.01,461580.64,3869.63,5,1,26,-0.010519,-71912.98
C006,2024-06-23,10919.18,8118.48,461580.64,464381.34,2800.7,6,0,27,-0.015774,-70107.84
C006,2024-06-24,11695.14,9569.1,464381.34,466507.38,2126.04,0,0,28,-0.022927,-68047.24
C006,2024-06-25,13466.23,7368.2,466507.38,472605.41,6098.03,1,0,29,-0.032757,-68733.52
C006,2024-06-26,11587.47,9450.96,472605.41,474741.92,2136.51,2,0,30,-0.04635,-66139.45
C006,2024-06-27,17144.45,129218.5,474741.92,362667.87,-112074.05,3,0,0,0.219997,-67357.89
C006,2024-06-28,12333.53,3580.91,362667.87,371420.49,8752.62,4,1,1,0.183421,-68514.42
C006,2024-06-29,13154.52,4979.17,371420.49,379595.84,8175.35,5,1,2,0.152926,-72656.31
C006,2024-06-30,13762.46,24211.71,379595.84,369146.59,-10449.25,6,0,3,0.127499,-54911.93
C006,2024-07-01,13481.16,34856.17,369146.59,347771.58,-21375.01,0,0,4,0.106298,-27797.79
C006,2024-07-02,11335.63,8121.92,347771.58,350985.29,3213.71,1,0,5,0.08862,-49974.24
C006,2024-07-03,9630.91,12262.55,350985.29,348353.65,-2631.64,2,0,6,0.073878,-39572.37
C006,2024-07-04,11853.92,7940.3,348353.65,352267.27,3913.62,3,0,7,0.061584,-36683.12
C006,2024-07-05,8961.39,11905.52,352267.27,349323.14,-2944.13,4,1,8,0.051328,-24020.65
C006,2024-07-06,12283.4,4937.39,349323.14,356669.15,7346.01,5,1,9,0.042771,-37798.02
C006,2024-07-07,15549.2,9049.53,356669.15,363168.82,6499.67,6,0,10,0.035627,-37741.35
C006,2024-07-08,12526.7,10369.79,363168.82,365325.73,2156.91,0,0,11,0.029657,-39616.88
C006,2024-07-09,14205.12,8590.34,365325.73,370940.51,5614.78,1,0,12,0.02466,-38781.53
C006,2024-07-10,10177.11,24341.68,370940.51,356775.94,-14164.57,2,0,13,0.020469,-20051.64
C006,2024-07-11,12615.63,7846.32,356775.94,361545.25,4769.31,3,0,14,0.016938,-29156.4
C006,2024-07-12,9100.23,3843.22,361545.25,366802.26,5257.01,4,1,15,0.013943,-31336.32
C006,2024-07-13,12704.29,4883.94,366802.26,374622.61,7820.35,5,1,16,0.011375,-35626.5
C006,2024-07-14,14127.02,8989.97,374622.61,379759.66,5137.05,6,0,17,0.009135,-34485.11
C006,2024-07-15,10059.27,32276.65,379759.66,357542.28,-22217.38,0,0,18,0.00713,-7243.25
C006,2024-07-16,10426.73,8452.99,357542.28,359516.02,1973.74,1,0,19,0.005265,571.81
C006,2024-07-17,9272.03,9660.58,359516.02,359127.47,-388.55,2,0,20,0.003442,11401.6
C006,2024-07-18,12627.89,7292.96,359127.47,364462.4,5334.93,3,0,21,0.001547,16065.79
C006,2024-07-19,8714.1,3498.4,364462.4,369678.1,5215.7,4,1,22,-0.000556,13724.92
C006,2024-07-20,11074.91,4540.46,369678.1,376212.55,6534.45,5,1,23,-0.003041,10438.12
C006,2024-07-21,16900.83,9302.09,376212.55,383811.29,7598.74,6,0,24,-0.006131,10049.77
C006,2024-07-22,15477.6,9621.23,383811.29,389667.66,5856.37,0,0,25,-0.01013,7627.33
C006,2024-07-23,12963.8,8357.96,389667.66,394273.5,4605.84,1,0,26,-0.01545,12644.85
C006,2024-07-24,15682.46,11495.82,394273.5,398460.14,4186.64,2,0,27,-0.022657,19260.26
C006,2024-07-25,13960.07,8548.32,398460.14,403871.89,5411.75,3,0,28,-0.032532,24301.54
C006,2024-07-26,9050.04,4319.46,403871.89,408602.47,4730.58,4,1,29,-0.046163,26767.64
C006,2024-07-27,15020.42,128312.91,408602.47,295309.98,-113292.49,5,1,0,0.219998,147723.25
C006,2024-07-28,17387.0,9790.91,295309.98,302906.07,7596.09,6,0,1,0.183423,37624.01
C006,2024-07-29,15115.17,11081.71,302906.07,306939.53,4033.46,0,0,2,0.152927,46250.31
C006,2024-07-30,15890.81,8595.68,306939.53,314234.66,7295.13,1,0,3,0.127501,54391.72
C006,2024-07-31,18103.3,12364.17,314234.66,319973.79,5739.13,2,0,4,0.106301,56388.71
C006,2024-08-01,15718.73,34681.47,319973.79,301011.05,-18962.74,3,0,5,0.088625,84844.58
C006,2024-08-02,12032.28,4262.05,301011.05,308781.28,7770.23,4,1,6,0.073885,61153.52
C006,2024-08-03,13084.97,6282.1,308781.28,315584.15,6802.87,5,1,7,0.061593,60275.5
C006,2024-08-04,20652.91,10934.57,315584.15,325302.49,9718.34,6,0,8,0.051341,33419.88
C006,2024-08-05,16044.93,22476.29,325302.49,318871.13,-6431.36,0,0,9,0.042788,40002.85
C006,2024-08-06,17776.54,11220.2,318871.13,325427.47,6556.34,1,0,10,0.03565,33852.59
C006,2024-08-07,14047.37,13765.99,325427.47,325708.85,281.38,2,0,11,0.02969,41147.11
C006,2024-08-08,16846.85,10396.72,325708.85,332158.98,6450.13,3,0,12,0.024707,45029.38
C006,2024-08-09,9046.58,4481.26,332158.98,336724.3,4565.32,4,1,13,0.020533,46868.05
C006,2024-08-10,14673.02,19008.47,336724.3,332388.85,-4335.45,5,1,14,0.017028,54723.44
C006,2024-08-11,15437.95,12360.86,332388.85,335465.94,3077.09,6,0,15,0.014069,46350.24
C006,2024-08-12,15817.16,12286.99,335465.94,338996.11,3530.17,0,0,16,0.011551,46594.76
C006,2024-08-13,16665.37,10386.93,338996.11,345274.55,6278.44,1,0,17,0.009381,20222.36
C006,2024-08-14,19467.61,14443.13,345274.55,350299.03,5024.48,2,0,18,0.007472,23347.04
C006,2024-08-15,19322.92,9534.12,350299.03,360087.83,9788.8,3,0,19,0.005744,24516.21
C006,2024-08-16,14623.92,4182.68,360087.83,370529.07,10441.24,4,1,20,0.004109,24899.49
C006,2024-08-17,17381.25,7382.13,370529.07,380528.19,9999.12,5,1,21,0.002478,23547.1
C006,2024-08-18,16191.56,13316.73,380528.19,383403.02,2874.83,6,0,22,0.000743,32343.56
C006,2024-08-19,17920.07,14672.42,383403.02,386650.67,3247.65,0,0,23,-0.001226,37719.23
C006,2024-08-20,18130.95,10920.56,386650.67,393861.06,7210.39,1,0,24,-0.003599,51627.27
C006,2024-08-21,18486.59,15052.66,393861.06,397294.99,3433.93,2,0,25,-0.006597,54753.69
C006,2024-08-22,20307.35,10683.99,397294.99,406918.35,9623.36,3,0,26,-0.010519,55021.24
C006,2024-08-23,15968.41,5166.36,406918.35,417720.4,10802.05,4,1,27,-0.015774,50903.17
C006,2024-08-24,16838.77,6385.74,417720.4,428173.43,10453.03,5,1,28,-0.022927,41955.21
C006,2024-08-25,20817.14,13620.46,428173.43,435370.11,7196.68,6,0,29,-0.032757,47750.69
C006,2024-08-26,22875.94,15212.82,435370.11,443033.23,7663.12,0,0,30,-0.04635,48872.43
C006,2024-08-27,28351.67,130854.82,443033.23,340530.08,-102503.15,1,0,0,0.219998,163055.52
C006,2024-08-28,28620.69,15960.93,340530.08,353189.84,12659.76,2,0,1,0.183423,45430.27
C006,2024-08-29,26883.63,11447.09,353189.84,368626.38,15436.54,3,0,2,0.152927,44741.22
C006,2024-08-30,13849.64,6113.52,368626.38,376362.5,7736.12,4,1,3,0.127501,45544.81
C006,2024-08-31,17265.42,7772.29,376362.5,385855.63,9493.13,5,1,4,0.106301,41330.6
C006,2024-09-01,24062.22,39983.05,385855.63,369934.8,-15920.83,6,0,5,0.088625,50298.04
C006,2024-09-02,22868.64,16943.79,369934.8,375859.65,5924.85,0,0,6,0.073885,50305.85
C006,2024-09-03,17798.23,34935.51,375859.65,358722.37,-17137.28,1,0,7,0.061593,81604.84
C006,2024-09-04,17394.21,17242.6,358722.37,358873.98,151.61,2,0,8,0.051341,91327.57
C006,2024-09-05,19136.49,18730.41,358873.98,359280.06,406.08,3,0,9,0.042788,96399.01
C006,2024-09-06,12694.06,5118.16,359280.06,366855.96,7575.9,4,1,10,0.03565,99878.11
C006,2024-09-07,17342.57,7010.17,366855.96,377188.36,10332.4,5,1,11,0.02969,90251.94
C006,2024-09-08,19857.28,13453.29,377188.36,383592.35,6403.99,6,0,12,0.024707,91503.19
C006,2024-09-09,18302.98,14783.04,383592.35,387112.29,3519.94,0,0,13,0.020533,90234.78
C006,2024-09-10,17696.54,22992.65,387112.29,381816.18,-5296.11,1,0,14,0.017028,100731.35
C006,2024-09-11,18568.15,14793.46,381816.18,385590.87,3774.69,2,0,15,0.014069,108423.06
C006,2024-09-12,20324.88,40418.84,385590.87,365496.91,-20093.96,3,0,16,0.011551,141896.6
C006,2024-09-13,13705.77,5556.61,365496.91,373646.07,8149.16,4,1,17,0.009381,142445.71
C006,2024-09-14,18493.87,7535.9,373646.07,384604.04,10957.97,5,1,18,0.007472,108725.97
C006,2024-09-15,25239.58,14415.06,384604.04,395428.56,10824.52,6,0,19,0.005744,83171.73
C006,2024-09-16,27776.05,19129.32,395428.56,404075.29,8646.73,0,0,20,0.004109,77205.61
C006,2024-09-17,23364.13,11692.84,404075.29,415746.58,11671.29,1,0,21,0.002478,77570.85
C006,2024-09-18,26208.9,17585.58,415746.58,424369.9,8623.32,2,0,22,0.000743,77253.24
C006,2024-09-19,32869.35,11750.92,424369.9,445488.33,21118.43,3,0,23,-0.001226,69728.17
C006,2024-09-20,13158.43,6598.08,445488.33,452048.68,6560.35,4,1,24,-0.003599,69389.9
C006,2024-09-21,18152.47,8261.56,452048.68,461939.59,9890.91,5,1,25,-0.006597,64704.45
C006,2024-09-22,23617.5,16933.52,461939.59,468623.57,6683.98,6,0,26,-0.010519,63597.09
C006,2024-09-23,19915.76,18410.69,468623.57,470128.64,1505.07,0,0,27,-0.015774,67261.6
C006,2024-09-24,24757.45,11765.29,470128.64,483120.8,12992.16,1,0,28,-0.022927,68408.85
C006,2024-09-25,24921.93,16137.07,483120.8,491905.66,8784.86,2,0,29,-0.032757,70142.25
C006,2024-09-26,23037.66,11357.72,491905.66,503585.6,11679.94,3,0,30,-0.04635,71030.4
C006,2024-09-27,19899.41,124864.9,503585.6,398620.11,-104965.49,4,1,0,0.219997,58297.91
C006,2024-09-28,22792.94,8045.45,398620.11,413367.6,14747.49,5,1,1,0.183421,60889.19
C006,2024-09-29,22417.46,13877.75,413367.6,421907.31,8539.71,6,0,2,0.152926,68437.47
C006,2024-09-30,23041.52,17762.6,421907.31,427186.23,5278.92,0,0,3,0.127499,72066.54
C006,2024-10-01,28608.22,35561.61,427186.23,420232.84,-6953.39,1,0,4,0.106298,95560.77
C006,2024-10-02,23161.15,17228.49,420232.84,426165.5,5932.66,2,0,5,0.08862,77132.73
C006,2024-10-03,24739.76,10578.05,426165.5,440327.21,14161.71,3,0,6,0.073878,75437.38
C006,2024-10-04,15385.17,5510.83,440327.21,450201.55,9874.34,4,1,7,0.061584,78248.1
C006,2024-10-05,21443.4,15965.88,450201.55,455679.07,5477.52,5,1,8,0.051328,75905.93
C006,2024-10-06,26259.71,15204.71,455679.07,466734.07,11055.0,6,0,9,0.042771,69600.77
C006,2024-10-07,19139.67,18433.44,466734.07,467440.3,706.23,0,0,10,0.035627,78369.45
C006,2024-10-08,19477.09,11821.85,467440.3,475095.54,7655.24,1,0,11,0.029657,82080.63
C006,2024-10-09,19304.01,17052.48,475095.54,477347.07,2251.53,2,0,12,0.02466,90301.65
C006,2024-10-10,26161.81,20961.35,477347.07,482547.53,5200.46,3,0,13,0.020469,96593.94
C006,2024-10-11,16172.28,4705.88,482547.53,494013.93,11466.4,4,1,14,0.016938,81487.78
C006,2024-10-12,20312.06,6932.48,494013.93,507393.51,13379.58,5,1,15,0.013943,70262.76
C006,2024-10-13,22549.44,13851.17,507393.51,516091.78,8698.27,6,0,16,0.011375,68512.08
C006,2024-10-14,20996.75,43758.52,516091.78,493330.01,-22761.77,0,0,17,0.009135,95421.07
C006,2024-10-15,19718.36,34448.08,493330.01,478600.29,-14729.72,1,0,18,0.00713,127907.97
C006,2024-10-16,18598.27,15917.66,478600.29,481280.9,2680.61,2,0,19,0.005265,135684.8
C006,2024-10-17,22079.69,10043.16,481280.9,493317.43,12036.53,3,0,20,0.003442,132788.89
C006,2024-10-18,13249.45,4943.74,493317.43,501623.14,8305.71,4,1,21,0.001547,132864.54
C006,2024-10-19,20098.17,6504.81,501623.14,515216.5,13593.36,5,1,22,-0.000556,124576.39
C006,2024-10-20,21214.97,14992.89,515216.5,521438.58,6222.08,6,0,23,-0.003041,131042.87
C006,2024-10-21,20474.32,15268.86,521438.58,526644.04,5205.46,0,0,24,-0.006131,131812.44
C006,2024-10-22,17720.91,12144.29,526644.04,532220.66,5576.62,1,0,25,-0.01013,139958.03
C006,2024-10-23,19561.54,14391.96,532220.66,537390.24,5169.58,2,0,26,-0.01545,145681.52
C006,2024-10-24,23896.85,9757.44,537390.24,551529.65,14139.41,3,0,27,-0.022657,147037.4
C006,2024-10-25,15537.61,5019.35,551529.65,562047.91,10518.26,4,1,28,-0.032532,146428.94
C006,2024-10-26,19108.48,6540.39,562047.91,574616.0,12568.09,5,1,29,-0.046163,140814.01
C006,2024-10-27,30490.65,148188.63,574616.0,456918.02,-117697.98,6,0,0,0.219998,270124.93
C006,2024-10-28,33594.94,16256.17,456918.02,474256.79,17338.77,0,0,1,0.183423,143733.04
C006,2024-10-29,28031.02,11943.03,474256.79,490344.78,16087.99,1,0,2,0.152927,140056.38
C006,2024-10-30,27250.29,18342.3,490344.78,499252.77,8907.99,2,0,3,0.127501,146441.43
C006,2024-10-31,30568.08,14027.24,499252.77,515793.61,16540.84,3,0,4,0.106301,147770.82
C006,2024-11-01,17609.3,30104.68,515793.61,503298.23,-12495.38,4,1,5,0.088625,153289.94
C006,2024-11-02,21518.95,9052.59,503298.23,515764.59,12466.36,5,1,6,0.073885,149394.91
C006,2024-11-03,28984.48,16299.42,515764.59,528449.65,12685.06,6,0,7,0.061593,151423.48
C006,2024-11-04,22504.25,19368.9,528449.65,531585.0,3135.35,0,0,8,0.051341,154851.25
C006,2024-11-05,27280.57,22530.73,531585.0,536334.84,4749.84,1,0,9,0.042788,158180.39
C006,2024-11-06,27088.54,17613.63,536334.84,545809.75,9474.91,2,0,10,0.03565,157693.46
C006,2024-11-07,24369.07,13002.65,545809.75,557176.17,11366.42,3,0,11,0.02969,156136.55
C006,2024-11-08,16611.37,6138.82,557176.17,567648.72,10472.55,4,1,12,0.024707,152072.41
C006,2024-11-09,19213.71,7720.96,567648.72,579141.47,11492.75,5,1,13,0.020533,142735.52
C006,2024-11-10,22731.06,26370.82,579141.47,575501.71,-3639.76,6,0,14,0.017028,142886.65
C006,2024-11-11,20374.69,18220.13,575501.71,577656.27,2154.56,0,0,15,0.014069,144949.8
C006,2024-11-12,19564.44,12616.85,577656.27,584603.86,6947.59,1,0,16,0.011551,149000.86
C006,2024-11-13,18092.66,13945.44,584603.86,588751.08,4147.22,2,0,17,0.009381,154964.16
C006,2024-11-14,28331.5,10574.32,588751.08,606508.26,17757.18,3,0,18,0.007472,151448.07
C006,2024-11-15,15891.31,5433.87,606508.26,616965.7,10457.44,4,1,19,0.005744,150860.86
C006,2024-11-16,16385.69,7245.07,616965.7,626106.32,9140.62,5,1,20,0.004109,150841.48
C006,2024-11-17,21896.0,13514.64,626106.32,634487.68,8381.36,6,0,21,0.002478,149282.97
C006,2024-11-18,21563.16,16257.95,634487.68,639792.89,5305.21,0,0,22,0.000743,145924.31
C006,2024-11-19,23417.49,10728.93,639792.89,652481.45,12688.56,1,0,23,-0.001226,145779.01
C006,2024-11-20,21633.22,15658.19,652481.45,658456.48,5975.03,2,0,24,-0.003599,151424.68
C006,2024-11-21,25090.09,11367.88,658456.48,672178.69,13722.21,3,0,25,-0.006597,153631.36
C006,2024-11-22,16076.73,5183.66,672178.69,683071.76,10893.07,4,1,26,-0.010519,153996.2
C006,2024-11-23,22752.0,7256.71,683071.76,698567.05,15495.29,5,1,27,-0.015774,147749.89
C006,2024-11-24,25727.75,15817.95,698567.05,708476.85,9909.8,6,0,28,-0.022927,154991.3
C006,2024-11-25,24945.1,17991.94,708476.85,715430.01,6953.16,0,0,29,-0.032757,155451.11
C006,2024-11-26,24215.33,12602.39,715430.01,727042.95,11612.94,1,0,30,-0.04635,153744.94
C006,2024-11-27,27623.03,136676.15,727042.95,617989.83,-109053.12,2,0,0,0.219997,154271.7
C006,2024-11-28,25427.82,13016.49,617989.83,630401.16,12411.33,3,0,1,0.183421,154375.7
C006,2024-11-29,20723.06,5430.02,630401.16,645694.2,15293.04,4,1,2,0.152926,149621.22
C006,2024-11-30,25329.34,7459.11,645694.2,663564.43,17870.23,5,1,3,0.127499,138027.32
C006,2024-12-01,33474.74,40451.0,663564.43,656588.17,-6976.26,6,0,4,0.106298,158508.84
C006,2024-12-02,28413.35,19842.02,656588.17,665159.5,8571.33,0,0,5,0.08862,132011.92
C006,2024-12-03,29442.65,14729.02,665159.5,679873.13,14713.63,1,0,6,0.073878,132779.01
C006,2024-12-04,24705.48,18142.36,679873.13,686436.25,6563.12,2,0,7,0.061584,136706.01
C006,2024-12-05,29027.72,20948.74,686436.25,694515.23,8078.98,3,0,8,0.051328,139149.23
C006,2024-12-06,15989.23,7001.25,694515.23,703503.21,8987.98,4,1,9,0.042771,107041.11
C006,2024-12-07,17567.92,7758.41,703503.21,713312.72,9809.51,5,1,10,0.035627,103852.12
C006,2024-12-08,22797.11,16388.7,713312.72,719721.13,6408.41,6,0,11,0.029657,111185.09
C006,2024-12-09,20254.71,18098.85,719721.13,721876.99,2155.86,0,0,12,0.02466,116823.43
C006,2024-12-10,18190.71,21679.34,721876.99,718388.36,-3488.63,1,0,13,0.020469,129771.61
C006,2024-12-11,20682.55,16464.84,718388.36,722606.07,4217.71,2,0,14,0.016938,125288.2
C006,2024-12-12,22578.91,11580.26,722606.07,733604.72,10998.65,3,0,15,0.013943,127324.02
C006,2024-12-13,15206.7,5096.18,733604.72,743715.24,10110.52,4,1,16,0.011375,129716.05
C006,2024-12-14,21346.55,7105.46,743715.24,757956.33,14241.09,5,1,17,0.009135,126882.63
C006,2024-12-15,23526.42,13656.19,757956.33,767826.56,9870.23,6,0,18,0.00713,130393.24
C006,2024-12-16,25788.67,16667.43,767826.56,776947.8,9121.24,0,0,19,0.005265,101801.91
C006,2024-12-17,19973.02,13150.17,776947.8,783770.65,6822.85,1,0,20,0.003442,108493.26
C006,2024-12-18,18114.93,16168.38,783770.65,785717.2,1946.55,2,0,21,0.001547,116658.25
C006,2024-12-19,24499.84,11956.58,785717.2,798260.46,12543.26,3,0,22,-0.000556,114393.67
C006,2024-12-20,16411.22,4790.52,798260.46,809881.16,11620.7,4,1,23,-0.003041,112792.0
C006,2024-12-21,23107.43,7178.54,809881.16,825810.05,15928.89,5,1,24,-0.006131,72838.36
C006,2024-12-22,26593.56,15335.65,825810.05,837067.96,11257.91,6,0,25,-0.01013,71458.83
C006,2024-12-23,27460.38,18211.4,837067.96,846316.94,9248.98,0,0,26,-0.01545,65366.65
C006,2024-12-24,29038.96,11887.75,846316.94,863468.15,17151.21,1,0,27,-0.022657,56838.09
C006,2024-12-25,24443.28,17030.31,863468.15,870881.12,7412.97,2,0,28,-0.032532,59927.95
C006,2024-12-26,22787.25,12880.48,870881.12,880787.89,9906.77,3,0,29,-0.046163,63100.6
C006,2024-12-27,17472.26,125998.62,880787.89,772261.53,-108526.36,4,1,0,0.219998,177755.63
C006,2024-12-28,20973.51,8458.18,772261.53,784776.86,12515.33,5,1,1,0.183423,48843.2
C006,2024-12-29,26598.36,16059.8,784776.86,795315.42,10538.56,6,0,2,0.152927,49901.72
C006,2024-12-30,24164.67,17888.34,795315.42,801591.75,6276.33,0,0,3,0.127501,52655.94
C006,2024-12-31,25199.9,11694.64,801591.75,815097.01,13505.26,1,0,4,0.106301,55747.29
C006,2025-01-01,24892.24,42817.83,815097.01,797171.42,-17925.59,2,0,5,0.088625,88164.18
C006,2025-01-02,28419.65,12938.93,797171.42,812652.14,15480.72,3,0,6,0.073885,63461.36
C006,2025-01-03,17178.88,6688.76,812652.14,823142.26,10490.12,4,1,7,0.061593,65019.84
C006,2025-01-04,18256.74,7734.54,823142.26,833664.46,10522.2,5,1,8,0.051341,61222.53
C006,2025-01-05,23781.51,46901.65,833664.46,810544.32,-23120.14,6,0,9,0.042788,96937.5
C006,2025-01-06,24677.26,18056.74,810544.32,817164.84,6620.52,0,0,10,0.03565,32710.58
C006,2025-01-07,25624.15,11882.77,817164.84,830906.22,13741.38,1,0,11,0.02969,29148.12
C006,2025-01-08,25682.46,17888.26,830906.22,838700.42,7794.2,2,0,12,0.024707,28216.12
C006,2025-01-09,21660.19,12200.64,838700.42,848159.97,9459.55,3,0,13,0.020533,30498.62
C006,2025-01-10,16114.81,16380.51,848159.97,847894.27,-265.7,4,1,14,0.017028,31876.94
C006,2025-01-11,20069.78,7035.31,847894.27,860928.74,13034.47,5,1,15,0.014069,5439.41
C006,2025-01-12,28128.19,15625.64,860928.74,873431.29,12502.55,6,0,16,0.011551,-857.6
C006,2025-01-13,28610.47,17202.8,873431.29,884838.96,11407.67,0,0,17,0.009381,-8731.48
C006,2025-01-14,25948.78,12567.94,884838.96,898219.8,13380.84,1,0,18,0.007472,-13892.94
C006,2025-01-15,20725.1,40195.19,898219.8,878749.71,-19470.09,2,0,19,0.005744,16139.45
C006,2025-01-16,25229.15,11714.95,878749.71,892263.91,13514.2,3,0,20,0.004109,12543.8
C006,2025-01-17,16247.63,6136.09,892263.91,902375.45,10111.54,4,1,21,0.002478,8629.51
C006,2025-01-18,17743.79,7465.11,902375.45,912654.13,10278.68,5,1,22,0.000743,-19586.22
C006,2025-01-19,25023.94,15004.91,912654.13,922673.16,10019.03,6,0,23,-0.001226,-21912.56
C006,2025-01-20,23596.85,47621.6,922673.16,898648.41,-24024.75,0,0,24,-0.003599,4086.47
C006,2025-01-21,22054.48,12176.1,898648.41,908526.79,9878.38,1,0,25,-0.006597,5234.66
C006,2025-01-22,18708.86,15552.06,908526.79,911683.59,3156.8,2,0,26,-0.010519,13631.89
C006,2025-01-23,19917.09,11294.44,911683.59,920306.24,8622.65,3,0,27,-0.015774,14131.76
C006,2025-01-24,15785.31,5282.48,920306.24,930809.07,10502.83,4,1,28,-0.022927,9161.5
C006,2025-01-25,20671.8,7592.38,930809.07,943888.49,13079.42,5,1,29,-0.032757,-4448.86
C006,2025-01-26,20845.2,14716.53,943888.49,950017.16,6128.67,6,0,30,-0.04635,-853.97
C006,2025-01-27,31208.94,147606.04,950017.16,833620.06,-116397.1,0,0,0,0.219998,119713.13
C006,2025-01-28,24175.07,12577.99,833620.06,845217.14,11597.08,1,0,1,0.183423,-4643.8
C006,2025-01-29,25440.93,16410.38,845217.14,854247.69,9030.55,2,0,2,0.152927,-1713.55
C006,2025-01-30,29070.51,12473.9,854247.69,870844.3,16596.61,3,0,3,0.127501,-25940.59
C006,2025-01-31,20108.4,5617.1,870844.3,885335.6,14491.3,4,1,4,0.106301,-28156.25
C006,2025-02-01,24452.58,33674.68,885335.6,876113.5,-9222.1,5,1,5,0.088625,-12804.2
C006,2025-02-02,27986.88,15938.28,876113.5,888162.1,12048.6,6,0,6,0.073885,-13937.34
C006,2025-02-03,27778.07,21053.18,888162.1,894886.99,6724.89,0,0,7,0.061593,-45768.53
C006,2025-02-04,26538.61,13943.78,894886.99,907481.82,12594.83,1,0,8,0.051341,-47803.21
C006,2025-02-05,22712.74,80319.14,907481.82,849875.42,-57606.4,2,0,9,0.042788,17128.69
C006,2025-02-06,23896.9,13717.98,849875.42,860054.34,10178.92,3,0,10,0.03565,19594.88
C006,2025-02-07,12863.78,6001.58,860054.34,866916.54,6862.2,4,1,11,0.02969,22927.29
C006,2025-02-08,20310.69,8568.64,866916.54,878658.59,11742.05,5,1,12,0.024707,9176.56
C006,2025-02-09,17513.28,16400.66,878658.59,879771.21,1112.62,6,0,13,0.020533,20156.63
C006,2025-02-10,18323.39,31726.45,879771.21,866368.15,-13403.06,0,0,14,0.017028,39416.17
C006,2025-02-11,18749.97,12544.43,866368.15,872573.69,6205.54,1,0,15,0.014069,45331.87
C006,2025-02-12,20310.13,16776.34,872573.69,876107.48,3533.79,2,0,16,0.011551,50759.15
C006,2025-02-13,20692.96,12473.58,876107.48,884326.86,8219.38,3,0,17,0.009381,52321.71
C006,2025-02-14,16110.02,5547.72,884326.86,894889.16,10562.3,4,1,18,0.007472,49822.02
C006,2025-02-15,18040.12,8121.57,894889.16,904807.71,9918.55,5,1,19,0.005744,43765.47
C006,2025-02-16,22133.73,15936.48,904807.71,911004.96,6197.25,6,0,20,0.004109,47494.36
C006,2025-02-17,18349.47,36286.52,911004.96,893067.91,-17937.05,0,0,21,0.002478,68984.03
C006,2025-02-18,19430.74,11738.05,893067.91,900760.6,7692.69,1,0,22,0.000743,72574.92
C006,2025-02-19,20838.15,18863.87,900760.6,902734.88,1974.28,2,0,23,-0.001226,78537.91
C006,2025-02-20,24219.78,13193.21,902734.88,913761.45,11026.57,3,0,24,-0.003599,79431.25
C006,2025-02-21,17498.56,5944.53,913761.45,925315.48,11554.03,4,1,25,-0.006597,79911.87
C006,2025-02-22,17363.47,8240.95,925315.48,934438.0,9122.52,5,1,26,-0.010519,79493.47
C006,2025-02-23,22228.3,16695.73,934438.0,939970.57,5532.57,6,0,27,-0.015774,84777.74
C006,2025-02-24,19814.55,20345.49,939970.57,939439.63,-530.94,0,0,28,-0.022927,98690.94
C006,2025-02-25,21287.12,11563.56,939439.63,949163.19,9723.56,1,0,29,-0.032757,-13846.68
C006,2025-02-26,20240.25,16070.25,949163.19,953333.19,4170.0,2,0,30,-0.04635,840.85
C006,2025-02-27,25619.86,138379.71,953333.19,840573.34,-112759.85,3,0,0,0.219994,132495.69
C006,2025-02-28,17155.32,5194.52,840573.34,852534.14,11960.8,4,1,1,0.183417,139043.62
C006,2025-03-01,25284.96,32915.39,852534.14,844903.71,-7630.43,5,1,2,0.15292,145738.01
C006,2025-03-02,26878.45,14602.81,844903.71,857179.35,12275.64,6,0,3,0.127491,108046.43
C006,2025-03-03,23806.89,17676.94,857179.35,863309.3,6129.95,0,0,4,0.106287,94987.8
C006,2025-03-04,24445.32,13529.86,863309.3,874224.76,10915.46,1,0,5,0.088605,92826.67
C006,2025-03-05,23688.96,48795.26,874224.76,849118.46,-25106.3,2,0,6,0.073857,124680.97
C006,2025-03-06,23535.23,12975.08,849118.46,859678.61,10560.15,3,0,7,0.061555,93260.51
C006,2025-03-07,13368.04,6042.54,859678.61,867004.11,7325.5,4,1,8,0.051287,87955.21
C006,2025-03-08,20378.52,7733.41,867004.11,879649.22,12645.11,5,1,9,0.042714,81753.63
C006,2025-03-09,25755.28,15560.67,879649.22,889843.83,10194.61,6,0,10,0.035547,77741.54
C006,2025-03-10,26537.93,28546.61,889843.83,887835.15,-2008.68,0,0,11,0.029545,86961.42
C006,2025-03-11,24906.22,12813.53,887835.15,899927.84,12092.69,1,0,12,0.024505,75474.0
C006,2025-03-12,21810.81,15954.33,899927.84,905784.32,5856.48,2,0,13,0.020252,77919.29
C006,2025-03-13,23797.11,11675.87,905784.32,917905.56,12121.24,3,0,14,0.016636,78575.33
C006,2025-03-14,13927.61,4966.54,917905.56,926866.63,8961.07,4,1,15,0.013521,79665.05
C006,2025-03-15,16933.56,7151.62,926866.63,936648.57,9781.94,5,1,16,0.010787,73229.39
C006,2025-03-16,24929.7,16867.09,936648.57,944711.18,8062.61,6,0,17,0.008314,50990.96
C006,2025-03-17,22053.58,18191.58,944711.18,948573.18,3862.0,0,0,18,0.005984,48994.53
C006,2025-03-18,20601.23,10675.09,948573.18,958499.32,9926.14,1,0,19,0.003666,52595.16
C006,2025-03-19,18938.52,15385.9,958499.32,962051.94,3552.62,2,0,20,0.001211,56764.86
C006,2025-03-20,21678.78,10395.2,962051.94,973335.52,11283.58,3,0,21,-0.001567,53036.84
C006,2025-03-21,12971.77,5034.5,973335.52,981272.79,7937.27,4,1,22,-0.004903,-42514.37
C006,2025-03-22,18986.85,7066.94,981272.79,993192.7,11919.91,5,1,23,-0.009106,-48491.79
C006,2025-03-23,25705.2,13670.55,993192.7,1005227.35,12034.65,6,0,24,-0.014596,-52502.66
C006,2025-03-24,24282.16,15578.04,1005227.35,1013931.47,8704.12,0,0,25,-0.021945,-52823.58
C006,2025-03-25,23478.42,12661.58,1013931.47,1024748.31,10816.84,1,0,26,-0.031938,-53517.57
C006,2025-03-26,29134.74,15752.48,1024748.31,1038130.57,13382.26,2,0,27,-0.045668,-60170.83
C006,2025-03-27,36265.63,139079.69,1038130.57,935316.51,-102814.06,3,0,0,0.219998,49770.78
C006,2025-03-28,25406.78,6549.25,935316.51,954174.04,18857.53,4,1,1,0.183423,-82745.9
C006,2025-03-29,27213.54,8318.55,954174.04,973069.03,18894.99,5,1,2,0.152927,-93357.63
C006,2025-03-30,38738.12,20229.39,973069.03,991577.76,18508.73,6,0,3,0.127501,-106162.87
C006,2025-03-31,23368.2,24304.24,991577.76,990641.72,-936.04,0,0,4,0.106301,-98918.63
C006,2025-04-01,16971.57,42387.51,990641.72,965225.78,-25415.94,1,0,5,0.088625,-83852.24
C006,2025-04-02,15104.29,22032.97,965225.78,958297.1,-6928.68,2,0,6,0.073885,-67490.82
C006,2025-04-03,22630.34,13876.01,958297.1,967051.43,8754.33,3,0,7,0.061593,-64293.53
C006,2025-04-04,12411.56,5663.56,967051.43,973799.43,6748.0,4,1,8,0.051341,-62542.97
C006,2025-04-05,16646.89,37507.2,973799.43,952939.12,-20860.31,5,1,9,0.042788,-68420.06
C006,2025-04-06,16643.67,14623.47,952939.12,954959.32,2020.2,6,0,10,0.03565,-66072.83
C006,2025-04-07,19914.82,13471.29,954959.32,961402.85,6443.53,0,0,11,0.02969,-70096.91
C006,2025-04-08,17643.54,11461.02,961402.85,967585.37,6182.52,1,0,12,0.024707,-67408.56
C006,2025-04-09,19958.85,12747.65,967585.37,974796.57,7211.2,2,0,13,0.020533,-66730.9
C006,2025-04-10,20394.79,19789.52,974796.57,975401.84,605.27,3,0,14,0.017028,-67862.93
C006,2025-04-11,13370.02,5068.25,975401.84,983703.61,8301.77,4,1,15,0.014069,-69918.24
C006,2025-04-12,18778.33,6001.05,983703.61,996480.89,12777.28,5,1,16,0.011551,-80903.8
C006,2025-04-13,23650.75,13599.96,996480.89,1006531.68,10050.79,6,0,17,0.009381,-83494.73
C006,2025-04-14,19225.98,15879.7,1006531.68,1009877.96,3346.28,0,0,18,0.007472,-81565.63
C006,2025-04-15,18979.98,33155.8,1009877.96,995702.14,-14175.82,1,0,19,0.005744,-57454.16
C006,2025-04-16,15748.5,13882.93,995702.14,997567.71,1865.57,2,0,20,0.004109,-50850.22
C006,2025-04-17,24107.9,10581.13,997567.71,1011094.48,13526.77,3,0,21,0.002478,-51840.97
C006,2025-04-18,12896.58,5174.26,1011094.48,1018816.8,7722.32,4,1,22,0.000743,-50977.69
C006,2025-04-19,14892.7,7337.14,1018816.8,1026372.36,7555.56,5,1,23,-0.001226,-53326.1
C006,2025-04-20,21320.74,108934.68,1026372.36,938758.42,-87613.94,6,0,24,-0.003599,39009.67
C006,2025-04-21,19034.89,13092.4,938758.42,944700.91,5942.49,0,0,25,-0.006597,35334.96
C006,2025-04-22,18537.04,10513.26,944700.91,952724.69,8023.78,1,0,26,-0.010519,35422.71
C006,2025-04-23,22385.12,14001.92,952724.69,961107.89,8383.2,2,0,27,-0.015774,37474.31
C006,2025-04-24,21138.2,11015.35,961107.89,971230.74,10122.85,3,0,28,-0.022927,40287.36
C006,2025-04-25,12068.48,5339.48,971230.74,977959.74,6729.0,4,1,29,-0.032757,42195.79
C006,2025-04-26,13663.05,6535.5,977959.74,985087.29,7127.55,5,1,30,-0.04635,41922.21
C006,2025-04-27,25198.76,138857.91,985087.29,871428.14,-113659.15,6,0,0,0.219997,37704.71
C006,2025-04-28,22790.25,14506.99,871428.14,879711.4,8283.26,0,0,1,0.183421,35835.18
C006,2025-04-29,16368.78,10665.29,879711.4,885414.89,5703.49,1,0,2,0.152926,40668.14
C006,2025-04-30,21651.06,15342.86,885414.89,891723.09,6308.2,2,0,3,0.127499,44392.14
C006,2025-05-01,26156.3,36505.85,891723.09,881373.54,-10349.55,3,0,4,0.106298,64765.5
C006,2025-05-02,14473.19,5040.45,881373.54,890806.28,9432.74,4,1,5,0.08862,35435.04
C006,2025-05-03,19166.97,7215.35,890806.28,902757.9,11951.62,5,1,6,0.073878,27593.51
C006,2025-05-04,23648.7,15150.14,902757.9,911256.46,8498.56,6,0,7,0.061584,28070.67
C006,2025-05-05,18546.96,45284.36,911256.46,884519.06,-26737.4,0,0,8,0.051328,59988.44
C006,2025-05-06,16325.27,11957.84,884519.06,888886.49,4367.43,1,0,9,0.042771,35747.73
C006,2025-05-07,18846.75,16427.3,888886.49,891305.94,2419.45,2,0,10,0.035627,40899.96
C006,2025-05-08,20067.51,11196.64,891305.94,900176.81,8870.87,3,0,11,0.029657,37614.0
C006,2025-05-09,12788.43,4899.57,900176.81,908065.67,7888.86,4,1,12,0.02466,33533.82
C006,2025-05-10,16773.55,17300.31,908065.67,907538.91,-526.76,5,1,13,0.020469,35951.24
C006,2025-05-11,18921.03,12674.57,907538.91,913785.37,6246.46,6,0,14,0.016938,24498.14
C006,2025-05-12,16385.98,14594.26,913785.37,915577.09,1791.72,0,0,15,0.013943,23431.64
C006,2025-05-13,17457.07,9997.21,915577.09,923036.95,7459.86,1,0,16,0.011375,26268.01
C006,2025-05-14,18607.69,13332.31,923036.95,928312.33,5275.38,2,0,17,0.009135,28811.12
C006,2025-05-15,19028.36,9092.71,928312.33,938247.98,9935.65,3,0,18,0.00713,25914.59
C006,2025-05-16,13093.56,4624.05,938247.98,946717.49,8469.51,4,1,19,0.005265,21451.93
C006,2025-05-17,18761.05,6225.03,946717.49,959253.51,12536.02,5,1,20,0.003442,10414.01
C006,2025-05-18,21372.57,12786.97,959253.51,967839.11,8585.6,6,0,21,0.001547,6216.5
C006,2025-05-19,20834.11,15626.96,967839.11,973046.26,5207.15,0,0,22,-0.000556,4711.63
C006,2025-05-20,16017.88,11296.05,973046.26,977768.09,4721.83,1,0,23,-0.003041,6445.41
C006,2025-05-21,17127.38,14859.6,977768.09,980035.87,2267.78,2,0,24,-0.006131,10761.64
C006,2025-05-22,19187.84,11076.31,980035.87,988147.4,8111.53,3,0,25,-0.01013,8712.41
C006,2025-05-23,15481.43,5046.63,988147.4,998582.2,10434.8,4,1,26,-0.01545,2287.09
C006,2025-05-24,19556.53,6620.63,998582.2,1011518.1,12935.9,5,1,27,-0.022657,-7487.69
C006,2025-05-25,22138.84,13501.41,1011518.1,1020155.53,8637.43,6,0,28,-0.032532,-8073.38
C006,2025-05-26,20781.9,13927.93,1020155.53,1027009.5,6853.97,0,0,29,-0.046163,-13557.21
C006,2025-05-27,22958.84,140835.49,1027009.5,909132.85,-117876.65,1,0,0,0.219998,112902.59
C006,2025-05-28,23198.35,16784.62,909132.85,915546.58,6413.73,2,0,1,0.183423,-10404.09
C006,2025-05-29,22323.37,11786.92,915546.58,926083.03,10536.45,3,0,2,0.152927,-8324.33
C006,2025-05-30,15287.21,5255.01,926083.03,936115.23,10032.2,4,1,3,0.127501,-10314.2
C006,2025-05-31,17955.82,7932.01,936115.23,946139.04,10023.81,5,1,4,0.106301,-15398.57
C006,2025-06-01,20572.51,40470.23,946139.04,926241.32,-19897.72,6,0,5,0.088625,-13345.72
C006,2025-06-02,20278.09,16168.0,926241.32,930351.41,4110.09,0,0,6,0.073885,-17230.54
C006,2025-06-03,19840.56,10864.84,930351.41,939327.13,8975.72,1,0,7,0.061593,-22171.0
C006,2025-06-04,19937.27,14756.9,939327.13,944507.5,5180.37,2,0,8,0.051341,-20080.22
C006,2025-06-05,21256.73,41130.01,944507.5,924634.22,-19873.28,3,0,9,0.042788,-18790.99
C006,2025-06-06,12739.85,5168.17,924634.22,932205.9,7571.68,4,1,10,0.03565,-18904.37
C006,2025-06-07,12794.89,7209.98,932205.9,937790.81,5584.91,5,1,11,0.02969,-18221.08
C006,2025-06-08,18062.25,14253.57,937790.81,941599.49,3808.68,6,0,12,0.024707,-15710.29
C006,2025-06-09,16829.5,14938.84,941599.49,943490.15,1890.66,0,0,13,0.020533,-10561.72
C006,2025-06-10,17235.62,22442.26,943490.15,938283.51,-5206.64,1,0,14,0.017028,-13641.87
C006,2025-06-11,16312.91,15587.69,938283.51,939008.73,725.22,2,0,15,0.014069,-10078.58
C006,2025-06-12,20984.84,10688.61,939008.73,949304.96,10296.23,3,0,16,0.011551,-13270.79
C006,2025-06-13,12180.74,4362.25,949304.96,957123.45,7818.49,4,1,17,0.009381,-16568.02
C006,2025-06-14,13429.23,6390.11,957123.45,964162.57,7039.12,5,1,18,0.007472,-23533.13
C006,2025-06-15,16053.89,12047.04,964162.57,968169.42,4006.85,6,0,19,0.005744,-45233.57
C006,2025-06-16,15393.56,13895.46,968169.42,969667.52,1498.1,0,0,20,0.004109,-40593.62
C006,2025-06-17,15577.31,11189.22,969667.52,974055.61,4388.09,1,0,21,0.002478,-35102.67
C006,2025-06-18,16904.97,13202.69,974055.61,977757.89,3702.28,2,0,22,0.000743,-31968.53
C006,2025-06-19,16007.87,9552.26,977757.89,984213.5,6455.61,3,0,23,-0.001226,-31799.11
C006,2025-06-20,10670.01,4086.0,984213.5,990797.51,6584.01,4,1,24,-0.003599,-137196.38
C006,2025-06-21,12094.64,6032.34,990797.51,996859.81,6062.3,5,1,25,-0.006597,-143275.49
C006,2025-06-22,15919.87,11910.39,996859.81,1000869.29,4009.48,6,0,26,-0.010519,-141265.62
C006,2025-06-23,15946.5,12785.38,1000869.29,1004030.41,3161.12,0,0,27,-0.015774,-142505.15
C006,2025-06-24,17395.0,9343.26,1004030.41,1012082.15,8051.74,1,0,28,-0.022927,-142190.12
C006,2025-06-25,14439.12,13068.98,1012082.15,1013452.29,1370.14,2,0,29,-0.032757,-137738.41
C006,2025-06-26,17258.11,8674.96,1013452.29,1022035.44,8583.15,3,0,30,-0.04635,-139309.89
C006,2025-06-27,15334.13,132227.08,1022035.44,905142.49,-116892.95,4,1,0,0.219997,-142632.13
C006,2025-06-28,18701.84,6085.63,905142.49,917758.7,12616.21,5,1,1,0.183421,-146598.69
C006,2025-06-29,20486.56,12444.23,917758.7,925801.03,8042.33,6,0,2,0.152926,-141908.13
C006,2025-06-30,19373.47,14434.03,925801.03,930740.47,4939.44,0,0,3,0.127499,-140666.3
C006,2025-07-01,18747.98,36592.85,930740.47,912895.6,-17844.87,1,0,4,0.106298,-111771.58
C006,2025-07-02,13753.46,13528.19,912895.6,913120.87,225.27,2,0,5,0.08862,-131137.76
C006,2025-07-03,14895.8,10860.54,913120.87,917156.13,4035.26,3,0,6,0.073878,-130552.87
C006,2025-07-04,11651.44,4380.29,917156.13,924427.28,7271.15,4,1,7,0.061584,-134182.5
C006,2025-07-05,18367.33,36951.38,924427.28,905843.23,-18584.05,5,1,8,0.051328,-115907.79
C006,2025-07-06,20146.22,12687.92,905843.23,913301.53,7458.3,6,0,9,0.042771,-146794.04
C006,2025-07-07,18820.79,12552.59,913301.53,919569.73,6268.2,0,0,10,0.035627,-148788.88
C006,2025-07-08,17241.79,10922.32,919569.73,925889.2,6319.47,1,0,11,0.029657,-145622.22
C006,2025-07-09,20918.75,13879.52,925889.2,932928.43,7039.23,2,0,12,0.02466,-147420.0
C006,2025-07-10,15669.02,23955.81,932928.43,924641.64,-8286.79,3,0,13,0.020469,-130884.25
C006,2025-07-11,8775.62,4487.11,924641.64,928930.15,4288.51,4,1,14,0.016938,-140262.78
C006,2025-07-12,13001.67,5897.65,928930.15,936034.17,7104.02,5,1,15,0.013943,-144671.61
C006,2025-07-13,17473.9,12952.64,936034.17,940555.43,4521.26,6,0,16,0.011375,-142876.48
C006,2025-07-14,14727.42,14653.41,940555.43,940629.44,74.01,0,0,17,0.009135,-142990.02
C006,2025-07-15,15920.41,33614.0,940629.44,922935.85,-17693.59,1,0,18,0.00713,-116261.24
C006,2025-07-16,19713.57,13575.52,922935.85,929073.9,6138.05,2,0,19,0.005265,-111394.54
C006,2025-07-17,19064.98,9185.94,929073.9,938952.94,9879.04,3,0,20,0.003442,-113844.78
C006,2025-07-18,10948.52,4112.1,938952.94,945789.36,6836.42,4,1,21,0.001547,-115262.91
C006,2025-07-19,12754.47,6129.44,945789.36,952414.39,6625.03,5,1,22,-0.000556,-118219.33
C006,2025-07-20,14771.48,113584.74,952414.39,853601.13,-98813.26,6,0,23,-0.003041,-13953.33
C006,2025-07-21,12420.16,12436.97,853601.13,853584.32,-16.81,0,0,24,-0.006131,-13096.01
C006,2025-07-22,15177.89,9158.54,853584.32,859603.67,6019.35,1,0,25,-0.01013,-15065.58
C006,2025-07-23,14085.93,12164.34,859603.67,861525.26,1921.59,2,0,26,-0.01545,-10788.1
C006,2025-07-24,17878.2,9511.43,861525.26,869892.03,8366.77,3,0,27,-0.022657,-10568.62
C006,2025-07-25,10262.36,4440.51,869892.03,875713.88,5821.85,4,1,28,-0.032532,-9739.22
C006,2025-07-26,12552.07,5540.4,875713.88,882725.55,7011.67,5,1,29,-0.046163,-13766.13
C006,2025-07-27,20262.75,140477.94,882725.55,762510.36,-120215.19,6,0,0,0.219998,116842.79
C006,2025-07-28,21235.01,12585.36,762510.36,771160.01,8649.65,0,0,1,0.183423,-12543.36
C006,2025-07-29,22187.21,9454.32,771160.01,783892.9,12732.89,1,0,2,0.152927,-11739.67
C006,2025-07-30,20594.09,14412.82,783892.9,790074.17,6181.27,2,0,3,0.127501,-6504.06
C006,2025-07-31,22316.15,11266.3,790074.17,801124.02,11049.85,3,0,4,0.106301,-4239.46
C006,2025-08-01,11637.01,30777.92,801124.02,781983.11,-19140.91,4,1,5,0.088625,26742.08
C006,2025-08-02,11783.92,7163.77,781983.11,786603.26,4620.15,5,1,6,0.073885,2000.72
C006,2025-08-03,17123.72,13482.2,786603.26,790244.78,3641.52,6,0,7,0.061593,9245.56
C006,2025-08-04,14768.19,15077.53,790244.78,789935.44,-309.34,0,0,8,0.051341,11018.33
C006,2025-08-05,18635.0,42062.95,789935.44,766507.49,-23427.95,1,0,9,0.042788,45476.98
C006,2025-08-06,18662.43,14389.07,766507.49,770780.85,4273.36,2,0,10,0.03565,23939.86
C006,2025-08-07,19356.88,9870.75,770780.85,780266.98,9486.13,3,0,11,0.02969,27380.32
C006,2025-08-08,10220.75,4979.3,780266.98,785508.43,5241.45,4,1,12,0.024707,27221.82
C006,2025-08-09,15234.31,6985.35,785508.43,793757.39,8248.96,5,1,13,0.020533,19772.03
C006,2025-08-10,20695.29,25785.31,793757.39,788667.37,-5090.02,6,0,14,0.017028,30815.97
C006,2025-08-11,18177.68,15482.49,788667.37,791362.56,2695.19,0,0,15,0.014069,19064.08
C006,2025-08-12,18104.84,11788.45,791362.56,797678.95,6316.39,1,0,16,0.011551,21178.4
C006,2025-08-13,16211.97,16251.5,797678.95,797639.42,-39.53,2,0,17,0.009381,26633.96
C006,2025-08-14,20788.24,11753.05,797639.42,806674.61,9035.19,3,0,18,0.007472,26978.78
C006,2025-08-15,15952.73,4947.98,806674.61,817679.36,11004.75,4,1,19,0.005744,20438.36
C006,2025-08-16,14742.78,7313.98,817679.36,825108.16,7428.8,5,1,20,0.004109,12814.73
C006,2025-08-17,21559.05,16140.76,825108.16,830526.45,5418.29,6,0,21,0.002478,14248.3
C006,2025-08-18,20842.97,17174.36,830526.45,834195.06,3668.61,0,0,22,0.000743,14545.94
C006,2025-08-19,18288.54,12835.8,834195.06,839647.8,5452.74,1,0,23,-0.001226,21102.0
C006,2025-08-20,18862.08,18021.57,839647.8,840488.31,840.51,2,0,24,-0.003599,31473.15
C006,2025-08-21,16037.7,11987.92,840488.31,844538.09,4049.78,3,0,25,-0.006597,41819.98
C006,2025-08-22,11382.32,5183.25,844538.09,850737.16,6199.07,4,1,26,-0.010519,48072.7
C006,2025-08-23,15401.5,6815.25,850737.16,859323.41,8586.25,5,1,27,-0.015774,45336.2
C006,2025-08-24,22730.2,16078.95,859323.41,865974.66,6651.25,6,0,28,-0.022927,49356.63
C006,2025-08-25,18417.94,15433.18,865974.66,868959.42,2984.76,0,0,29,-0.032757,48109.49
C006,2025-08-26,20907.28,10513.55,868959.42,879353.15,10393.73,1,0,30,-0.04635,46799.83
C006,2025-08-27,24834.45,145570.95,879353.15,758616.65,-120736.5,2,0,0,0.219998,173481.25
C006,2025-08-28,23965.9,10429.32,758616.65,772153.23,13536.58,3,0,1,0.183423,43334.23
C006,2025-08-29,16892.06,5475.18,772153.23,783570.11,11416.88,4,1,2,0.152927,38624.61
C006,2025-08-30,21593.27,8278.82,783570.11,796884.56,13314.45,5,1,3,0.127501,30954.73
C006,2025-08-31,25702.88,13862.25,796884.56,808725.19,11840.63,6,0,4,0.106301,38054.58
C006,2025-09-01,23760.02,43881.23,808725.19,788603.98,-20121.21,0,0,5,0.088625,38097.98
C006,2025-09-02,23593.17,12706.81,788603.98,799490.34,10886.36,1,0,6,0.073885,39580.0
C006,2025-09-03,18607.05,17143.62,799490.34,800953.77,1463.43,2,0,7,0.061593,46776.1
C006,2025-09-04,23494.17,12463.47,800953.77,811984.47,11030.7,3,0,8,0.051341,47654.81
C006,2025-09-05,19032.83,36296.59,811984.47,794720.71,-17263.76,4,1,9,0.042788,44192.67
C006,2025-09-06,20814.67,7888.08,794720.71,807647.3,12926.59,5,1,10,0.03565,35009.56
C006,2025-09-07,21740.98,16658.03,807647.3,812730.25,5082.95,6,0,11,0.02969,43458.34
C006,2025-09-08,18825.36,18026.19,812730.25,813529.42,799.17,0,0,12,0.024707,45181.82
C006,2025-09-09,18529.63,12575.71,813529.42,819483.34,5953.92,1,0,13,0.020533,48283.25
C006,2025-09-10,21372.28,30428.98,819483.34,810426.64,-9056.7,2,0,14,0.017028,56732.19
C006,2025-09-11,20630.37,12199.66,810426.64,818857.35,8430.71,3,0,15,0.014069,58335.98
C006,2025-09-12,11173.41,5757.38,818857.35,824273.38,5416.03,4,1,16,0.011551,63239.98
C006,2025-09-13,17239.44,7859.43,824273.38,833653.39,9380.01,5,1,17,0.009381,61579.7
C006,2025-09-14,21467.25,17002.92,833653.39,838117.72,4464.33,6,0,18,0.007472,71228.47
C006,2025-09-15,18574.29,18769.12,838117.72,837922.89,-194.83,0,0,19,0.005744,55051.02
C006,2025-09-16,18868.71,12016.85,837922.89,844774.75,6851.86,1,0,20,0.004109,58892.62
C006,2025-09-17,19419.63,15453.38,844774.75,848741.0,3966.25,2,0,21,0.002478,64542.77
C006,2025-09-18,23372.0,11363.2,848741.0,860749.8,12008.8,3,0,22,0.000743,64267.25
C006,2025-09-19,16896.71,5685.05,860749.8,871961.46,11211.66,4,1,23,-0.001226,65742.33
C006,2025-09-20,21881.05,7484.44,871961.46,886358.07,14396.61,5,1,24,-0.003599,23681.32
C006,2025-09-21,27022.47,14570.68,886358.07,898809.86,12451.79,6,0,25,-0.006597,22929.84
C006,2025-09-22,23160.77,17311.02,898809.86,904659.61,5849.75,0,0,26,-0.010519,24129.43
C006,2025-09-23,22532.26,11860.58,904659.61,915331.29,10671.68,1,0,27,-0.015774,25285.8
C006,2025-09-24,20204.11,18466.49,915331.29,917068.91,1737.62,2,0,28,-0.022927,30253.08
C006,2025-09-25,21296.95,12212.88,917068.91,926152.98,9084.07,3,0,29,-0.032757,30549.92
C006,2025-09-26,11743.49,5798.57,926152.98,932097.9,5944.92,4,1,30,-0.04635,26445.66
C006,2025-09-27,19818.83,136429.27,932097.9,815487.46,-116610.44,5,1,0,0.219997,22675.3
C006,2025-09-28,21587.67,14880.41,815487.46,822194.72,6707.26,6,0,1,0.183421,29113.09
C006,2025-09-29,21595.01,15950.44,822194.72,827839.29,5644.57,0,0,2,0.152926,28852.47
C006,2025-09-30,29738.52,10798.04,827839.29,846779.77,18940.48,1,0,3,0.127499,22705.99
C006,2025-10-01,22846.06,42923.87,846779.77,826701.96,-20077.81,2,0,4,0.106298,54303.58
C006,2025-10-02,24136.81,11768.43,826701.96,839070.34,12368.38,3,0,5,0.08862,29313.03
C006,2025-10-03,14576.59,5917.06,839070.34,847729.87,8659.53,4,1,6,0.073878,33024.67
C006,2025-10-04,19445.88,7536.47,847729.87,859639.28,11909.41,5,1,7,0.061584,27752.95
C006,2025-10-05,25356.39,46082.29,859639.28,838913.38,-20725.9,6,0,8,0.051328,59685.3
C006,2025-10-06,22535.62,18792.14,838913.38,842656.86,3743.48,0,0,9,0.042771,33716.07
C006,2025-10-07,25898.02,12366.29,842656.86,856188.59,13531.73,1,0,10,0.035627,32231.26
C006,2025-10-08,20970.13,18447.48,856188.59,858711.24,2522.65,2,0,11,0.029657,38836.76
C006,2025-10-09,21112.48,12057.13,858711.24,867766.59,9055.35,3,0,12,0.02466,38737.17
C006,2025-10-10,14677.2,15284.96,867766.59,867158.83,-607.76,4,1,13,0.020469,43958.16
C006,2025-10-11,17913.73,7879.23,867158.83,877193.33,10034.5,5,1,14,0.016938,32045.35
C006,2025-10-12,25794.08,15474.05,877193.33,887513.36,10320.03,6,0,15,0.013943,31971.7
C006,2025-10-13,25596.88,17877.15,887513.36,895233.09,7719.73,0,0,16,0.011375,26512.11
C006,2025-10-14,25570.76,11457.66,895233.09,909346.19,14113.1,1,0,17,0.009135,23575.34
C006,2025-10-15,22794.54,39166.82,909346.19,892973.91,-16372.28,2,0,18,0.00713,52062.56
C006,2025-10-16,23158.64,12465.18,892973.91,903667.37,10693.46,3,0,19,0.005265,61028.91
C006,2025-10-17,15171.84,5555.44,903667.37,913283.77,9616.4,4,1,20,0.003442,67597.7
C006,2025-10-18,18902.78,7169.5,913283.77,925017.05,11733.28,5,1,21,0.001547,61541.67
C006,2025-10-19,27329.37,14642.63,925017.05,937703.79,12686.74,6,0,22,-0.000556,56909.94
C006,2025-10-20,25683.82,53348.22,937703.79,910039.39,-27664.4,0,0,23,-0.003041,87510.68
C006,2025-10-21,23710.42,12010.11,910039.39,921739.7,11700.31,1,0,24,-0.006131,89774.27
C006,2025-10-22,25905.92,18856.58,921739.7,928789.04,7049.34,2,0,25,-0.01013,95215.6
C006,2025-10-23,23974.37,12146.32,928789.04,940617.09,11828.05,3,0,26,-0.01545,94415.31
C006,2025-10-24,12694.71,5989.81,940617.09,947321.99,6704.9,4,1,27,-0.022657,102373.22
C006,2025-10-25,17527.43,8146.52,947321.99,956702.9,9380.91,5,1,28,-0.032532,93843.69
C006,2025-10-26,19155.89,17315.23,956702.9,958543.56,1840.66,6,0,29,-0.046163,96556.35
C006,2025-10-27,24392.84,144773.64,958543.56,838162.76,-120380.8,0,0,0,0.219998,218929.0
C006,2025-10-28,25912.38,12767.33,838162.76,851307.81,13145.05,1,0,1,0.183423,90130.25
C006,2025-10-29,22196.44,16812.49,851307.81,856691.76,5383.95,2,0,2,0.152927,97081.03
C006,2025-10-30,24352.8,11558.8,856691.76,869485.76,12794.0,3,0,3,0.127501,98821.34
C006,2025-10-31,16740.8,5221.02,869485.76,881005.54,11519.78,4,1,4,0.106301,99269.31
C006,2025-11-01,20871.3,33493.47,881005.54,868383.37,-12622.17,5,1,5,0.088625,98960.06
C006,2025-11-02,27835.83,15464.66,868383.37,880754.54,12371.17,6,0,6,0.073885,96018.15
C006,2025-11-03,25980.32,19342.63,880754.54,887392.23,6637.69,0,0,7,0.061593,93977.09
C006,2025-11-04,24998.59,13792.14,887392.23,898598.68,11206.45,1,0,8,0.051341,88216.0
C006,2025-11-05,26365.22,48590.97,898598.68,876372.93,-22225.75,2,0,9,0.042788,88518.51
C006,2025-11-06,25035.26,12988.34,876372.93,888419.85,12046.92,3,0,10,0.03565,90234.66
C006,2025-11-07,15177.7,6049.55,888419.85,897548.0,9128.15,4,1,11,0.02969,92254.38
C006,2025-11-08,16756.67,7800.91,897548.0,906503.76,8955.76,5,1,12,0.024707,87703.33
C006,2025-11-09,22069.51,17456.28,906503.76,911116.99,4613.23,6,0,13,0.020533,94077.66
C006,2025-11-10,27767.97,29646.28,911116.99,909238.68,-1878.31,0,0,14,0.017028,93498.32
C006,2025-11-11,22102.09,11855.71,909238.68,919485.06,10246.38,1,0,15,0.014069,98437.61
C006,2025-11-12,20123.42,17863.28,919485.06,921745.2,2260.14,2,0,16,0.011551,104811.3
C006,2025-11-13,23697.06,12520.73,921745.2,932921.53,11176.33,3,0,17,0.009381,102544.43
C006,2025-11-14,17542.41,5427.47,932921.53,945036.47,12114.94,4,1,18,0.007472,96535.74
C006,2025-11-15,26917.92,7258.11,945036.47,964696.28,19659.81,5,1,19,0.005744,81042.75
C006,2025-11-16,32976.64,16791.45,964696.28,980881.47,16185.19,6,0,20,0.004109,81303.12
C006,2025-11-17,26473.84,20796.59,980881.47,986558.72,5677.25,0,0,21,0.002478,82496.06
C006,2025-11-18,21697.22,13642.21,986558.72,994613.73,8055.01,1,0,22,0.000743,88964.23
C006,2025-11-19,22275.11,19338.77,994613.73,997550.07,2936.34,2,0,23,-0.001226,97680.34
C006,2025-11-20,26999.79,13035.89,997550.07,1011513.97,13963.9,3,0,24,-0.003599,96050.66
C006,2025-11-21,18198.62,5707.95,1011513.97,1024004.64,12490.67,4,1,25,-0.006597,95253.21
C006,2025-11-22,19845.0,8817.24,1024004.64,1035032.4,11027.76,5,1,26,-0.010519,94161.07
C006,2025-11-23,31437.86,16775.05,1035032.4,1049695.21,14662.81,6,0,27,-0.015774,86048.55
C006,2025-11-24,21155.86,20304.48,1049695.21,1050546.59,851.38,0,0,28,-0.022927,85373.17
C006,2025-11-25,18671.7,14118.38,1050546.59,1055099.91,4553.32,1,0,29,-0.032757,89030.34
C006,2025-11-26,18139.33,16147.48,1055099.91,1057091.76,1991.85,2,0,30,-0.04635,94661.47
C006,2025-11-27,28436.54,144090.24,1057091.76,941438.06,-115653.7,3,0,0,0.219997,96225.71
C006,2025-11-28,18153.76,5819.03,941438.06,953772.79,12334.73,4,1,1,0.183421,90604.48
C006,2025-11-29,22745.69,8211.38,953772.79,968307.1,14534.31,5,1,2,0.152926,79476.21
C006,2025-11-30,28519.31,16551.56,968307.1,980274.85,11967.75,6,0,3,0.127499,81700.61
C006,2025-12-01,29605.46,42536.88,980274.85,967343.43,-12931.42,0,0,4,0.106298,101056.54
C006,2025-12-02,22158.53,12729.27,967343.43,976772.69,9429.26,1,0,5,0.08862,
C006,2025-12-03,23654.69,19058.06,976772.69,981369.32,4596.63,2,0,6,0.073878,
C006,2025-12-04,19757.29,14311.93,981369.32,986814.68,5445.36,3,0,7,0.061584,
C006,2025-12-05,14454.84,36378.08,986814.68,964891.44,-21923.24,4,1,8,0.051328,
C006,2025-12-06,22190.25,8427.18,964891.44,978654.51,13763.07,5,1,9,0.042771,
C006,2025-12-07,27028.65,15880.78,978654.51,989802.38,11147.87,6,0,10,0.035627,
C006,2025-12-08,23478.83,19074.12,989802.38,994207.09,4404.71,0,0,11,0.029657,
C006,2025-12-09,23701.03,12713.47,994207.09,1005194.65,10987.56,1,0,12,0.02466,
C006,2025-12-10,25945.79,28403.44,1005194.65,1002737.0,-2457.65,2,0,13,0.020469,
C006,2025-12-11,26667.49,11481.82,1002737.0,1017922.67,15185.67,3,0,14,0.016938,
C006,2025-12-12,14770.1,6136.27,1017922.67,1026556.5,8633.83,4,1,15,0.013943,
C006,2025-12-13,16841.84,7932.38,1026556.5,1035465.96,8909.46,5,1,16,0.011375,
C006,2025-12-14,21739.09,15632.84,1035465.96,1041572.21,6106.25,6,0,17,0.009135,
C006,2025-12-15,20882.76,16715.94,1041572.21,1045739.03,4166.82,0,0,18,0.00713,
C006,2025-12-16,28135.42,11689.86,1045739.03,1062184.59,16445.56,1,0,19,0.005265,
C006,2025-12-17,24161.07,17290.88,1062184.59,1069054.78,6870.19,2,0,20,0.003442,
C006,2025-12-18,27063.51,12540.33,1069054.78,1083577.96,14523.18,3,0,21,0.001547,
C006,2025-12-19,17506.42,5853.97,1083577.96,1095230.41,11652.45,4,1,22,-0.000556,
C006,2025-12-20,19578.79,7244.57,1095230.41,1107564.63,12334.22,5,1,23,-0.003041,
C006,2025-12-21,27921.5,16228.28,1107564.63,1119257.85,11693.22,6,0,24,-0.006131,
C006,2025-12-22,26899.3,16963.68,1119257.85,1129193.47,9935.62,0,0,25,-0.01013,
C006,2025-12-23,19478.29,12928.0,1129193.47,1135743.76,6550.29,1,0,26,-0.01545,
C006,2025-12-24,19679.22,19503.22,1135743.76,1135919.76,176.0,2,0,27,-0.022657,
C006,2025-12-25,20349.49,12139.0,1135919.76,1144130.25,8210.49,3,0,28,-0.032532,
C006,2025-12-26,13194.41,5571.43,1144130.25,1151753.23,7622.98,4,1,29,-0.046163,
C006,2025-12-27,20202.04,134291.5,1151753.23,1037663.77,-114089.46,5,1,0,0.219998,
C006,2025-12-28,22657.76,15944.26,1037663.77,1044377.27,6713.5,6,0,1,0.183423,
C006,2025-12-29,20786.2,17380.16,1044377.27,1047783.31,3406.04,0,0,2,0.152927,
C006,2025-12-30,25895.62,11703.47,1047783.31,1061975.46,14192.15,1,0,3,0.127501,
C006,2025-12-31,22585.02,16160.51,1061975.46,1068399.97,6424.51,2,0,4,0.106301,
